# Blender v2.81 (sub 16) OBJ File: 'pompabenzina.blend'
# www.blender.org
mtllib pompabenzina.mtl
o corp_pompa_mare.001_Cube.002
v -1.030484 1.958247 -0.310602
v 1.208517 0.075633 -0.787425
v -1.030484 1.958247 -0.787425
v 1.208517 0.075633 -0.310602
v -1.030484 2.585785 -0.787425
v -1.030484 0.075633 -0.787425
v -1.030484 2.585785 -0.310602
v -1.030484 0.075633 -0.310602
v 0.089017 0.075633 -0.787425
v 0.089017 2.585785 -0.310602
v 0.089017 0.075633 -0.310602
v 0.089017 2.585785 -0.787425
v 1.221173 1.330709 -0.826114
v -1.030484 1.330709 -0.310602
v 1.221173 1.330709 -0.271913
v -1.030484 1.330709 -0.787425
v 0.089017 1.330709 -0.826114
v 0.089017 1.330709 -0.271913
v 0.648767 0.075633 -0.310602
v 0.648767 2.585785 -0.787425
v 0.648767 0.075633 -0.787425
v 0.648767 2.585785 -0.310602
v 0.648767 1.330709 -0.271913
v 0.648767 1.330709 -0.826114
v 0.928642 0.075633 -0.310602
v 0.928642 2.585785 -0.787425
v 0.928642 1.330709 -0.826114
v 0.928642 0.075633 -0.787425
v 0.928642 2.585785 -0.310602
v 0.928642 1.330709 -0.271913
v 0.089017 1.958247 -0.787425
v 0.089017 1.958247 -0.310602
v 0.648767 1.958247 -0.310602
v 0.648767 1.958247 -0.787425
v 0.928642 1.958247 -0.310602
v 0.928642 1.958247 -0.787425
v -1.030484 2.272016 -0.310602
v 0.089017 2.272016 -0.787425
v -1.030484 2.272016 -0.787425
v 0.089017 2.272016 -0.310602
v 0.648767 2.272016 -0.310602
v -0.470733 2.507343 -0.787425
v 0.928642 2.272016 -0.310602
v 0.928642 2.272016 -0.787425
v 0.368892 2.585785 -0.310602
v 0.368892 2.585785 -0.787425
v 0.368892 1.958247 -0.787425
v 0.368892 1.958247 -0.310602
v -0.470733 2.428900 -0.310602
v 0.368892 2.272016 -0.310602
v 0.089017 2.115131 -0.787425
v -1.030484 2.115131 -0.787425
v 0.089017 2.115131 -0.310602
v 0.648767 2.115131 -0.310602
v -0.470733 2.428900 -0.787425
v 0.928642 2.115131 -0.310602
v 0.928642 2.115131 -0.787425
v -1.030484 2.115131 -0.310602
v 0.368892 2.115131 -0.310602
v -0.470733 2.115131 -0.787425
v -1.030484 2.428900 -0.310602
v 0.089017 2.428900 -0.787425
v -1.030484 2.428900 -0.787425
v 0.089017 2.428900 -0.310602
v 0.648767 2.428900 -0.310602
v -0.470733 2.115131 -0.310602
v 0.928642 2.428900 -0.310602
v 0.928642 2.428900 -0.787425
v -0.470733 2.272016 -0.310602
v 0.368892 2.428900 -0.310602
v 0.788705 2.585785 -0.310602
v 0.788705 2.585785 -0.787425
v 0.788705 1.958247 -0.787425
v 0.788705 1.958247 -0.310602
v 0.788705 2.272016 -0.310602
v 0.788705 2.115131 -0.310602
v -0.470733 1.958247 -0.310602
v -0.470733 1.958247 -0.787425
v 0.788705 2.428900 -0.310602
v 0.508830 2.585785 -0.787425
v 0.508830 1.958247 -0.787425
v -0.470733 1.330709 -0.310602
v 0.508830 2.585785 -0.310602
v 0.508830 1.958247 -0.310602
v 0.508830 2.272016 -0.310602
v 0.508830 2.115131 -0.310602
v -0.470733 1.330709 -0.787425
v 0.508830 2.428900 -0.310602
v -0.470733 2.585785 -0.787425
v 0.228954 2.585785 -0.310602
v 0.228954 1.958247 -0.310602
v 0.228954 2.272016 -0.310602
v 0.228954 2.585785 -0.787425
v 0.228954 1.958247 -0.787425
v -0.470733 0.075633 -0.310602
v -0.470733 2.585785 -0.310602
v 0.228954 2.115131 -0.310602
v -0.470733 0.075633 -0.787425
v 0.228954 2.428900 -0.310602
v -1.030484 2.507343 -0.310602
v 0.089017 2.507343 -0.787425
v -1.030484 2.507343 -0.787425
v 0.089017 2.507343 -0.310602
v 0.648767 2.507343 -0.310602
v 0.648767 2.507343 -0.787425
v 0.928642 2.507343 -0.310602
v 0.928642 2.507343 -0.787425
v 0.368892 2.507343 -0.787425
v 0.368892 2.507343 -0.310602
v 0.788705 2.507343 -0.787425
v 0.788705 2.507343 -0.310602
v 0.508830 2.507343 -0.310602
v 0.508830 2.507343 -0.787425
v 0.228954 2.507343 -0.787425
v 0.228954 2.507343 -0.310602
v 0.089017 2.036689 -0.787425
v -1.030484 2.036689 -0.787425
v 0.089017 2.036689 -0.310602
v 0.648767 2.036689 -0.310602
v 0.648767 2.036689 -0.787425
v 0.928642 2.036689 -0.310602
v 0.928642 2.036689 -0.787425
v 0.368892 2.036689 -0.310602
v 0.368892 2.036689 -0.787425
v -1.030484 2.036689 -0.310602
v 0.788705 2.036689 -0.787425
v 0.788705 2.036689 -0.310602
v 0.508830 2.036689 -0.787425
v 0.508830 2.036689 -0.310602
v 0.228954 2.036689 -0.310602
v 0.228954 2.036689 -0.787425
v 0.858674 2.585785 -0.787425
v 0.858674 1.958247 -0.787425
v 0.858674 2.272016 -0.787425
v 0.858674 2.115131 -0.787425
v 0.858674 2.428900 -0.787425
v 0.858674 2.585785 -0.310602
v 0.858674 1.958247 -0.310602
v 0.858674 2.272016 -0.310602
v 0.858674 2.115131 -0.310602
v 0.858674 2.428900 -0.310602
v 0.858674 2.507343 -0.310602
v 0.858674 2.507343 -0.787425
v 0.858674 2.036689 -0.310602
v 0.858674 2.036689 -0.787425
v 0.158986 2.585785 -0.310602
v 0.158986 1.958247 -0.310602
v 0.158986 2.272016 -0.310602
v 0.158986 2.115131 -0.310602
v 0.158986 2.428900 -0.310602
v 0.158986 2.585785 -0.787425
v 0.158986 1.958247 -0.787425
v 0.158986 2.272016 -0.787425
v 0.158986 2.115131 -0.787425
v 0.158986 2.428900 -0.787425
v 0.158986 2.507343 -0.787425
v 0.158986 2.507343 -0.310602
v 0.158986 2.036689 -0.787425
v 0.158986 2.036689 -0.310602
v 0.648767 2.272016 -0.759814
v 0.368892 2.272016 -0.759814
v 0.648767 2.115131 -0.759814
v 0.368892 2.115131 -0.759814
v 0.648767 2.428900 -0.759814
v 0.368892 2.428900 -0.759814
v 0.788705 2.272016 -0.759814
v 0.788705 2.115131 -0.759814
v 0.788705 2.428900 -0.759814
v 0.508830 2.272016 -0.759814
v 0.508830 2.115131 -0.759814
v 0.508830 2.428900 -0.759814
v 0.228954 2.272016 -0.759814
v 0.228954 2.115131 -0.759814
v 0.228954 2.428900 -0.759814
v 0.648767 2.507343 -0.759814
v 0.368892 2.507343 -0.759814
v 0.788705 2.507343 -0.759814
v 0.508830 2.507343 -0.759814
v 0.228954 2.507343 -0.759814
v 0.648767 2.036689 -0.759814
v 0.368892 2.036689 -0.759814
v 0.788705 2.036689 -0.759814
v 0.508830 2.036689 -0.759814
v 0.228954 2.036689 -0.759814
v 0.858674 2.272016 -0.759814
v 0.858674 2.115131 -0.759814
v 0.858674 2.428900 -0.759814
v 0.858674 2.507343 -0.759814
v 0.858674 2.036689 -0.759814
v 0.158986 2.272016 -0.759814
v 0.158986 2.115131 -0.759814
v 0.158986 2.428900 -0.759814
v 0.158986 2.507343 -0.759814
v 0.158986 2.036689 -0.759814
v -0.470733 2.507343 -0.310602
v -0.470733 2.036689 -0.787425
v -0.470733 2.036689 -0.310602
v -0.190858 0.075633 -0.310602
v -0.190858 2.585785 -0.787425
v -0.190858 1.330709 -0.787425
v -0.190858 1.958247 -0.787425
v -0.190858 2.036689 -0.310602
v -0.190858 2.272016 -0.787425
v -0.190858 2.507343 -0.310602
v -0.190858 2.428900 -0.310602
v -0.190858 2.115131 -0.787425
v -0.190858 2.115131 -0.310602
v -0.190858 2.272016 -0.310602
v -0.190858 1.958247 -0.310602
v -0.190858 2.428900 -0.787425
v -0.190858 1.330709 -0.310602
v -0.190858 2.585785 -0.310602
v -0.190858 0.075633 -0.787425
v -0.190858 2.507343 -0.787425
v -0.190858 2.036689 -0.787425
v -0.750608 0.075633 -0.787425
v -0.750608 2.585785 -0.310602
v -0.750608 1.330709 -0.310602
v -0.750608 1.958247 -0.310602
v -0.750608 2.036689 -0.787425
v -0.750608 2.272016 -0.310602
v -0.750608 2.507343 -0.787425
v -0.750608 2.428900 -0.787425
v -0.750608 2.115131 -0.787425
v -0.750608 2.115131 -0.310602
v -0.750608 2.272016 -0.787425
v -0.750608 1.958247 -0.787425
v -0.750608 2.428900 -0.310602
v -0.750608 1.330709 -0.787425
v -0.750608 2.585785 -0.787425
v -0.750608 0.075633 -0.310602
v -0.750608 2.507343 -0.310602
v -0.750608 2.036689 -0.310602
v -0.050921 0.075633 -0.310602
v -0.050921 2.585785 -0.787425
v -0.050921 1.330709 -0.787425
v -0.050921 1.958247 -0.787425
v -0.050921 2.272016 -0.787425
v -0.050921 2.115131 -0.787425
v -0.050921 2.428900 -0.787425
v -0.050921 2.507343 -0.787425
v -0.050921 2.036689 -0.787425
v -0.050921 2.036689 -0.310602
v -0.050921 2.507343 -0.310602
v -0.050921 2.428900 -0.310602
v -0.050921 2.115131 -0.310602
v -0.050921 2.272016 -0.310602
v -0.050921 1.958247 -0.310602
v -0.050921 1.330709 -0.310602
v -0.050921 2.585785 -0.310602
v -0.050921 0.075633 -0.787425
v -0.890546 0.075633 -0.787425
v -0.890546 2.585785 -0.310602
v -0.890546 1.330709 -0.310602
v -0.890546 1.958247 -0.310602
v -0.890546 2.272016 -0.310602
v -0.890546 2.115131 -0.310602
v -0.890546 2.428900 -0.310602
v -0.890546 2.507343 -0.310602
v -0.890546 2.036689 -0.310602
v -0.890546 2.036689 -0.787425
v -0.890546 2.507343 -0.787425
v -0.890546 2.428900 -0.787425
v -0.890546 2.115131 -0.787425
v -0.890546 2.272016 -0.787425
v -0.890546 1.958247 -0.787425
v -0.890546 1.330709 -0.787425
v -0.890546 2.585785 -0.787425
v -0.890546 0.075633 -0.310602
v 1.208517 0.703171 -0.787425
v 1.208517 0.703171 -0.310602
v -1.030484 0.703171 -0.787425
v 0.089017 0.703171 -0.787425
v 0.089017 0.703171 -0.310602
v -1.030484 0.703171 -0.310602
v 0.648767 0.703171 -0.310602
v 0.928642 0.703171 -0.310602
v -0.470733 0.703171 -0.310602
v -0.750608 1.173824 -0.658896
v -0.190858 0.703171 -0.310602
v -0.190858 0.703171 -0.787425
v -0.750608 0.703171 -0.787425
v -0.750608 0.703171 -0.310602
v -0.050921 0.703171 -0.310602
v -0.050921 0.703171 -0.787425
v -0.890546 0.703171 -0.787425
v -0.890546 0.703171 -0.310602
v -1.030484 1.016940 -0.310602
v 1.211946 1.016940 -0.787425
v 1.211946 1.016940 -0.310602
v -1.030484 1.016940 -0.787425
v 0.089017 1.016940 -0.787425
v 0.089017 1.016940 -0.310602
v 0.648767 1.016940 -0.310602
v 0.928642 1.016940 -0.310602
v -0.470733 1.016940 -0.310602
v -0.890546 1.016940 -0.658896
v -0.190858 1.016940 -0.310602
v -0.190858 1.016940 -0.787425
v -0.750608 1.016940 -0.787425
v -0.750608 1.016940 -0.310602
v -0.050921 1.016940 -0.310602
v -0.050921 1.016940 -0.787425
v -0.890546 1.016940 -0.787425
v -0.890546 1.016940 -0.310602
v -1.030484 1.173824 -0.310602
v 1.221173 1.173824 -0.787425
v 1.221173 1.173824 -0.310602
v -1.030484 1.173824 -0.787425
v 0.089017 1.173824 -0.787425
v 0.089017 1.173824 -0.310602
v 0.648767 1.173824 -0.787425
v 0.648767 1.173824 -0.310602
v 0.928642 1.173824 -0.310602
v 0.928642 1.173824 -0.787425
v -0.470733 1.173824 -0.310602
v -0.750608 1.016940 -0.658896
v -0.190858 1.173824 -0.310602
v -0.190858 1.173824 -0.787425
v -0.750608 1.173824 -0.787425
v -0.750608 1.173824 -0.310602
v -0.050921 1.173824 -0.310602
v -0.050921 1.173824 -0.787425
v -0.890546 1.173824 -0.787425
v -0.890546 1.173824 -0.310602
v -1.030484 1.252267 -0.310602
v 1.221173 1.252267 -0.826114
v 1.221173 1.252267 -0.271913
v -1.030484 1.252267 -0.787425
v 0.089017 1.252267 -0.826114
v 0.089017 1.252267 -0.271913
v 0.648767 1.252267 -0.826114
v 0.648767 1.252267 -0.271913
v 0.928642 1.252267 -0.271913
v 0.928642 1.252267 -0.826114
v -0.470733 1.252267 -0.310602
v -0.470733 1.252267 -0.787425
v -0.190858 1.252267 -0.310602
v -0.190858 1.252267 -0.787425
v -0.750608 1.252267 -0.787425
v -0.750608 1.252267 -0.310602
v -0.050921 1.252267 -0.310602
v -0.050921 1.252267 -0.787425
v -0.890546 1.252267 -0.787425
v -0.890546 1.252267 -0.310602
v -0.190858 1.330709 -0.694196
v -0.190858 1.958247 -0.694196
v -0.050921 1.330709 -0.694196
v -0.050921 1.958247 -0.694196
v -0.750608 1.958247 -0.653885
v -0.750608 1.330709 -0.653885
v -0.890546 1.958247 -0.653885
v -0.890546 1.330709 -0.653885
v -0.750608 1.958247 -0.689034
v -0.750608 1.330709 -0.689034
v -0.890546 1.958247 -0.689034
v -0.890546 1.330709 -0.689034
v -0.330796 2.036689 -0.310602
v -0.330796 2.507343 -0.310602
v -0.330796 2.428900 -0.310602
v -0.330796 2.115131 -0.310602
v -0.330796 2.272016 -0.310602
v -0.330796 1.958247 -0.310602
v -0.330796 1.330709 -0.310602
v -0.330796 2.585785 -0.310602
v -0.330796 0.075633 -0.787425
v -0.330796 0.075633 -0.310602
v -0.330796 2.585785 -0.787425
v -0.330796 1.330709 -0.787425
v -0.330796 1.958247 -0.787425
v -0.330796 2.272016 -0.787425
v -0.330796 2.115131 -0.787425
v -0.330796 2.428900 -0.787425
v -0.330796 2.507343 -0.787425
v -0.330796 2.036689 -0.787425
v -0.330796 0.703171 -0.787425
v -0.330796 0.703171 -0.310602
v -0.330796 1.016940 -0.787425
v -0.330796 1.016940 -0.310602
v -0.330796 1.173824 -0.787425
v -0.330796 1.173824 -0.310602
v -0.330796 1.252267 -0.787425
v -0.330796 1.252267 -0.310602
v -0.610671 2.036689 -0.787425
v -0.610671 2.507343 -0.787425
v -0.610671 2.428900 -0.787425
v -0.610671 2.115131 -0.787425
v -0.610671 2.272016 -0.787425
v -0.610671 1.958247 -0.787425
v -0.610671 1.330709 -0.787425
v -0.610671 2.585785 -0.787425
v -0.610671 0.075633 -0.310602
v -0.610671 0.075633 -0.787425
v -0.610671 2.585785 -0.310602
v -0.610671 1.330709 -0.310602
v -0.610671 1.958247 -0.310602
v -0.610671 2.272016 -0.310602
v -0.610671 2.115131 -0.310602
v -0.610671 2.428900 -0.310602
v -0.610671 2.507343 -0.310602
v -0.610671 2.036689 -0.310602
v -0.610671 0.703171 -0.310602
v -0.610671 0.703171 -0.787425
v -0.610671 1.016940 -0.310602
v -0.610671 1.016940 -0.787425
v -0.610671 1.173824 -0.310602
v -0.610671 1.173824 -0.787425
v -0.610671 1.252267 -0.310602
v -0.610671 1.252267 -0.787425
v -0.540702 2.036689 -0.787425
v -0.540702 2.507343 -0.787425
v -0.540702 2.428900 -0.787425
v -0.540702 2.115131 -0.787425
v -0.540702 2.272016 -0.787425
v -0.540702 1.958247 -0.787425
v -0.540702 1.330709 -0.787425
v -0.540702 2.585785 -0.787425
v -0.540702 0.075633 -0.310602
v -0.540702 0.703171 -0.787425
v -0.540702 1.016940 -0.787425
v -0.540702 1.173824 -0.787425
v -0.540702 1.252267 -0.787425
v -0.540702 0.075633 -0.787425
v -0.540702 2.585785 -0.310602
v -0.540702 1.330709 -0.310602
v -0.540702 1.958247 -0.310602
v -0.540702 2.272016 -0.310602
v -0.540702 2.115131 -0.310602
v -0.540702 2.428900 -0.310602
v -0.540702 2.507343 -0.310602
v -0.540702 2.036689 -0.310602
v -0.540702 0.703171 -0.310602
v -0.540702 1.016940 -0.310602
v -0.540702 1.173824 -0.310602
v -0.540702 1.252267 -0.310602
v -0.400765 2.036689 -0.310602
v -0.400765 2.507343 -0.310602
v -0.400765 2.428900 -0.310602
v -0.400765 2.115131 -0.310602
v -0.400765 2.272016 -0.310602
v -0.400765 1.958247 -0.310602
v -0.400765 1.330709 -0.310602
v -0.400765 2.585785 -0.310602
v -0.400765 0.075633 -0.787425
v -0.400765 0.703171 -0.310602
v -0.400765 1.016940 -0.310602
v -0.400765 1.173824 -0.310602
v -0.400765 1.252267 -0.310602
v -0.400765 0.075633 -0.310602
v -0.400765 2.585785 -0.787425
v -0.400765 1.330709 -0.787425
v -0.400765 1.958247 -0.787425
v -0.400765 2.272016 -0.787425
v -0.400765 2.115131 -0.787425
v -0.400765 2.428900 -0.787425
v -0.400765 2.507343 -0.787425
v -0.400765 2.036689 -0.787425
v -0.400765 0.703171 -0.787425
v -0.400765 1.016940 -0.787425
v -0.400765 1.173824 -0.787425
v -0.400765 1.252267 -0.787425
v -0.470733 1.958247 -0.699089
v -0.470733 1.330709 -0.699089
v -0.540702 1.958247 -0.699089
v -0.540702 1.330709 -0.699089
v -0.400765 1.330709 -0.699089
v -0.400765 1.958247 -0.699089
v 1.208517 0.389402 -0.787425
v 1.208517 0.389402 -0.310602
v -1.030484 0.389402 -0.787425
v 0.089017 0.389402 -0.787425
v 0.089017 0.389402 -0.310602
v 0.648767 0.389402 -0.310602
v 0.928642 0.389402 -0.310602
v -0.470733 0.389402 -0.310602
v -0.890546 0.703171 -0.658896
v -0.190858 0.389402 -0.310602
v -0.190858 0.389402 -0.787425
v -0.750608 0.389402 -0.787425
v -0.750608 0.389402 -0.310602
v -0.050921 0.389402 -0.310602
v -0.050921 0.389402 -0.787425
v -0.890546 0.389402 -0.787425
v -0.890546 0.389402 -0.310602
v -1.030484 0.389402 -0.310602
v -0.330796 0.389402 -0.310602
v -0.330796 0.389402 -0.787425
v -0.610671 0.389402 -0.787425
v -0.610671 0.389402 -0.310602
v -0.540702 0.389402 -0.310602
v -0.540702 0.389402 -0.787425
v -0.400765 0.389402 -0.787425
v -0.400765 0.389402 -0.310602
v 1.208517 0.232517 -0.787425
v 1.208517 0.232517 -0.310602
v -1.030484 0.232517 -0.787425
v 0.089017 0.232517 -0.787425
v 0.089017 0.232517 -0.310602
v 0.648767 0.232517 -0.310602
v 0.928642 0.232517 -0.310602
v -0.470733 0.232517 -0.310602
v -0.750608 0.703171 -0.658896
v -0.190858 0.232517 -0.310602
v -0.190858 0.232517 -0.787425
v -0.750608 0.232517 -0.787425
v -0.750608 0.232517 -0.310602
v -0.050921 0.232517 -0.310602
v -0.050921 0.232517 -0.787425
v -0.890546 0.232517 -0.787425
v -0.890546 0.232517 -0.310602
v -0.330796 0.232517 -0.310602
v -0.330796 0.232517 -0.787425
v -0.610671 0.232517 -0.787425
v -0.610671 0.232517 -0.310602
v -0.540702 0.232517 -0.310602
v -0.540702 0.232517 -0.787425
v -0.400765 0.232517 -0.787425
v -0.400765 0.232517 -0.310602
v -1.030484 0.232517 -0.310602
v 1.208517 0.154075 -0.787425
v 1.208517 0.154075 -0.310602
v -1.030484 0.154075 -0.787425
v 0.089017 0.154075 -0.787425
v 0.089017 0.154075 -0.310602
v 0.648767 0.154075 -0.787425
v 0.648767 0.154075 -0.310602
v 0.928642 0.154075 -0.310602
v 0.928642 0.154075 -0.787425
v -0.470733 0.154075 -0.310602
v -0.470733 0.154075 -0.787425
v -0.190858 0.154075 -0.310602
v -0.190858 0.154075 -0.787425
v -0.750608 0.154075 -0.787425
v -0.750608 0.154075 -0.310602
v -0.050921 0.154075 -0.310602
v -0.050921 0.154075 -0.787425
v -0.890546 0.154075 -0.787425
v -0.890546 0.154075 -0.310602
v -0.330796 0.154075 -0.310602
v -0.330796 0.154075 -0.787425
v -0.610671 0.154075 -0.787425
v -0.610671 0.154075 -0.310602
v -0.540702 0.154075 -0.310602
v -0.540702 0.154075 -0.787425
v -0.400765 0.154075 -0.787425
v -0.400765 0.154075 -0.310602
v -1.030484 0.154075 -0.310602
v -0.190858 0.703171 -0.647002
v -0.050921 0.703171 -0.647002
v -0.190858 1.016940 -0.647002
v -0.050921 1.016940 -0.647002
v -0.190858 1.173824 -0.647002
v -0.050921 1.173824 -0.647002
v -0.190858 1.252267 -0.647002
v -0.050921 1.252267 -0.647002
v -0.190858 0.389402 -0.647002
v -0.050921 0.389402 -0.647002
v -0.190858 0.232517 -0.647002
v -0.050921 0.232517 -0.647002
v -0.190858 0.154075 -0.647002
v -0.050921 0.154075 -0.647002
v -0.470733 0.703171 -0.659957
v -0.470733 1.016940 -0.659957
v -0.470733 1.173824 -0.659957
v -0.470733 1.252267 -0.659957
v -0.540702 0.703171 -0.659957
v -0.540702 1.016940 -0.659957
v -0.540702 1.173824 -0.659957
v -0.540702 1.252267 -0.659957
v -0.400765 0.703171 -0.659957
v -0.400765 1.016940 -0.659957
v -0.400765 1.173824 -0.659957
v -0.400765 1.252267 -0.659957
v -0.470733 0.389402 -0.659957
v -0.540702 0.389402 -0.659957
v -0.400765 0.389402 -0.659957
v -0.470733 0.232517 -0.659957
v -0.540702 0.232517 -0.659957
v -0.400765 0.232517 -0.659957
v -0.470733 0.154075 -0.659957
v -0.540702 0.154075 -0.659957
v -0.400765 0.154075 -0.659957
v -0.890546 1.173824 -0.658896
v -0.750608 1.252267 -0.658896
v -0.890546 1.252267 -0.658896
v -0.750608 0.389402 -0.658896
v -0.890546 0.389402 -0.658896
v -0.750608 0.232517 -0.658896
v -0.890546 0.232517 -0.658896
v -0.750608 0.154075 -0.658896
v -0.890546 0.154075 -0.658896
v 0.089017 0.090179 -0.787425
v 0.042505 0.090179 -0.782844
v -0.002219 0.090179 -0.769277
v -0.043438 0.090179 -0.747246
v -0.079566 0.090179 -0.717596
v -0.109215 0.090179 -0.681468
v -0.131247 0.090179 -0.640250
v -0.144814 0.090179 -0.595525
v -0.149395 0.090179 -0.549014
v -0.144814 0.090179 -0.502502
v -0.131247 0.090179 -0.457777
v -0.109215 0.090179 -0.416559
v -0.079566 0.090179 -0.380431
v -0.043438 0.090179 -0.350781
v -0.002219 0.090179 -0.328750
v 0.042505 0.090179 -0.315183
v 0.089017 0.090179 -0.310602
v 0.135529 0.090179 -0.315183
v 0.180253 0.090179 -0.328750
v 0.221472 0.090179 -0.350782
v 0.257600 0.090179 -0.380431
v 0.287249 0.090179 -0.416559
v 0.309281 0.090179 -0.457778
v 0.322848 0.090179 -0.502502
v 0.327429 0.090179 -0.549014
v 0.322848 0.090179 -0.595526
v 0.309281 0.090179 -0.640250
v 0.287249 0.090179 -0.681468
v 0.257599 0.090179 -0.717596
v 0.221471 0.090179 -0.747246
v 0.180253 0.090179 -0.769277
v 0.135528 0.090179 -0.782844
v 0.368892 0.075633 -0.787425
v 0.368892 1.330709 -0.271913
v 0.368892 0.075633 -0.310602
v 0.368892 1.330709 -0.826114
v 0.368892 0.703171 -0.310602
v 0.368892 1.016940 -0.310602
v 0.368892 1.173824 -0.787425
v 0.368892 1.173824 -0.310602
v 0.368892 1.252267 -0.826114
v 0.368892 1.252267 -0.271913
v 0.368892 0.389402 -0.310602
v 0.368892 0.232517 -0.310602
v 0.368892 0.154075 -0.310602
v 0.368892 0.154075 -0.787425
v 0.508830 0.075633 -0.310602
v 0.508830 1.330709 -0.826114
v 0.508830 1.173824 -0.787425
v 0.508830 1.252267 -0.826114
v 0.508830 0.154075 -0.787425
v 0.508830 0.075633 -0.787425
v 0.508830 1.330709 -0.271913
v 0.508830 0.703171 -0.310602
v 0.508830 1.016940 -0.310602
v 0.508830 1.173824 -0.310602
v 0.508830 1.252267 -0.271913
v 0.508830 0.389402 -0.310602
v 0.508830 0.232517 -0.310602
v 0.508830 0.154075 -0.310602
v 1.068580 0.075633 -0.310602
v 1.055964 1.330709 -0.826114
v 1.068580 0.075633 -0.787425
v 1.055964 1.330709 -0.271913
v 1.068580 0.703171 -0.310602
v 1.067486 1.016940 -0.310602
v 1.055964 1.173824 -0.310602
v 1.055964 1.173824 -0.787425
v 1.055964 1.252267 -0.271913
v 1.055964 1.252267 -0.826114
v 1.068580 0.389402 -0.310602
v 1.068580 0.232517 -0.310602
v 1.068580 0.154075 -0.787425
v 1.068580 0.154075 -0.310602
v 0.788705 0.075633 -0.787425
v 0.788705 1.330709 -0.271913
v 0.788705 0.075633 -0.310602
v 0.788705 1.330709 -0.826114
v 0.788705 0.703171 -0.310602
v 0.788705 1.016940 -0.310602
v 0.788705 1.173824 -0.787425
v 0.788705 1.173824 -0.310602
v 0.788705 1.252267 -0.826114
v 0.788705 1.252267 -0.271913
v 0.788705 0.389402 -0.310602
v 0.788705 0.232517 -0.310602
v 0.788705 0.154075 -0.310602
v 0.788705 0.154075 -0.787425
v 0.228954 0.075633 -0.787425
v 0.228954 1.330709 -0.271913
v 0.228954 0.703171 -0.310602
v 0.228954 1.016940 -0.310602
v 0.228954 1.173824 -0.310602
v 0.228954 1.252267 -0.271913
v 0.228954 0.389402 -0.310602
v 0.228954 0.232517 -0.310602
v 0.228954 0.154075 -0.310602
v 0.228954 0.075633 -0.310602
v 0.228954 1.330709 -0.826114
v 0.228954 1.173824 -0.787425
v 0.228954 1.252267 -0.826114
v 0.228954 0.154075 -0.787425
v -1.030484 0.075633 -0.549014
v 1.138549 0.075633 -0.310602
v -1.030484 2.585785 -0.549014
v 0.928642 1.330709 -0.549014
v 1.208517 0.075633 -0.549014
v 0.089017 0.075633 -0.549014
v 0.089017 2.585785 -0.549014
v 1.055964 1.330709 -0.549014
v 1.129501 1.330709 -0.826114
v 1.221173 1.330709 -0.549014
v -1.030484 1.330709 -0.549014
v 0.648767 2.585785 -0.549014
v 0.648767 0.075633 -0.549014
v 0.998611 0.075633 -0.787425
v 0.996855 1.330709 -0.271913
v 0.928642 2.585785 -0.549014
v 0.928642 1.958247 -0.549014
v 0.928642 0.075633 -0.549014
v -1.030484 1.958247 -0.549014
v 0.928642 2.272016 -0.549014
v -1.030484 2.272016 -0.549014
v 0.368892 2.585785 -0.549014
v -1.030484 2.115131 -0.549014
v 0.928642 2.115131 -0.549014
v 0.928642 2.428900 -0.549014
v -1.030484 2.428900 -0.549014
v 0.788705 1.958247 -0.549014
v 0.788705 2.585785 -0.549014
v 0.508830 2.585785 -0.549014
v 0.228954 2.585785 -0.549014
v 0.928642 2.507343 -0.549014
v -1.030484 2.507343 -0.549014
v -1.030484 2.036689 -0.549014
v 0.928642 2.036689 -0.549014
v 0.858674 2.585785 -0.549014
v 0.858674 1.958247 -0.549014
v 0.158986 2.585785 -0.549014
v -0.470733 0.075633 -0.549014
v -0.470733 2.585785 -0.549014
v -0.190858 2.585785 -0.549014
v -0.190858 0.075633 -0.549014
v -0.750608 0.075633 -0.549014
v -0.750608 2.585785 -0.549014
v -0.050921 2.585785 -0.549014
v -0.050921 0.075633 -0.549014
v -0.890546 0.075633 -0.549014
v -0.890546 2.585785 -0.549014
v 0.998611 0.703171 -0.310602
v -1.030484 0.703171 -0.549014
v 1.208517 0.703171 -0.549014
v 0.998611 1.016940 -0.310602
v -1.030484 1.016940 -0.549014
v 1.211946 1.016940 -0.549014
v 0.996855 1.173824 -0.310602
v -1.030484 1.173824 -0.549014
v 1.221173 1.173824 -0.549014
v 1.129501 1.173824 -0.787425
v 0.996855 1.252267 -0.271913
v -1.030484 1.252267 -0.549014
v 1.129501 1.252267 -0.826114
v -0.330796 0.075633 -0.549014
v -0.330796 2.585785 -0.549014
v -0.610671 2.585785 -0.549014
v -0.610671 0.075633 -0.549014
v -0.540702 2.585785 -0.549014
v -0.540702 0.075633 -0.549014
v -0.400765 0.075633 -0.549014
v -0.400765 2.585785 -0.549014
v 1.208517 0.389402 -0.549014
v -1.030484 0.389402 -0.549014
v 0.998611 0.389402 -0.310602
v 0.998611 0.232517 -0.310602
v -1.030484 0.232517 -0.549014
v 1.208517 0.232517 -0.549014
v 1.138549 0.154075 -0.787425
v 1.208517 0.154075 -0.549014
v -1.030484 0.154075 -0.549014
v 0.998611 0.154075 -0.310602
v 0.368892 0.075633 -0.549014
v 0.508830 0.075633 -0.549014
v 0.998611 0.075633 -0.310602
v 0.996855 1.330709 -0.826114
v 1.138549 0.075633 -0.787425
v 1.129501 1.330709 -0.271913
v 1.138549 0.703171 -0.310602
v 1.136615 1.016940 -0.310602
v 1.129501 1.173824 -0.310602
v 0.996855 1.173824 -0.787425
v 1.129501 1.252267 -0.271913
v 0.996855 1.252267 -0.826114
v 1.138549 0.389402 -0.310602
v 1.138549 0.232517 -0.310602
v 0.998611 0.154075 -0.787425
v 1.138549 0.154075 -0.310602
v 1.068580 0.075633 -0.549014
v 0.788705 1.330709 -0.549014
v 0.788705 0.075633 -0.549014
v 0.228954 0.075633 -0.549014
v 0.998611 0.075633 -0.549014
v 1.026130 1.330709 -0.687564
v 1.089874 1.330709 -0.410463
v 1.138549 0.075633 -0.549014
v 0.158986 0.075633 -0.787425
v 0.158986 1.330709 -0.271913
v 0.158986 0.703171 -0.310602
v 0.158986 1.016940 -0.310602
v 0.158986 1.173824 -0.310602
v 0.158986 1.252267 -0.271913
v 0.158986 0.389402 -0.310602
v 0.158986 0.232517 -0.310602
v 0.158986 0.154075 -0.310602
v 0.158986 0.075633 -0.310602
v 0.158986 1.330709 -0.826114
v 0.158986 1.173824 -0.787425
v 0.158986 1.252267 -0.826114
v 0.158986 0.154075 -0.787425
v 0.158986 0.075633 -0.549014
v 0.298923 0.075633 -0.310602
v 0.298923 1.330709 -0.826114
v 0.298923 1.173824 -0.787425
v 0.298923 1.252267 -0.826114
v 0.298923 0.154075 -0.787425
v 0.298923 0.075633 -0.787425
v 0.298923 1.330709 -0.271913
v 0.298923 0.703171 -0.310602
v 0.298923 1.016940 -0.310602
v 0.298923 1.173824 -0.310602
v 0.298923 1.252267 -0.271913
v 0.298923 0.389402 -0.310602
v 0.298923 0.232517 -0.310602
v 0.298923 0.154075 -0.310602
v 0.298923 0.075633 -0.549014
v 0.438861 0.075633 -0.787425
v 0.438861 1.330709 -0.271913
v 0.438861 0.703171 -0.310602
v 0.438861 1.016940 -0.310602
v 0.438861 1.173824 -0.310602
v 0.438861 1.252267 -0.271913
v 0.438861 0.389402 -0.310602
v 0.438861 0.232517 -0.310602
v 0.438861 0.154075 -0.310602
v 0.438861 0.075633 -0.310602
v 0.438861 1.330709 -0.826114
v 0.438861 1.173824 -0.787425
v 0.438861 1.252267 -0.826114
v 0.438861 0.154075 -0.787425
v 0.438861 0.075633 -0.549014
v 0.578798 0.075633 -0.310602
v 0.578798 1.330709 -0.826114
v 0.578798 1.173824 -0.787425
v 0.578798 1.252267 -0.826114
v 0.578798 0.154075 -0.787425
v 0.578798 0.075633 -0.787425
v 0.578798 1.330709 -0.271913
v 0.578798 0.703171 -0.310602
v 0.578798 1.016940 -0.310602
v 0.578798 1.173824 -0.310602
v 0.578798 1.252267 -0.271913
v 0.578798 0.389402 -0.310602
v 0.578798 0.232517 -0.310602
v 0.578798 0.154075 -0.310602
v 0.578798 0.075633 -0.549014
v 0.718736 0.075633 -0.787425
v 0.718736 1.330709 -0.271913
v 0.718736 0.703171 -0.310602
v 0.718736 1.016940 -0.310602
v 0.718736 1.173824 -0.310602
v 0.718736 1.252267 -0.271913
v 0.718736 0.389402 -0.310602
v 0.718736 0.232517 -0.310602
v 0.718736 0.154075 -0.310602
v 0.718736 0.075633 -0.310602
v 0.718736 1.330709 -0.826114
v 0.718736 1.173824 -0.787425
v 0.718736 1.252267 -0.826114
v 0.718736 0.154075 -0.787425
v 0.718736 0.075633 -0.549014
v 0.858674 0.075633 -0.310602
v 0.858674 1.330709 -0.826114
v 0.858674 1.173824 -0.787425
v 0.858674 1.252267 -0.826114
v 0.858674 0.154075 -0.787425
v 0.858674 0.075633 -0.787425
v 0.858674 1.330709 -0.271913
v 0.858674 0.703171 -0.310602
v 0.858674 1.016940 -0.310602
v 0.858674 1.173824 -0.310602
v 0.858674 1.252267 -0.271913
v 0.858674 0.389402 -0.310602
v 0.858674 0.232517 -0.310602
v 0.858674 0.154075 -0.310602
v 0.858674 1.330709 -0.549014
v 0.858674 0.075633 -0.549014
v -1.030484 0.075633 -0.429808
v 1.173533 0.075633 -0.310602
v 0.089017 0.075633 -0.429808
v 0.089017 2.585785 -0.429808
v 1.174247 1.330709 -0.826114
v 1.221173 1.330709 -0.410463
v 0.648767 2.585785 -0.429808
v 0.648767 0.075633 -0.429808
v 0.928642 2.585785 -0.429808
v 0.928642 0.075633 -0.429808
v 0.368892 2.585785 -0.429808
v 0.788705 1.958247 -0.429808
v 0.788705 2.585785 -0.429808
v 0.508830 2.585785 -0.429808
v 0.228954 2.585785 -0.429808
v 0.858674 2.585785 -0.429808
v 0.858674 1.958247 -0.429808
v 0.158986 2.585785 -0.429808
v -0.470733 0.075633 -0.429808
v -0.470733 2.585785 -0.429808
v -0.190858 2.585785 -0.429808
v -0.190858 0.075633 -0.429808
v -0.750608 0.075633 -0.429808
v -0.750608 2.585785 -0.429808
v -0.050921 2.585785 -0.429808
v -0.050921 0.075633 -0.429808
v -0.890546 0.075633 -0.429808
v -0.890546 2.585785 -0.429808
v 1.208517 0.703171 -0.429808
v 1.173533 0.703171 -0.787425
v 1.211946 1.016940 -0.429808
v 1.173823 1.016940 -0.787425
v 1.221173 1.173824 -0.429808
v 1.174247 1.173824 -0.787425
v 1.174247 1.252267 -0.826114
v -0.330796 0.075633 -0.429808
v -0.330796 2.585785 -0.429808
v -0.610671 2.585785 -0.429808
v -0.610671 0.075633 -0.429808
v -0.540702 2.585785 -0.429808
v -0.540702 0.075633 -0.429808
v -0.400765 0.075633 -0.429808
v -0.400765 2.585785 -0.429808
v 1.173533 0.389402 -0.787425
v 1.208517 0.389402 -0.429808
v 1.208517 0.232517 -0.429808
v 1.173533 0.232517 -0.787425
v 1.173533 0.154075 -0.787425
v 1.208517 0.154075 -0.429808
v 0.368892 0.075633 -0.429808
v 0.508830 0.075633 -0.429808
v 1.033596 0.075633 -0.310602
v 1.026130 1.330709 -0.826114
v 1.026130 1.173824 -0.787425
v 1.026130 1.252267 -0.826114
v 1.033596 0.154075 -0.787425
v 1.068580 0.075633 -0.429808
v 0.788705 1.330709 -0.410463
v 0.788705 0.075633 -0.429808
v 0.228954 0.075633 -0.429808
v -1.030484 2.585785 -0.429808
v 0.928642 1.330709 -0.410463
v 1.208517 0.075633 -0.429808
v 1.129501 1.330709 -0.687564
v -1.030484 1.330709 -0.429808
v 1.033596 0.075633 -0.787425
v 1.026130 1.330709 -0.271913
v 0.928642 1.958247 -0.429808
v -1.030484 1.958247 -0.429808
v 0.928642 2.272016 -0.429808
v -1.030484 2.272016 -0.429808
v -1.030484 2.115131 -0.429808
v 0.928642 2.115131 -0.429808
v 0.928642 2.428900 -0.429808
v -1.030484 2.428900 -0.429808
v 0.928642 2.507343 -0.429808
v -1.030484 2.507343 -0.429808
v -1.030484 2.036689 -0.429808
v 0.928642 2.036689 -0.429808
v 1.033596 0.703171 -0.310602
v -1.030484 0.703171 -0.429808
v 1.033594 1.016940 -0.310602
v -1.030484 1.016940 -0.429808
v 1.026130 1.173824 -0.310602
v -1.030484 1.173824 -0.429808
v 1.026130 1.252267 -0.271913
v -1.030484 1.252267 -0.429808
v -1.030484 0.389402 -0.429808
v 1.033596 0.389402 -0.310602
v 1.033596 0.232517 -0.310602
v -1.030484 0.232517 -0.429808
v -1.030484 0.154075 -0.429808
v 1.033596 0.154075 -0.310602
v 1.173533 0.075633 -0.787425
v 1.174247 1.330709 -0.271913
v 1.173533 0.703171 -0.310602
v 1.173823 1.016940 -0.310602
v 1.174247 1.173824 -0.310602
v 1.174247 1.252267 -0.271913
v 1.173533 0.389402 -0.310602
v 1.173533 0.232517 -0.310602
v 1.173533 0.154075 -0.310602
v 0.998611 0.075633 -0.429808
v 1.033596 0.075633 -0.549014
v 1.040719 1.330709 -0.618289
v 1.072258 1.330709 -0.756839
v 1.151365 1.330709 -0.479738
v 1.108955 1.330709 -0.341188
v 1.138549 0.075633 -0.429808
v 1.173533 0.075633 -0.549014
v 0.158986 0.075633 -0.429808
v 0.298923 0.075633 -0.429808
v 0.438861 0.075633 -0.429808
v 0.578798 0.075633 -0.429808
v 0.718736 0.075633 -0.429808
v 0.858674 1.330709 -0.410463
v 0.858674 0.075633 -0.429808
v 1.100055 1.330709 -0.722202
v 1.033596 0.075633 -0.429808
v 1.162864 1.330709 -0.375826
v 1.173533 0.075633 -0.429808
v 0.124001 0.075633 -0.787425
v 0.124001 1.330709 -0.271913
v 0.124001 0.703171 -0.310602
v 0.124001 1.016940 -0.310602
v 0.124001 1.173824 -0.310602
v 0.124001 1.252267 -0.271913
v 0.124001 0.389402 -0.310602
v 0.124001 0.232517 -0.310602
v 0.124001 0.154075 -0.310602
v 0.124001 0.075633 -0.549014
v 0.124001 0.075633 -0.310602
v 0.124001 1.330709 -0.826114
v 0.124001 0.703171 -0.787425
v 0.124001 1.016940 -0.787425
v 0.124001 1.173824 -0.787425
v 0.124001 1.252267 -0.826114
v 0.124001 0.389402 -0.787425
v 0.124001 0.232517 -0.787425
v 0.124001 0.154075 -0.787425
v 0.124001 0.075633 -0.429808
v 0.858674 1.173824 -0.787425
v 0.928642 1.173824 -0.787425
v 0.578798 1.173824 -0.787425
v 0.648767 1.173824 -0.787425
v 0.578798 0.154075 -0.787425
v 0.648767 0.154075 -0.787425
v 0.858674 0.154075 -0.787425
v 0.928642 0.154075 -0.787425
v 0.298923 1.173824 -0.787425
v 0.368892 1.173824 -0.787425
v 0.298923 0.154075 -0.787425
v 0.368892 0.154075 -0.787425
v 0.438861 1.173824 -0.787425
v 0.508830 1.173824 -0.787425
v 0.438861 0.154075 -0.787425
v 0.508830 0.154075 -0.787425
v 1.026130 1.173824 -0.787425
v 1.055964 1.173824 -0.787425
v 1.033596 0.154075 -0.787425
v 1.068580 0.154075 -0.787425
v 0.718736 1.173824 -0.787425
v 0.788705 1.173824 -0.787425
v 0.718736 0.154075 -0.787425
v 0.788705 0.154075 -0.787425
v 0.158986 1.173824 -0.787425
v 0.228954 1.173824 -0.787425
v 0.158986 0.154075 -0.787425
v 0.228954 0.154075 -0.787425
v 1.129501 1.173824 -0.787425
v 1.138549 0.154075 -0.787425
v 0.996855 1.173824 -0.787425
v 0.998611 0.154075 -0.787425
v 0.124001 1.173824 -0.787425
v 0.124001 0.154075 -0.787425
v 1.174247 1.173824 -0.787425
v 1.173533 0.154075 -0.787425
v 1.173533 0.232517 -0.787425
v 1.173533 0.389402 -0.787425
v 1.173823 1.016940 -0.787425
v 1.173533 0.703171 -0.787425
v 0.124001 0.703171 -0.787425
v 0.124001 0.389402 -0.787425
v 0.124001 1.016940 -0.787425
v 0.124001 0.232517 -0.787425
v 0.645802 0.713203 -0.784010
v 0.925677 0.713203 -0.784010
v 0.645802 1.026972 -0.784010
v 0.925677 1.026972 -0.784010
v 0.645802 0.399434 -0.784010
v 0.925677 0.399434 -0.784010
v 0.645802 0.242550 -0.784010
v 0.925677 0.242550 -0.784010
v 0.645802 0.164107 -0.784010
v 0.925677 0.164107 -0.784010
v 0.365927 0.713203 -0.784010
v 0.365927 1.026972 -0.784010
v 0.365927 1.183856 -0.784010
v 0.365927 0.399434 -0.784010
v 0.365927 0.242550 -0.784010
v 0.365927 0.164107 -0.784010
v 0.505864 0.713203 -0.784010
v 0.505864 1.026972 -0.784010
v 0.505864 1.183856 -0.784010
v 0.505864 0.399434 -0.784010
v 0.505864 0.242550 -0.784010
v 0.505864 0.164107 -0.784010
v 1.065615 0.713203 -0.784010
v 1.064007 1.026972 -0.784010
v 1.053405 1.183856 -0.784010
v 1.065615 0.399434 -0.784010
v 1.065615 0.242550 -0.784010
v 1.065615 0.164107 -0.784010
v 0.785739 0.713203 -0.784010
v 0.785739 1.026972 -0.784010
v 0.785739 1.183856 -0.784010
v 0.785739 0.399434 -0.784010
v 0.785739 0.242550 -0.784010
v 0.785739 0.164107 -0.784010
v 0.225989 0.713203 -0.784010
v 0.225989 1.026972 -0.784010
v 0.225989 1.183856 -0.784010
v 0.225989 0.399434 -0.784010
v 0.225989 0.242550 -0.784010
v 0.225989 0.164107 -0.784010
v 1.135583 0.713203 -0.784010
v 1.132987 1.026972 -0.784010
v 1.125977 1.183856 -0.784010
v 1.135583 0.399434 -0.784010
v 1.135583 0.242550 -0.784010
v 1.135583 0.164107 -0.784010
v 0.995646 0.713203 -0.784010
v 0.995646 1.026972 -0.784010
v 0.994282 1.183856 -0.784010
v 0.995646 0.399434 -0.784010
v 0.995646 0.242550 -0.784010
v 0.995646 0.164107 -0.784010
v 0.156020 0.713203 -0.784010
v 0.156020 1.026972 -0.784010
v 0.156020 1.183856 -0.784010
v 0.156020 0.399434 -0.784010
v 0.156020 0.242550 -0.784010
v 0.156020 0.164107 -0.784010
v 0.295958 0.713203 -0.784010
v 0.295958 1.026972 -0.784010
v 0.295958 1.183856 -0.784010
v 0.295958 0.399434 -0.784010
v 0.295958 0.242550 -0.784010
v 0.295958 0.164107 -0.784010
v 0.435896 0.713203 -0.784010
v 0.435896 1.026972 -0.784010
v 0.435896 1.183856 -0.784010
v 0.435896 0.399434 -0.784010
v 0.435896 0.242550 -0.784010
v 0.435896 0.164107 -0.784010
v 0.575833 0.713203 -0.784010
v 0.575833 1.026972 -0.784010
v 0.575833 1.183856 -0.784010
v 0.575833 0.399434 -0.784010
v 0.575833 0.242550 -0.784010
v 0.575833 0.164107 -0.784010
v 0.715771 0.713203 -0.784010
v 0.715771 1.026972 -0.784010
v 0.715771 1.183856 -0.784010
v 0.715771 0.399434 -0.784010
v 0.715771 0.242550 -0.784010
v 0.715771 0.164107 -0.784010
v 0.855708 0.713203 -0.784010
v 0.855708 1.026972 -0.784010
v 0.855708 1.183856 -0.784010
v 0.855708 0.399434 -0.784010
v 0.855708 0.242550 -0.784010
v 0.855708 0.164107 -0.784010
v 1.170568 0.713203 -0.784010
v 1.170615 1.026972 -0.784010
v 1.170320 1.183856 -0.784010
v 1.170568 0.399434 -0.784010
v 1.170568 0.242550 -0.784010
v 1.170568 0.164107 -0.784010
v 1.030630 0.713203 -0.784010
v 1.030571 1.026972 -0.784010
v 1.023759 1.183856 -0.784010
v 1.030630 0.399434 -0.784010
v 1.030630 0.242550 -0.784010
v 1.030630 0.164107 -0.784010
v 0.121036 1.183856 -0.784010
v 0.121036 0.164107 -0.784010
v 0.925677 1.183856 -0.784010
v 0.645802 1.183856 -0.784010
v 0.121036 0.713203 -0.784010
v 0.121036 0.399434 -0.784010
v 0.121036 1.026972 -0.784010
v 0.121036 0.242550 -0.784010
v -1.030484 2.585785 -0.668219
v 0.928642 1.330709 -0.687564
v 1.208517 0.075633 -0.668219
v 0.996855 1.330709 -0.410463
v -1.030484 1.330709 -0.668219
v 0.963627 0.075633 -0.787425
v 0.963627 1.330709 -0.271913
v 0.928642 1.958247 -0.668219
v -1.030484 1.958247 -0.668219
v 0.928642 2.272016 -0.668219
v -1.030484 2.272016 -0.668219
v -1.030484 2.115131 -0.668219
v 0.928642 2.115131 -0.668219
v 0.928642 2.428900 -0.668219
v -1.030484 2.428900 -0.668219
v 0.928642 2.507343 -0.668219
v -1.030484 2.507343 -0.668219
v -1.030484 2.036689 -0.668219
v 0.928642 2.036689 -0.668219
v 0.963627 0.703171 -0.310602
v -1.030484 0.703171 -0.668219
v 0.963627 1.016940 -0.310602
v -1.030484 1.016940 -0.668219
v 0.963627 1.173824 -0.310602
v -1.030484 1.173824 -0.668219
v 0.963627 1.252267 -0.271913
v -1.030484 1.252267 -0.668219
v -1.030484 0.389402 -0.668219
v 0.963627 0.389402 -0.310602
v 0.963627 0.232517 -0.310602
v -1.030484 0.232517 -0.668219
v -1.030484 0.154075 -0.668219
v 0.963627 0.154075 -0.310602
v 1.103564 0.075633 -0.787425
v 1.089874 1.330709 -0.271913
v 1.103564 0.703171 -0.310602
v 1.101253 1.016940 -0.310602
v 1.089874 1.173824 -0.310602
v 1.089874 1.252267 -0.271913
v 1.103564 0.389402 -0.310602
v 1.103564 0.232517 -0.310602
v 1.103564 0.154075 -0.310602
v -1.030484 0.075633 -0.668219
v 1.103564 0.075633 -0.310602
v 0.089017 0.075633 -0.668219
v 0.089017 2.585785 -0.668219
v 1.089874 1.330709 -0.826114
v 1.221173 1.330709 -0.687564
v 0.648767 2.585785 -0.668219
v 0.648767 0.075633 -0.668219
v 0.928642 2.585785 -0.668219
v 0.928642 0.075633 -0.668219
v 0.368892 2.585785 -0.668219
v 0.788705 1.958247 -0.668219
v 0.788705 2.585785 -0.668219
v 0.508830 2.585785 -0.668219
v 0.228954 2.585785 -0.668219
v 0.858674 2.585785 -0.668219
v 0.858674 1.958247 -0.668219
v 0.158986 2.585785 -0.668219
v -0.470733 0.075633 -0.668219
v -0.470733 2.585785 -0.668219
v -0.190858 2.585785 -0.668219
v -0.190858 0.075633 -0.668219
v -0.750608 0.075633 -0.668219
v -0.750608 2.585785 -0.668219
v -0.050921 2.585785 -0.668219
v -0.050921 0.075633 -0.668219
v -0.890546 0.075633 -0.668219
v -0.890546 2.585785 -0.668219
v 1.208517 0.703171 -0.668219
v 1.211946 1.016940 -0.668219
v 1.221173 1.173824 -0.668219
v 1.089874 1.173824 -0.787425
v 1.089874 1.252267 -0.826114
v -0.330796 0.075633 -0.668219
v -0.330796 2.585785 -0.668219
v -0.610671 2.585785 -0.668219
v -0.610671 0.075633 -0.668219
v -0.540702 2.585785 -0.668219
v -0.540702 0.075633 -0.668219
v -0.400765 0.075633 -0.668219
v -0.400765 2.585785 -0.668219
v 1.208517 0.389402 -0.668219
v 1.208517 0.232517 -0.668219
v 1.103564 0.154075 -0.787425
v 1.208517 0.154075 -0.668219
v 0.368892 0.075633 -0.668219
v 0.508830 0.075633 -0.668219
v 0.963627 0.075633 -0.310602
v 0.963627 1.330709 -0.826114
v 0.963627 1.173824 -0.787425
v 0.963627 1.252267 -0.826114
v 0.963627 0.154075 -0.787425
v 1.068580 0.075633 -0.668219
v 0.788705 1.330709 -0.687564
v 0.788705 0.075633 -0.668219
v 0.228954 0.075633 -0.668219
v 0.998611 0.075633 -0.668219
v 0.963627 0.075633 -0.549014
v 1.011703 1.330709 -0.756839
v 0.980938 1.330709 -0.618289
v 1.040719 1.330709 -0.341188
v 1.072258 1.330709 -0.479738
v 1.138549 0.075633 -0.668219
v 1.103564 0.075633 -0.549014
v 0.158986 0.075633 -0.668219
v 0.298923 0.075633 -0.668219
v 0.438861 0.075633 -0.668219
v 0.578798 0.075633 -0.668219
v 0.718736 0.075633 -0.668219
v 0.858674 0.075633 -0.668219
v 0.858674 1.330709 -0.687564
v 1.173533 0.075633 -0.668219
v 1.103564 0.075633 -0.429808
v 1.064910 1.330709 -0.306550
v 1.140728 1.330709 -0.583651
v 0.989310 1.330709 -0.514376
v 1.033596 0.075633 -0.668219
v 0.963627 0.075633 -0.429808
v 1.049149 1.330709 -0.791477
v 0.124001 0.075633 -0.668219
v 1.089874 1.173824 -0.787425
v 1.103564 0.154075 -0.787425
v 0.963627 1.173824 -0.787425
v 0.963627 0.154075 -0.787425
v 1.100599 0.713203 -0.784010
v 1.097539 1.026972 -0.784010
v 1.100599 0.399434 -0.784010
v 1.100599 0.242550 -0.784010
v 0.960661 0.713203 -0.784010
v 0.960661 1.026972 -0.784010
v 0.960661 0.399434 -0.784010
v 0.960661 0.242550 -0.784010
v 1.086873 1.183856 -0.784010
v 1.100599 0.164107 -0.784010
v 0.960661 1.183856 -0.784010
v 0.960661 0.164107 -0.784010
v 1.103564 0.075633 -0.668219
v 1.019609 1.330709 -0.375826
v 0.972373 1.330709 -0.722202
v 0.963627 0.075633 -0.668219
v -1.030484 2.585785 -0.727822
v 0.928642 1.330709 -0.756839
v 1.208517 0.075633 -0.727822
v 0.963627 1.330709 -0.341188
v -1.030484 1.330709 -0.727822
v 0.946135 0.075633 -0.787425
v 0.946135 1.330709 -0.271913
v 0.928642 1.958247 -0.727822
v -1.030484 1.958247 -0.727822
v 0.928642 2.272016 -0.727822
v -1.030484 2.272016 -0.727822
v -1.030484 2.115131 -0.727822
v 0.928642 2.115131 -0.727822
v 0.928642 2.428900 -0.727822
v -1.030484 2.428900 -0.727822
v 0.928642 2.507343 -0.727822
v -1.030484 2.507343 -0.727822
v -1.030484 2.036689 -0.727822
v 0.928642 2.036689 -0.727822
v 0.946135 0.703171 -0.310602
v -1.030484 0.703171 -0.727822
v 0.946135 1.016940 -0.310602
v -1.030484 1.016940 -0.727822
v 0.946135 1.173824 -0.310602
v -1.030484 1.173824 -0.727822
v 0.946135 1.252267 -0.271913
v -1.030484 1.252267 -0.727822
v -1.030484 0.389402 -0.727822
v 0.946135 0.389402 -0.310602
v 0.946135 0.232517 -0.310602
v -1.030484 0.232517 -0.727822
v -1.030484 0.154075 -0.727822
v 0.946135 0.154075 -0.310602
v 1.086072 0.075633 -0.787425
v 1.072258 1.330709 -0.271913
v 1.086072 0.703171 -0.310602
v 1.084243 1.016940 -0.310602
v 1.072258 1.173824 -0.310602
v 1.072258 1.252267 -0.271913
v 1.086072 0.389402 -0.310602
v 1.086072 0.232517 -0.310602
v 1.086072 0.154075 -0.310602
v 0.946135 0.075633 -0.549014
v 1.004851 1.330709 -0.791477
v 0.954881 1.330709 -0.583651
v 1.064910 1.330709 -0.514376
v 1.086072 0.075633 -0.549014
v 1.086072 0.075633 -0.429808
v 1.134983 1.330709 -0.635608
v 0.959254 1.330709 -0.462420
v 0.946135 0.075633 -0.429808
v 1.037246 1.330709 -0.808796
v -1.030484 0.075633 -0.727822
v 1.086072 0.075633 -0.310602
v 0.089017 0.075633 -0.727822
v 0.089017 2.585785 -0.727822
v 1.072258 1.330709 -0.826114
v 1.221173 1.330709 -0.756839
v 0.648767 2.585785 -0.727822
v 0.648767 0.075633 -0.727822
v 0.928642 2.585785 -0.727822
v 0.928642 0.075633 -0.727822
v 0.368892 2.585785 -0.727822
v 0.788705 1.958247 -0.727822
v 0.788705 2.585785 -0.727822
v 0.508830 2.585785 -0.727822
v 0.228954 2.585785 -0.727822
v 0.858674 2.585785 -0.727822
v 0.858674 1.958247 -0.727822
v 0.158986 2.585785 -0.727822
v -0.470733 0.075633 -0.727822
v -0.470733 2.585785 -0.727822
v -0.190858 2.585785 -0.727822
v -0.190858 0.075633 -0.727822
v -0.750608 0.075633 -0.727822
v -0.750608 2.585785 -0.727822
v -0.050921 2.585785 -0.727822
v -0.050921 0.075633 -0.727822
v -0.890546 0.075633 -0.727822
v -0.890546 2.585785 -0.727822
v 1.208517 0.703171 -0.727822
v 1.211946 1.016940 -0.727822
v 1.221173 1.173824 -0.727822
v 1.072258 1.173824 -0.787425
v 1.072258 1.252267 -0.826114
v -0.330796 0.075633 -0.727822
v -0.330796 2.585785 -0.727822
v -0.610671 2.585785 -0.727822
v -0.610671 0.075633 -0.727822
v -0.540702 2.585785 -0.727822
v -0.540702 0.075633 -0.727822
v -0.400765 0.075633 -0.727822
v -0.400765 2.585785 -0.727822
v 1.208517 0.389402 -0.727822
v 1.208517 0.232517 -0.727822
v 1.086072 0.154075 -0.787425
v 1.208517 0.154075 -0.727822
v 0.368892 0.075633 -0.727822
v 0.508830 0.075633 -0.727822
v 0.946135 0.075633 -0.310602
v 0.946135 1.330709 -0.826114
v 0.946135 1.173824 -0.787425
v 0.946135 1.252267 -0.826114
v 0.946135 0.154075 -0.787425
v 1.068580 0.075633 -0.727822
v 0.788705 1.330709 -0.756839
v 0.788705 0.075633 -0.727822
v 0.228954 0.075633 -0.727822
v 0.998611 0.075633 -0.727822
v 1.019609 1.330709 -0.306550
v 1.138549 0.075633 -0.727822
v 0.158986 0.075633 -0.727822
v 0.298923 0.075633 -0.727822
v 0.438861 0.075633 -0.727822
v 0.578798 0.075633 -0.727822
v 0.718736 0.075633 -0.727822
v 0.858674 0.075633 -0.727822
v 0.858674 1.330709 -0.756839
v 1.173533 0.075633 -0.727822
v 1.044681 1.330709 -0.289232
v 1.033596 0.075633 -0.727822
v 0.124001 0.075633 -0.727822
v 1.072258 1.173824 -0.787425
v 1.086072 0.154075 -0.787425
v 0.946135 1.173824 -0.787425
v 0.946135 0.154075 -0.787425
v 1.083107 0.713203 -0.784010
v 1.080611 1.026972 -0.784010
v 1.083107 0.399434 -0.784010
v 1.083107 0.242550 -0.784010
v 0.943169 0.713203 -0.784010
v 0.943169 1.026972 -0.784010
v 0.943169 0.399434 -0.784010
v 0.943169 0.242550 -0.784010
v 1.069500 1.183856 -0.784010
v 1.083107 0.164107 -0.784010
v 0.943169 1.183856 -0.784010
v 0.943169 0.164107 -0.784010
v 1.103564 0.075633 -0.727822
v 1.086072 0.075633 -0.668219
v 0.993082 1.330709 -0.323869
v 1.008193 1.330709 -0.393144
v 0.968000 1.330709 -0.774158
v 0.950508 1.330709 -0.704883
v 0.963627 0.075633 -0.727822
v 0.946135 0.075633 -0.668219
v 0.946135 0.075633 -0.727822
v 0.948321 1.330709 -0.765499
v 0.978845 1.330709 -0.332529
v 1.086072 0.075633 -0.727822
v -1.030484 0.075633 -0.370205
v 1.191025 0.075633 -0.310602
v 0.089017 0.075633 -0.370205
v 0.089017 2.585785 -0.370205
v 1.197705 1.330709 -0.826114
v 1.221173 1.330709 -0.341188
v 0.648767 2.585785 -0.370205
v 0.648767 0.075633 -0.370205
v 0.928642 2.585785 -0.370205
v 0.928642 0.075633 -0.370205
v 0.368892 2.585785 -0.370205
v 0.788705 1.958247 -0.370205
v 0.788705 2.585785 -0.370205
v 0.508830 2.585785 -0.370205
v 0.228954 2.585785 -0.370205
v 0.858674 2.585785 -0.370205
v 0.858674 1.958247 -0.370205
v 0.158986 2.585785 -0.370205
v -0.470733 0.075633 -0.370205
v -0.470733 2.585785 -0.370205
v -0.190858 2.585785 -0.370205
v -0.190858 0.075633 -0.370205
v -0.750608 0.075633 -0.370205
v -0.750608 2.585785 -0.370205
v -0.050921 2.585785 -0.370205
v -0.050921 0.075633 -0.370205
v -0.890546 0.075633 -0.370205
v -0.890546 2.585785 -0.370205
v 1.208517 0.703171 -0.370205
v 1.191025 0.703171 -0.787425
v 1.211946 1.016940 -0.370205
v 1.192858 1.016940 -0.787425
v 1.221173 1.173824 -0.370205
v 1.197705 1.173824 -0.787425
v 1.197705 1.252267 -0.826114
v -0.330796 0.075633 -0.370205
v -0.330796 2.585785 -0.370205
v -0.610671 2.585785 -0.370205
v -0.610671 0.075633 -0.370205
v -0.540702 2.585785 -0.370205
v -0.540702 0.075633 -0.370205
v -0.400765 0.075633 -0.370205
v -0.400765 2.585785 -0.370205
v 1.191025 0.389402 -0.787425
v 1.208517 0.389402 -0.370205
v 1.208517 0.232517 -0.370205
v 1.191025 0.232517 -0.787425
v 1.191025 0.154075 -0.787425
v 1.208517 0.154075 -0.370205
v 0.368892 0.075633 -0.370205
v 0.508830 0.075633 -0.370205
v 1.051088 0.075633 -0.310602
v 1.040719 1.330709 -0.826114
v 1.040719 1.173824 -0.787425
v 1.040719 1.252267 -0.826114
v 1.051088 0.154075 -0.787425
v 1.068580 0.075633 -0.370205
v 0.788705 1.330709 -0.341188
v 0.788705 0.075633 -0.370205
v 0.228954 0.075633 -0.370205
v 0.998611 0.075633 -0.370205
v 1.185762 1.330709 -0.514376
v 1.138549 0.075633 -0.370205
v 0.158986 0.075633 -0.370205
v 0.298923 0.075633 -0.370205
v 0.438861 0.075633 -0.370205
v 0.578798 0.075633 -0.370205
v 0.718736 0.075633 -0.370205
v 0.858674 1.330709 -0.341188
v 0.858674 0.075633 -0.370205
v -1.030484 2.585785 -0.370205
v 0.928642 1.330709 -0.341188
v 1.208517 0.075633 -0.370205
v 1.174247 1.330709 -0.756839
v -1.030484 1.330709 -0.370205
v 1.051088 0.075633 -0.787425
v 1.040719 1.330709 -0.271913
v 0.928642 1.958247 -0.370205
v -1.030484 1.958247 -0.370205
v 0.928642 2.272016 -0.370205
v -1.030484 2.272016 -0.370205
v -1.030484 2.115131 -0.370205
v 0.928642 2.115131 -0.370205
v 0.928642 2.428900 -0.370205
v -1.030484 2.428900 -0.370205
v 0.928642 2.507343 -0.370205
v -1.030484 2.507343 -0.370205
v -1.030484 2.036689 -0.370205
v 0.928642 2.036689 -0.370205
v 1.051088 0.703171 -0.310602
v -1.030484 0.703171 -0.370205
v 1.050719 1.016940 -0.310602
v -1.030484 1.016940 -0.370205
v 1.040719 1.173824 -0.310602
v -1.030484 1.173824 -0.370205
v 1.040719 1.252267 -0.271913
v -1.030484 1.252267 -0.370205
v -1.030484 0.389402 -0.370205
v 1.051088 0.389402 -0.310602
v 1.051088 0.232517 -0.310602
v -1.030484 0.232517 -0.370205
v -1.030484 0.154075 -0.370205
v 1.051088 0.154075 -0.310602
v 1.191025 0.075633 -0.787425
v 1.197705 1.330709 -0.271913
v 1.191025 0.703171 -0.310602
v 1.192858 1.016940 -0.310602
v 1.197705 1.173824 -0.310602
v 1.197705 1.252267 -0.271913
v 1.191025 0.389402 -0.310602
v 1.191025 0.232517 -0.310602
v 1.191025 0.154075 -0.310602
v 1.051088 0.075633 -0.549014
v 1.049149 1.330709 -0.583651
v 1.100055 1.330709 -0.791477
v 1.119718 1.330709 -0.306550
v 1.191025 0.075633 -0.549014
v 1.114139 1.330709 -0.704883
v 1.134983 1.330709 -0.774158
v 1.033596 0.075633 -0.370205
v 1.051088 0.075633 -0.429808
v 1.191748 1.330709 -0.393144
v 1.168475 1.330709 -0.323869
v 1.173533 0.075633 -0.370205
v 1.191025 0.075633 -0.429808
v 0.124001 0.075633 -0.370205
v 1.040719 1.173824 -0.787425
v 1.051088 0.154075 -0.787425
v 1.048122 0.713203 -0.784010
v 1.047449 1.026972 -0.784010
v 1.048122 0.399434 -0.784010
v 1.048122 0.242550 -0.784010
v 1.038295 1.183856 -0.784010
v 1.048122 0.164107 -0.784010
v 0.993082 1.330709 -0.462420
v 1.191025 0.075633 -0.668219
v 1.103564 0.075633 -0.370205
v 1.076768 1.330709 -0.289232
v 1.180057 1.330709 -0.635608
v 1.051088 0.075633 -0.668219
v 0.963627 0.075633 -0.370205
v 1.068311 1.330709 -0.808796
v 0.946135 0.075633 -0.370205
v 1.051088 0.075633 -0.727822
v 1.177156 1.330709 -0.696223
v 1.057998 1.330709 -0.280572
v 1.086072 0.075633 -0.370205
v 1.191025 0.075633 -0.727822
v 0.961440 1.330709 -0.401804
v 1.054068 1.330709 -0.817455
v 1.154195 1.330709 -0.765499
v 1.051088 0.075633 -0.370205
v 1.194740 1.330709 -0.332529
v 1.191025 0.075633 -0.370205
v -1.030484 2.585785 -0.489411
v 0.928642 1.330709 -0.479738
v 1.208517 0.075633 -0.489411
v 1.089874 1.330709 -0.618289
v -1.030484 1.330709 -0.489411
v 1.016103 0.075633 -0.787425
v 1.011703 1.330709 -0.271913
v 0.928642 1.958247 -0.489411
v -1.030484 1.958247 -0.489411
v 0.928642 2.272016 -0.489411
v -1.030484 2.272016 -0.489411
v -1.030484 2.115131 -0.489411
v 0.928642 2.115131 -0.489411
v 0.928642 2.428900 -0.489411
v -1.030484 2.428900 -0.489411
v 0.928642 2.507343 -0.489411
v -1.030484 2.507343 -0.489411
v -1.030484 2.036689 -0.489411
v 0.928642 2.036689 -0.489411
v 1.016103 0.703171 -0.310602
v -1.030484 0.703171 -0.489411
v 1.016103 1.016940 -0.310602
v -1.030484 1.016940 -0.489411
v 1.011703 1.173824 -0.310602
v -1.030484 1.173824 -0.489411
v 1.011703 1.252267 -0.271913
v -1.030484 1.252267 -0.489411
v -1.030484 0.389402 -0.489411
v 1.016103 0.389402 -0.310602
v 1.016103 0.232517 -0.310602
v -1.030484 0.232517 -0.489411
v -1.030484 0.154075 -0.489411
v 1.016103 0.154075 -0.310602
v 1.156041 0.075633 -0.787425
v 1.151365 1.330709 -0.271913
v 1.156041 0.703171 -0.310602
v 1.155025 1.016940 -0.310602
v 1.151365 1.173824 -0.310602
v 1.151365 1.252267 -0.271913
v 1.156041 0.389402 -0.310602
v 1.156041 0.232517 -0.310602
v 1.156041 0.154075 -0.310602
v 1.016103 0.075633 -0.549014
v 1.034196 1.330709 -0.652926
v 1.049149 1.330709 -0.722202
v 1.100055 1.330709 -0.375826
v 1.156041 0.075633 -0.549014
v -1.030484 0.075633 -0.489411
v 1.156041 0.075633 -0.310602
v 0.089017 0.075633 -0.489411
v 0.089017 2.585785 -0.489411
v 1.151365 1.330709 -0.826114
v 1.221173 1.330709 -0.479738
v 0.648767 2.585785 -0.489411
v 0.648767 0.075633 -0.489411
v 0.928642 2.585785 -0.489411
v 0.928642 0.075633 -0.489411
v 0.368892 2.585785 -0.489411
v 0.788705 1.958247 -0.489411
v 0.788705 2.585785 -0.489411
v 0.508830 2.585785 -0.489411
v 0.228954 2.585785 -0.489411
v 0.858674 2.585785 -0.489411
v 0.858674 1.958247 -0.489411
v 0.158986 2.585785 -0.489411
v -0.470733 0.075633 -0.489411
v -0.470733 2.585785 -0.489411
v -0.190858 2.585785 -0.489411
v -0.190858 0.075633 -0.489411
v -0.750608 0.075633 -0.489411
v -0.750608 2.585785 -0.489411
v -0.050921 2.585785 -0.489411
v -0.050921 0.075633 -0.489411
v -0.890546 0.075633 -0.489411
v -0.890546 2.585785 -0.489411
v 1.208517 0.703171 -0.489411
v 1.211946 1.016940 -0.489411
v 1.221173 1.173824 -0.489411
v 1.151365 1.173824 -0.787425
v 1.151365 1.252267 -0.826114
v -0.330796 0.075633 -0.489411
v -0.330796 2.585785 -0.489411
v -0.610671 2.585785 -0.489411
v -0.610671 0.075633 -0.489411
v -0.540702 2.585785 -0.489411
v -0.540702 0.075633 -0.489411
v -0.400765 0.075633 -0.489411
v -0.400765 2.585785 -0.489411
v 1.208517 0.389402 -0.489411
v 1.208517 0.232517 -0.489411
v 1.156041 0.154075 -0.787425
v 1.208517 0.154075 -0.489411
v 0.368892 0.075633 -0.489411
v 0.508830 0.075633 -0.489411
v 1.016103 0.075633 -0.310602
v 1.011703 1.330709 -0.826114
v 1.011703 1.173824 -0.787425
v 1.011703 1.252267 -0.826114
v 1.016103 0.154075 -0.787425
v 1.068580 0.075633 -0.489411
v 0.788705 1.330709 -0.479738
v 0.788705 0.075633 -0.489411
v 0.228954 0.075633 -0.489411
v 0.998611 0.075633 -0.489411
v 1.119718 1.330709 -0.445101
v 1.138549 0.075633 -0.489411
v 0.158986 0.075633 -0.489411
v 0.298923 0.075633 -0.489411
v 0.438861 0.075633 -0.489411
v 0.578798 0.075633 -0.489411
v 0.718736 0.075633 -0.489411
v 0.858674 1.330709 -0.479738
v 0.858674 0.075633 -0.489411
v 1.085566 1.330709 -0.739520
v 1.068311 1.330709 -0.670245
v 1.033596 0.075633 -0.489411
v 1.016103 0.075633 -0.429808
v 1.134983 1.330709 -0.358507
v 1.157067 1.330709 -0.427782
v 1.173533 0.075633 -0.489411
v 1.156041 0.075633 -0.429808
v 0.124001 0.075633 -0.489411
v 1.151365 1.173824 -0.787425
v 1.156041 0.154075 -0.787425
v 1.011703 1.173824 -0.787425
v 1.016103 0.154075 -0.787425
v 1.153076 0.713203 -0.784010
v 1.151568 1.026972 -0.784010
v 1.153076 0.399434 -0.784010
v 1.153076 0.242550 -0.784010
v 1.013138 0.713203 -0.784010
v 1.013138 1.026972 -0.784010
v 1.013138 0.399434 -0.784010
v 1.013138 0.242550 -0.784010
v 1.147612 1.183856 -0.784010
v 1.153076 0.164107 -0.784010
v 1.009286 1.183856 -0.784010
v 1.013138 0.164107 -0.784010
v 1.029944 1.330709 -0.774158
v 0.963627 0.075633 -0.489411
v 1.016103 0.075633 -0.668219
v 1.104247 1.330709 -0.531695
v 1.052305 1.330709 -0.323869
v 1.103564 0.075633 -0.489411
v 1.156041 0.075633 -0.668219
v 0.985101 1.330709 -0.566332
v 0.957067 1.330709 -0.523035
v 1.156041 0.075633 -0.727822
v 1.086072 0.075633 -0.489411
v 1.032015 1.330709 -0.297891
v 1.097334 1.330709 -0.574992
v 1.016103 0.075633 -0.727822
v 0.946135 0.075633 -0.489411
v 1.021130 1.330709 -0.800136
v 1.191025 0.075633 -0.489411
v 1.156041 0.075633 -0.370205
v 1.143263 1.330709 -0.315210
v 1.188750 1.330709 -0.453760
v 1.051088 0.075633 -0.489411
v 1.016103 0.075633 -0.370205
v 1.079226 1.330709 -0.644267
v 1.116886 1.330709 -0.782817
v 1.156041 0.075633 -0.489411
v 1.126894 1.330709 -0.401804
v 1.016103 0.075633 -0.489411
v 1.057998 1.330709 -0.696223
v -1.030484 0.075633 -0.608616
v 1.121056 0.075633 -0.310602
v 0.089017 0.075633 -0.608616
v 0.089017 2.585785 -0.608616
v 1.108955 1.330709 -0.826114
v 1.221173 1.330709 -0.618289
v 0.648767 2.585785 -0.608616
v 0.648767 0.075633 -0.608616
v 0.928642 2.585785 -0.608616
v 0.928642 0.075633 -0.608616
v 0.368892 2.585785 -0.608616
v 0.788705 1.958247 -0.608616
v 0.788705 2.585785 -0.608616
v 0.508830 2.585785 -0.608616
v 0.228954 2.585785 -0.608616
v 0.858674 2.585785 -0.608616
v 0.858674 1.958247 -0.608616
v 0.158986 2.585785 -0.608616
v -0.470733 0.075633 -0.608616
v -0.470733 2.585785 -0.608616
v -0.190858 2.585785 -0.608616
v -0.190858 0.075633 -0.608616
v -0.750608 0.075633 -0.608616
v -0.750608 2.585785 -0.608616
v -0.050921 2.585785 -0.608616
v -0.050921 0.075633 -0.608616
v -0.890546 0.075633 -0.608616
v -0.890546 2.585785 -0.608616
v 1.208517 0.703171 -0.608616
v 1.211946 1.016940 -0.608616
v 1.221173 1.173824 -0.608616
v 1.108955 1.173824 -0.787425
v 1.108955 1.252267 -0.826114
v -0.330796 0.075633 -0.608616
v -0.330796 2.585785 -0.608616
v -0.610671 2.585785 -0.608616
v -0.610671 0.075633 -0.608616
v -0.540702 2.585785 -0.608616
v -0.540702 0.075633 -0.608616
v -0.400765 0.075633 -0.608616
v -0.400765 2.585785 -0.608616
v 1.208517 0.389402 -0.608616
v 1.208517 0.232517 -0.608616
v 1.121056 0.154075 -0.787425
v 1.208517 0.154075 -0.608616
v 0.368892 0.075633 -0.608616
v 0.508830 0.075633 -0.608616
v 0.981119 0.075633 -0.310602
v 0.980938 1.330709 -0.826114
v 0.980938 1.173824 -0.787425
v 0.980938 1.252267 -0.826114
v 0.981119 0.154075 -0.787425
v 1.068580 0.075633 -0.608616
v 0.788705 1.330709 -0.618289
v 0.788705 0.075633 -0.608616
v 0.228954 0.075633 -0.608616
v 0.998611 0.075633 -0.608616
v 1.064910 1.330709 -0.375826
v 1.138549 0.075633 -0.608616
v 0.158986 0.075633 -0.608616
v 0.298923 0.075633 -0.608616
v 0.438861 0.075633 -0.608616
v 0.578798 0.075633 -0.608616
v 0.718736 0.075633 -0.608616
v 0.858674 0.075633 -0.608616
v 0.858674 1.330709 -0.618289
v 1.173533 0.075633 -0.608616
v 1.085566 1.330709 -0.323869
v 1.033596 0.075633 -0.608616
v 0.124001 0.075633 -0.608616
v 1.108955 1.173824 -0.787425
v 1.121056 0.154075 -0.787425
v 0.980938 1.173824 -0.787425
v 0.981119 0.154075 -0.787425
v 1.118091 0.713203 -0.784010
v 1.114971 1.026972 -0.784010
v 1.118091 0.399434 -0.784010
v 1.118091 0.242550 -0.784010
v 0.978154 0.713203 -0.784010
v 0.978154 1.026972 -0.784010
v 0.978154 0.399434 -0.784010
v 0.978154 0.242550 -0.784010
v 1.105690 1.183856 -0.784010
v 1.118091 0.164107 -0.784010
v 0.978092 1.183856 -0.784010
v 0.978154 0.164107 -0.784010
v -1.030484 2.585785 -0.608616
v 0.928642 1.330709 -0.618289
v 1.208517 0.075633 -0.608616
v 1.026130 1.330709 -0.479738
v -1.030484 1.330709 -0.608616
v 0.981119 0.075633 -0.787425
v 0.980938 1.330709 -0.271913
v 0.928642 1.958247 -0.608616
v -1.030484 1.958247 -0.608616
v 0.928642 2.272016 -0.608616
v -1.030484 2.272016 -0.608616
v -1.030484 2.115131 -0.608616
v 0.928642 2.115131 -0.608616
v 0.928642 2.428900 -0.608616
v -1.030484 2.428900 -0.608616
v 0.928642 2.507343 -0.608616
v -1.030484 2.507343 -0.608616
v -1.030484 2.036689 -0.608616
v 0.928642 2.036689 -0.608616
v 0.981119 0.703171 -0.310602
v -1.030484 0.703171 -0.608616
v 0.981119 1.016940 -0.310602
v -1.030484 1.016940 -0.608616
v 0.980938 1.173824 -0.310602
v -1.030484 1.173824 -0.608616
v 0.980938 1.252267 -0.271913
v -1.030484 1.252267 -0.608616
v -1.030484 0.389402 -0.608616
v 0.981119 0.389402 -0.310602
v 0.981119 0.232517 -0.310602
v -1.030484 0.232517 -0.608616
v -1.030484 0.154075 -0.608616
v 0.981119 0.154075 -0.310602
v 1.121056 0.075633 -0.787425
v 1.108955 1.330709 -0.271913
v 1.121056 0.703171 -0.310602
v 1.118686 1.016940 -0.310602
v 1.108955 1.173824 -0.310602
v 1.108955 1.252267 -0.271913
v 1.121056 0.389402 -0.310602
v 1.121056 0.232517 -0.310602
v 1.121056 0.154075 -0.310602
v 0.981119 0.075633 -0.549014
v 1.019609 1.330709 -0.722202
v 1.004851 1.330709 -0.652926
v 1.081809 1.330709 -0.445101
v 1.121056 0.075633 -0.549014
v 1.121056 0.075633 -0.429808
v 1.145887 1.330709 -0.531695
v 1.015488 1.330709 -0.566332
v 0.981119 0.075633 -0.429808
v 1.060168 1.330709 -0.774158
v 1.103564 0.075633 -0.608616
v 1.121056 0.075633 -0.668219
v 1.044681 1.330709 -0.427782
v 1.029944 1.330709 -0.358507
v 0.976725 1.330709 -0.670245
v 0.993082 1.330709 -0.739520
v 0.963627 0.075633 -0.608616
v 0.981119 0.075633 -0.668219
v 0.981119 0.075633 -0.727822
v 0.946135 0.075633 -0.608616
v 0.952694 1.330709 -0.644267
v 1.006509 1.330709 -0.315210
v 1.035674 1.330709 -0.453760
v 1.121056 0.075633 -0.727822
v 1.086072 0.075633 -0.608616
v 0.987195 1.330709 -0.782817
v 1.083620 1.330709 -0.800136
v 1.021130 1.330709 -0.523035
v 1.191025 0.075633 -0.608616
v 1.121056 0.075633 -0.370205
v 1.097334 1.330709 -0.297891
v 1.182931 1.330709 -0.574992
v 1.051088 0.075633 -0.608616
v 0.981119 0.075633 -0.370205
v 1.038924 1.330709 -0.748180
v 0.981119 0.075633 -0.489411
v 1.016103 0.075633 -0.608616
v 1.111491 1.330709 -0.488398
v 1.074444 1.330709 -0.349847
v 1.121056 0.075633 -0.489411
v 1.156041 0.075633 -0.608616
v 1.009919 1.330709 -0.609629
v 0.998782 1.330709 -0.696223
v 1.121056 0.075633 -0.608616
v 1.054068 1.330709 -0.401804
v 0.981119 0.075633 -0.608616
v 1.225751 1.330709 -0.826114
v 1.225751 1.330709 -0.271913
v 1.225751 1.173824 -0.787425
v 1.225751 1.173824 -0.310602
v 1.225751 1.252267 -0.826114
v 1.225751 1.252267 -0.271913
v 1.225751 1.330709 -0.549014
v 1.225751 1.173824 -0.549014
v 1.225751 1.252267 -0.549014
v 1.225751 1.330709 -0.410463
v 1.225751 1.173824 -0.429808
v 1.225751 1.252267 -0.410463
v 1.225751 1.330709 -0.687564
v 1.225751 1.173824 -0.668219
v 1.225751 1.252267 -0.687564
v 1.225751 1.330709 -0.756839
v 1.225751 1.173824 -0.727822
v 1.225751 1.252267 -0.756839
v 1.225751 1.330709 -0.341188
v 1.225751 1.173824 -0.370205
v 1.225751 1.252267 -0.341188
v 1.225751 1.330709 -0.479738
v 1.225751 1.173824 -0.489411
v 1.225751 1.252267 -0.479738
v 1.225751 1.330709 -0.618289
v 1.225751 1.173824 -0.608616
v 1.225751 1.252267 -0.618289
v -0.470733 2.428900 -0.802552
v -0.470733 2.115131 -0.802552
v -0.470733 2.272016 -0.802552
v -0.190858 2.272016 -0.802552
v -0.190858 2.115131 -0.802552
v -0.190858 2.428900 -0.802552
v -0.750608 2.428900 -0.802552
v -0.750608 2.115131 -0.802552
v -0.750608 2.272016 -0.802552
v -0.050921 2.272016 -0.802552
v -0.050921 2.115131 -0.802552
v -0.050921 2.428900 -0.802552
v -0.890546 2.428900 -0.802552
v -0.890546 2.115131 -0.802552
v -0.890546 2.272016 -0.802552
v -0.540702 2.428900 -0.802552
v -0.540702 2.115131 -0.802552
v -0.540702 2.272016 -0.802552
v -0.400765 2.272016 -0.802552
v -0.400765 2.115131 -0.802552
v -0.400765 2.428900 -0.802552
v 0.019048 0.075633 -0.310602
v 0.019048 2.585785 -0.787425
v 0.019048 1.330709 -0.806770
v 0.019048 1.958247 -0.787425
v 0.019048 2.272016 -0.787425
v 0.019048 2.115131 -0.787425
v 0.019048 2.428900 -0.787425
v 0.019048 2.507343 -0.787425
v 0.019048 2.036689 -0.787425
v 0.019048 2.036689 -0.310602
v 0.019048 2.507343 -0.310602
v 0.019048 2.428900 -0.310602
v 0.019048 2.115131 -0.310602
v 0.019048 2.272016 -0.310602
v 0.019048 1.958247 -0.310602
v 0.019048 1.330709 -0.291257
v 0.019048 2.585785 -0.310602
v 0.019048 0.075633 -0.787425
v 0.019048 0.703171 -0.310602
v 0.019048 0.703171 -0.787425
v 0.019048 1.016940 -0.310602
v 0.019048 1.016940 -0.787425
v 0.019048 1.173824 -0.310602
v 0.019048 1.173824 -0.787425
v 0.019048 1.252267 -0.291257
v 0.019048 1.252267 -0.806770
v 0.019048 0.389402 -0.787425
v 0.019048 0.389402 -0.310602
v 0.019048 0.232517 -0.310602
v 0.019048 0.232517 -0.787425
v 0.019048 0.154075 -0.787425
v 0.019048 0.154075 -0.310602
v 0.019048 2.585785 -0.549014
v 0.019048 0.075633 -0.549014
v 0.019048 2.585785 -0.429808
v 0.019048 0.075633 -0.429808
v 0.019048 0.075633 -0.668219
v 0.019048 2.585785 -0.668219
v 0.019048 2.585785 -0.727822
v 0.019048 0.075633 -0.727822
v 0.019048 2.585785 -0.370205
v 0.019048 0.075633 -0.370205
v 0.019048 0.075633 -0.489411
v 0.019048 2.585785 -0.489411
v 0.019048 0.075633 -0.608616
v 0.019048 2.585785 -0.608616
v -0.260827 0.075633 -0.310602
v -0.260827 2.585785 -0.787425
v -0.260827 1.330709 -0.787425
v -0.260827 1.958247 -0.787425
v -0.260827 2.272016 -0.787425
v -0.260827 2.115131 -0.787425
v -0.260827 2.428900 -0.787425
v -0.260827 2.507343 -0.787425
v -0.260827 2.036689 -0.787425
v -0.260827 0.703171 -0.787425
v -0.260827 1.016940 -0.787425
v -0.260827 1.173824 -0.787425
v -0.260827 1.252267 -0.787425
v -0.260827 2.036689 -0.310602
v -0.260827 2.507343 -0.310602
v -0.260827 2.428900 -0.310602
v -0.260827 2.115131 -0.310602
v -0.260827 2.272016 -0.310602
v -0.260827 1.958247 -0.310602
v -0.260827 1.330709 -0.310602
v -0.260827 2.585785 -0.310602
v -0.260827 0.075633 -0.787425
v -0.260827 0.703171 -0.310602
v -0.260827 1.016940 -0.310602
v -0.260827 1.173824 -0.310602
v -0.260827 1.252267 -0.310602
v -0.260827 0.389402 -0.310602
v -0.260827 0.389402 -0.787425
v -0.260827 0.232517 -0.787425
v -0.260827 0.232517 -0.310602
v -0.260827 0.154075 -0.310602
v -0.260827 0.154075 -0.787425
v -0.260827 2.585785 -0.549014
v -0.260827 0.075633 -0.549014
v -0.260827 2.585785 -0.429808
v -0.260827 0.075633 -0.429808
v -0.260827 0.075633 -0.668219
v -0.260827 2.585785 -0.668219
v -0.260827 2.585785 -0.727822
v -0.260827 0.075633 -0.727822
v -0.260827 2.585785 -0.370205
v -0.260827 0.075633 -0.370205
v -0.260827 0.075633 -0.489411
v -0.260827 2.585785 -0.489411
v -0.260827 0.075633 -0.608616
v -0.260827 2.585785 -0.608616
v -0.225843 0.075633 -0.310602
v -0.225843 2.585785 -0.787425
v -0.225843 1.330709 -0.787425
v -0.225843 1.958247 -0.787425
v -0.225843 2.272016 -0.787425
v -0.225843 2.115131 -0.787425
v -0.225843 2.428900 -0.787425
v -0.225843 2.507343 -0.787425
v -0.225843 2.036689 -0.787425
v -0.225843 0.703171 -0.787425
v -0.225843 1.016940 -0.787425
v -0.225843 1.173824 -0.787425
v -0.225843 1.252267 -0.787425
v -0.225843 0.389402 -0.787425
v -0.225843 0.232517 -0.787425
v -0.225843 0.154075 -0.787425
v -0.225843 2.585785 -0.549014
v -0.225843 2.585785 -0.429808
v -0.225843 2.585785 -0.668219
v -0.225843 2.585785 -0.727822
v -0.225843 2.585785 -0.370205
v -0.225843 2.585785 -0.489411
v -0.225843 2.585785 -0.608616
v -0.225843 2.036689 -0.310602
v -0.225843 2.507343 -0.310602
v -0.225843 2.428900 -0.310602
v -0.225843 2.115131 -0.310602
v -0.225843 2.272016 -0.310602
v -0.225843 1.958247 -0.310602
v -0.225843 1.330709 -0.310602
v -0.225843 2.585785 -0.310602
v -0.225843 0.075633 -0.787425
v -0.225843 0.703171 -0.310602
v -0.225843 1.016940 -0.310602
v -0.225843 1.173824 -0.310602
v -0.225843 1.252267 -0.310602
v -0.225843 0.389402 -0.310602
v -0.225843 0.232517 -0.310602
v -0.225843 0.154075 -0.310602
v -0.225843 0.075633 -0.549014
v -0.225843 0.075633 -0.429808
v -0.225843 0.075633 -0.668219
v -0.225843 0.075633 -0.727822
v -0.225843 0.075633 -0.370205
v -0.225843 0.075633 -0.489411
v -0.225843 0.075633 -0.608616
v 0.089017 1.997468 -0.787425
v -1.030484 1.997468 -0.787425
v 0.089017 1.997468 -0.310602
v 0.648767 1.997468 -0.310602
v 0.648767 1.997468 -0.787425
v 0.928642 1.997468 -0.310602
v 0.928642 1.997468 -0.787425
v 0.368892 1.997468 -0.310602
v 0.368892 1.997468 -0.787425
v 0.788705 1.997468 -0.787425
v 0.788705 1.997468 -0.310602
v 0.508830 1.997468 -0.787425
v 0.508830 1.997468 -0.310602
v 0.228954 1.997468 -0.310602
v 0.228954 1.997468 -0.787425
v -1.030484 1.997468 -0.310602
v 0.858674 1.997468 -0.787425
v 0.858674 1.997468 -0.310602
v 0.158986 1.997468 -0.310602
v 0.158986 1.997468 -0.787425
v -0.470733 1.997468 -0.310602
v -0.470733 1.997468 -0.787425
v -0.190858 1.997468 -0.787425
v -0.190858 1.997468 -0.310602
v -0.750608 1.997468 -0.310602
v -0.750608 1.997468 -0.787425
v -0.050921 1.997468 -0.310602
v -0.050921 1.997468 -0.787425
v -0.890546 1.997468 -0.787425
v -0.890546 1.997468 -0.310602
v -0.330796 1.997468 -0.787425
v -0.330796 1.997468 -0.310602
v -0.610671 1.997468 -0.310602
v -0.610671 1.997468 -0.787425
v -0.540702 1.997468 -0.310602
v -0.540702 1.997468 -0.787425
v -0.400765 1.997468 -0.787425
v -0.400765 1.997468 -0.310602
v -1.030484 1.997468 -0.549014
v 0.928642 1.997468 -0.549014
v -1.030484 1.997468 -0.429808
v 0.928642 1.997468 -0.429808
v 0.928642 1.997468 -0.668219
v -1.030484 1.997468 -0.668219
v 0.928642 1.997468 -0.727822
v -1.030484 1.997468 -0.727822
v -1.030484 1.997468 -0.370205
v 0.928642 1.997468 -0.370205
v 0.928642 1.997468 -0.489411
v -1.030484 1.997468 -0.489411
v -1.030484 1.997468 -0.608616
v 0.928642 1.997468 -0.608616
v 0.019048 1.997468 -0.310602
v 0.019048 1.997468 -0.787425
v -0.260827 1.997468 -0.310602
v -0.260827 1.997468 -0.787425
v -0.225843 1.997468 -0.310602
v -0.225843 1.997468 -0.787425
v -0.015936 2.036689 -0.310602
v -0.015936 2.507343 -0.310602
v -0.015936 2.428900 -0.310602
v -0.015936 2.115131 -0.310602
v -0.015936 2.272016 -0.310602
v -0.015936 1.958247 -0.310602
v -0.015936 1.330709 -0.300930
v -0.015936 2.585785 -0.310602
v -0.015936 0.075633 -0.787425
v -0.015936 0.703171 -0.310602
v -0.015936 1.016940 -0.310602
v -0.015936 1.173824 -0.310602
v -0.015936 1.252267 -0.300930
v -0.015936 0.389402 -0.310602
v -0.015936 0.232517 -0.310602
v -0.015936 0.154075 -0.310602
v -0.015936 0.075633 -0.549014
v -0.015936 0.075633 -0.429808
v -0.015936 0.075633 -0.668219
v -0.015936 0.075633 -0.727822
v -0.015936 0.075633 -0.370205
v -0.015936 0.075633 -0.489411
v -0.015936 0.075633 -0.608616
v -0.015936 0.075633 -0.310602
v -0.015936 2.585785 -0.787425
v -0.015936 1.330709 -0.797098
v -0.015936 1.958247 -0.787425
v -0.015936 2.272016 -0.787425
v -0.015936 2.115131 -0.787425
v -0.015936 2.428900 -0.787425
v -0.015936 2.507343 -0.787425
v -0.015936 2.036689 -0.787425
v -0.015936 0.703171 -0.787425
v -0.015936 1.016940 -0.787425
v -0.015936 1.173824 -0.787425
v -0.015936 1.252267 -0.797098
v -0.015936 0.389402 -0.787425
v -0.015936 0.232517 -0.787425
v -0.015936 0.154075 -0.787425
v -0.015936 2.585785 -0.549014
v -0.015936 2.585785 -0.429808
v -0.015936 2.585785 -0.668219
v -0.015936 2.585785 -0.727822
v -0.015936 2.585785 -0.370205
v -0.015936 2.585785 -0.489411
v -0.015936 2.585785 -0.608616
v -0.015936 1.997468 -0.787425
v -0.015936 1.997468 -0.310602
v -0.033428 2.036689 -0.310602
v -0.033428 2.507343 -0.310602
v -0.033428 2.428900 -0.310602
v -0.033428 2.115131 -0.310602
v -0.033428 2.272016 -0.310602
v -0.033428 1.958247 -0.310602
v -0.033428 1.330709 -0.305766
v -0.033428 2.585785 -0.310602
v -0.033428 0.075633 -0.787425
v -0.033428 0.703171 -0.310602
v -0.033428 1.016940 -0.310602
v -0.033428 1.173824 -0.310602
v -0.033428 1.252267 -0.305766
v -0.033428 0.389402 -0.310602
v -0.033428 0.232517 -0.310602
v -0.033428 0.154075 -0.310602
v -0.033428 0.075633 -0.549014
v -0.033428 0.075633 -0.429808
v -0.033428 0.075633 -0.668219
v -0.033428 0.075633 -0.727822
v -0.033428 0.075633 -0.370205
v -0.033428 0.075633 -0.489411
v -0.033428 0.075633 -0.608616
v -0.033428 1.997468 -0.310602
v -0.033428 0.075633 -0.310602
v -0.033428 2.585785 -0.787425
v -0.033428 1.330709 -0.792261
v -0.033428 2.272016 -0.787425
v -0.033428 2.115131 -0.787425
v -0.033428 2.428900 -0.787425
v -0.033428 2.507343 -0.787425
v -0.033428 2.036689 -0.787425
v -0.033428 0.703171 -0.787425
v -0.033428 1.016940 -0.787425
v -0.033428 1.173824 -0.787425
v -0.033428 1.252267 -0.792261
v -0.033428 0.389402 -0.787425
v -0.033428 0.232517 -0.787425
v -0.033428 0.154075 -0.787425
v -0.033428 2.585785 -0.549014
v -0.033428 2.585785 -0.429808
v -0.033428 2.585785 -0.668219
v -0.033428 2.585785 -0.727822
v -0.033428 2.585785 -0.370205
v -0.033428 2.585785 -0.489411
v -0.033428 2.585785 -0.608616
v -0.033428 1.997468 -0.787425
v -0.208350 0.075633 -0.310602
v -0.208350 2.585785 -0.787425
v -0.208350 1.330709 -0.787425
v -0.208350 2.272016 -0.787425
v -0.208350 2.115131 -0.787425
v -0.208350 2.428900 -0.787425
v -0.208350 2.507343 -0.787425
v -0.208350 2.036689 -0.787425
v -0.208350 0.703171 -0.787425
v -0.208350 1.016940 -0.787425
v -0.208350 1.173824 -0.787425
v -0.208350 1.252267 -0.787425
v -0.208350 0.389402 -0.787425
v -0.208350 0.232517 -0.787425
v -0.208350 0.154075 -0.787425
v -0.208350 2.585785 -0.549014
v -0.208350 2.585785 -0.429808
v -0.208350 2.585785 -0.668219
v -0.208350 2.585785 -0.727822
v -0.208350 2.585785 -0.370205
v -0.208350 2.585785 -0.489411
v -0.208350 2.585785 -0.608616
v -0.208350 2.036689 -0.310602
v -0.208350 2.507343 -0.310602
v -0.208350 2.428900 -0.310602
v -0.208350 2.115131 -0.310602
v -0.208350 2.272016 -0.310602
v -0.208350 1.958247 -0.310602
v -0.208350 1.330709 -0.310602
v -0.208350 2.585785 -0.310602
v -0.208350 0.075633 -0.787425
v -0.208350 0.703171 -0.310602
v -0.208350 1.016940 -0.310602
v -0.208350 1.173824 -0.310602
v -0.208350 1.252267 -0.310602
v -0.208350 0.389402 -0.310602
v -0.208350 0.232517 -0.310602
v -0.208350 0.154075 -0.310602
v -0.208350 0.075633 -0.549014
v -0.208350 0.075633 -0.429808
v -0.208350 0.075633 -0.668219
v -0.208350 0.075633 -0.727822
v -0.208350 0.075633 -0.370205
v -0.208350 0.075633 -0.489411
v -0.208350 0.075633 -0.608616
v -0.208350 1.997468 -0.310602
v -0.208350 1.997468 -0.787425
v 0.089017 1.977857 -0.787425
v -1.030484 1.977857 -0.787425
v 0.089017 1.977857 -0.310602
v 0.648767 1.977857 -0.310602
v 0.648767 1.977857 -0.787425
v 0.928642 1.977857 -0.310602
v 0.928642 1.977857 -0.787425
v 0.368892 1.977857 -0.310602
v 0.368892 1.977857 -0.787425
v 0.788705 1.977857 -0.787425
v 0.788705 1.977857 -0.310602
v 0.508830 1.977857 -0.787425
v 0.508830 1.977857 -0.310602
v 0.228954 1.977857 -0.310602
v 0.228954 1.977857 -0.787425
v 0.858674 1.977857 -0.787425
v 0.858674 1.977857 -0.310602
v 0.158986 1.977857 -0.310602
v 0.158986 1.977857 -0.787425
v -0.470733 1.977857 -0.310602
v -0.470733 1.977857 -0.787425
v -0.190858 1.977857 -0.787425
v -0.190858 1.977857 -0.310602
v -0.750608 1.977857 -0.310602
v -0.750608 1.977857 -0.787425
v -0.050921 1.977857 -0.310602
v -0.050921 1.977857 -0.787425
v -0.890546 1.977857 -0.787425
v -0.890546 1.977857 -0.310602
v -0.330796 1.977857 -0.787425
v -0.330796 1.977857 -0.310602
v -0.610671 1.977857 -0.310602
v -0.610671 1.977857 -0.787425
v -0.540702 1.977857 -0.310602
v -0.540702 1.977857 -0.787425
v -0.400765 1.977857 -0.787425
v -0.400765 1.977857 -0.310602
v -1.030484 1.977857 -0.549014
v 0.928642 1.977857 -0.549014
v -1.030484 1.977857 -0.429808
v 0.928642 1.977857 -0.429808
v 0.928642 1.977857 -0.668219
v -1.030484 1.977857 -0.668219
v 0.928642 1.977857 -0.727822
v -1.030484 1.977857 -0.727822
v -1.030484 1.977857 -0.370205
v 0.928642 1.977857 -0.370205
v 0.928642 1.977857 -0.489411
v -1.030484 1.977857 -0.489411
v -1.030484 1.977857 -0.608616
v 0.928642 1.977857 -0.608616
v 0.019048 1.977857 -0.310602
v 0.019048 1.977857 -0.787425
v -0.260827 1.977857 -0.310602
v -0.260827 1.977857 -0.787425
v -0.225843 1.977857 -0.310602
v -0.225843 1.977857 -0.787425
v -1.030484 1.977857 -0.310602
v -0.015936 1.977857 -0.310602
v -0.015936 1.977857 -0.787425
v -0.033428 1.977857 -0.787425
v -0.033428 1.977857 -0.310602
v -0.208350 1.977857 -0.787425
v -0.208350 1.977857 -0.310602
v -0.191500 1.330745 -0.811450
v -0.191500 1.958282 -0.811450
v -0.051562 1.330745 -0.811450
v -0.051562 1.958282 -0.811450
v -0.226484 1.330745 -0.811450
v -0.226484 1.958282 -0.811450
v -0.016578 1.330745 -0.821122
v -0.016578 1.958282 -0.811450
v -0.034070 1.330745 -0.816286
v -0.034070 1.958282 -0.811450
v -0.208992 1.330745 -0.811450
v -0.208992 1.958282 -0.811450
v -0.191500 1.977893 -0.811450
v -0.051562 1.977893 -0.811450
v -0.226484 1.977893 -0.811450
v -0.016578 1.977893 -0.811450
v -0.034070 1.977893 -0.811450
v -0.208992 1.977893 -0.811450
v -0.575687 0.075633 -0.787425
v -0.575687 2.585785 -0.310602
v -0.575687 1.330709 -0.310602
v -0.575687 1.958247 -0.310602
v -0.575687 2.272016 -0.310602
v -0.575687 2.115131 -0.310602
v -0.575687 2.428900 -0.310602
v -0.575687 2.507343 -0.310602
v -0.575687 2.036689 -0.310602
v -0.575687 0.703171 -0.310602
v -0.575687 1.016940 -0.310602
v -0.575687 1.173824 -0.310602
v -0.575687 1.252267 -0.310602
v -0.575687 2.036689 -0.787425
v -0.575687 2.507343 -0.787425
v -0.575687 2.428900 -0.787425
v -0.575687 2.115131 -0.787425
v -0.575687 2.272016 -0.787425
v -0.575687 1.958247 -0.787425
v -0.575687 1.330709 -0.787425
v -0.575687 2.585785 -0.787425
v -0.575687 0.075633 -0.310602
v -0.575687 0.703171 -0.787425
v -0.575687 1.016940 -0.787425
v -0.575687 1.173824 -0.787425
v -0.575687 1.252267 -0.787425
v -0.575687 0.389402 -0.787425
v -0.575687 0.389402 -0.310602
v -0.575687 0.232517 -0.310602
v -0.575687 0.232517 -0.787425
v -0.575687 0.154075 -0.787425
v -0.575687 0.154075 -0.310602
v -0.575687 0.075633 -0.549014
v -0.575687 2.585785 -0.549014
v -0.575687 0.075633 -0.429808
v -0.575687 2.585785 -0.429808
v -0.575687 2.585785 -0.668219
v -0.575687 0.075633 -0.668219
v -0.575687 0.075633 -0.727822
v -0.575687 2.585785 -0.727822
v -0.575687 0.075633 -0.370205
v -0.575687 2.585785 -0.370205
v -0.575687 2.585785 -0.489411
v -0.575687 0.075633 -0.489411
v -0.575687 2.585785 -0.608616
v -0.575687 0.075633 -0.608616
v -0.575687 1.997468 -0.787425
v -0.575687 1.997468 -0.310602
v -0.575687 1.977857 -0.310602
v -0.575687 1.977857 -0.787425
v -0.365780 0.075633 -0.310602
v -0.365780 2.585785 -0.787425
v -0.365780 1.330709 -0.787425
v -0.365780 1.958247 -0.787425
v -0.365780 2.272016 -0.787425
v -0.365780 2.115131 -0.787425
v -0.365780 2.428900 -0.787425
v -0.365780 2.507343 -0.787425
v -0.365780 2.036689 -0.787425
v -0.365780 0.703171 -0.787425
v -0.365780 1.016940 -0.787425
v -0.365780 1.173824 -0.787425
v -0.365780 1.252267 -0.787425
v -0.365780 2.036689 -0.310602
v -0.365780 2.507343 -0.310602
v -0.365780 2.428900 -0.310602
v -0.365780 2.115131 -0.310602
v -0.365780 2.272016 -0.310602
v -0.365780 1.958247 -0.310602
v -0.365780 1.330709 -0.310602
v -0.365780 2.585785 -0.310602
v -0.365780 0.075633 -0.787425
v -0.365780 0.703171 -0.310602
v -0.365780 1.016940 -0.310602
v -0.365780 1.173824 -0.310602
v -0.365780 1.252267 -0.310602
v -0.365780 0.389402 -0.310602
v -0.365780 0.389402 -0.787425
v -0.365780 0.232517 -0.787425
v -0.365780 0.232517 -0.310602
v -0.365780 0.154075 -0.310602
v -0.365780 0.154075 -0.787425
v -0.365780 2.585785 -0.549014
v -0.365780 0.075633 -0.549014
v -0.365780 2.585785 -0.429808
v -0.365780 0.075633 -0.429808
v -0.365780 0.075633 -0.668219
v -0.365780 2.585785 -0.668219
v -0.365780 2.585785 -0.727822
v -0.365780 0.075633 -0.727822
v -0.365780 2.585785 -0.370205
v -0.365780 0.075633 -0.370205
v -0.365780 0.075633 -0.489411
v -0.365780 2.585785 -0.489411
v -0.365780 0.075633 -0.608616
v -0.365780 2.585785 -0.608616
v -0.365780 1.997468 -0.310602
v -0.365780 1.997468 -0.787425
v -0.365780 1.977857 -0.787425
v -0.365780 1.977857 -0.310602
v -0.558194 2.036689 -0.787425
v -0.558194 2.507343 -0.787425
v -0.558194 2.428900 -0.787425
v -0.558194 2.115131 -0.787425
v -0.558194 2.272016 -0.787425
v -0.558194 1.958247 -0.787425
v -0.558194 1.330709 -0.787425
v -0.558194 2.585785 -0.787425
v -0.558194 0.075633 -0.310602
v -0.558194 0.703171 -0.787425
v -0.558194 1.016940 -0.787425
v -0.558194 1.173824 -0.787425
v -0.558194 1.252267 -0.787425
v -0.558194 0.389402 -0.787425
v -0.558194 0.232517 -0.787425
v -0.558194 0.154075 -0.787425
v -0.558194 2.585785 -0.549014
v -0.558194 2.585785 -0.429808
v -0.558194 2.585785 -0.668219
v -0.558194 2.585785 -0.727822
v -0.558194 2.585785 -0.370205
v -0.558194 2.585785 -0.489411
v -0.558194 2.585785 -0.608616
v -0.558194 1.997468 -0.787425
v -0.558194 1.977857 -0.787425
v -0.558194 0.075633 -0.787425
v -0.558194 2.585785 -0.310602
v -0.558194 1.330709 -0.310602
v -0.558194 1.958247 -0.310602
v -0.558194 2.272016 -0.310602
v -0.558194 2.115131 -0.310602
v -0.558194 2.428900 -0.310602
v -0.558194 2.507343 -0.310602
v -0.558194 2.036689 -0.310602
v -0.558194 0.703171 -0.310602
v -0.558194 1.016940 -0.310602
v -0.558194 1.173824 -0.310602
v -0.558194 1.252267 -0.310602
v -0.558194 0.389402 -0.310602
v -0.558194 0.232517 -0.310602
v -0.558194 0.154075 -0.310602
v -0.558194 0.075633 -0.549014
v -0.558194 0.075633 -0.429808
v -0.558194 0.075633 -0.668219
v -0.558194 0.075633 -0.727822
v -0.558194 0.075633 -0.370205
v -0.558194 0.075633 -0.489411
v -0.558194 0.075633 -0.608616
v -0.558194 1.997468 -0.310602
v -0.558194 1.977857 -0.310602
v -0.383272 2.036689 -0.310602
v -0.383272 2.507343 -0.310602
v -0.383272 2.428900 -0.310602
v -0.383272 2.115131 -0.310602
v -0.383272 2.272016 -0.310602
v -0.383272 1.958247 -0.310602
v -0.383272 1.330709 -0.310602
v -0.383272 2.585785 -0.310602
v -0.383272 0.075633 -0.787425
v -0.383272 0.703171 -0.310602
v -0.383272 1.016940 -0.310602
v -0.383272 1.173824 -0.310602
v -0.383272 1.252267 -0.310602
v -0.383272 0.389402 -0.310602
v -0.383272 0.232517 -0.310602
v -0.383272 0.154075 -0.310602
v -0.383272 0.075633 -0.549014
v -0.383272 0.075633 -0.429808
v -0.383272 0.075633 -0.668219
v -0.383272 0.075633 -0.727822
v -0.383272 0.075633 -0.370205
v -0.383272 0.075633 -0.489411
v -0.383272 0.075633 -0.608616
v -0.383272 1.997468 -0.310602
v -0.383272 1.977857 -0.310602
v -0.383272 0.075633 -0.310602
v -0.383272 2.585785 -0.787425
v -0.383272 1.330709 -0.787425
v -0.383272 1.958247 -0.787425
v -0.383272 2.272016 -0.787425
v -0.383272 2.115131 -0.787425
v -0.383272 2.428900 -0.787425
v -0.383272 2.507343 -0.787425
v -0.383272 2.036689 -0.787425
v -0.383272 0.703171 -0.787425
v -0.383272 1.016940 -0.787425
v -0.383272 1.173824 -0.787425
v -0.383272 1.252267 -0.787425
v -0.383272 0.389402 -0.787425
v -0.383272 0.232517 -0.787425
v -0.383272 0.154075 -0.787425
v -0.383272 2.585785 -0.549014
v -0.383272 2.585785 -0.429808
v -0.383272 2.585785 -0.668219
v -0.383272 2.585785 -0.727822
v -0.383272 2.585785 -0.370205
v -0.383272 2.585785 -0.489411
v -0.383272 2.585785 -0.608616
v -0.383272 1.997468 -0.787425
v -0.383272 1.977857 -0.787425
v -0.470733 1.958247 -0.805557
v -0.540702 1.958247 -0.805557
v -0.540702 1.330709 -0.805557
v -0.400765 1.330709 -0.805557
v -0.400765 1.958247 -0.805557
v -0.470733 1.977857 -0.805557
v -0.540702 1.977857 -0.805557
v -0.400765 1.977857 -0.805557
v -0.558194 1.958247 -0.805557
v -0.558194 1.330709 -0.805557
v -0.558194 1.977857 -0.805557
v -0.383272 1.330709 -0.805557
v -0.383272 1.958247 -0.805557
v -0.383272 1.977857 -0.805557
v -0.680640 0.075633 -0.787425
v -0.680640 2.585785 -0.310602
v -0.680640 1.330709 -0.310602
v -0.680640 1.958247 -0.310602
v -0.680640 2.272016 -0.310602
v -0.680640 2.115131 -0.310602
v -0.680640 2.428900 -0.310602
v -0.680640 2.507343 -0.310602
v -0.680640 2.036689 -0.310602
v -0.680640 0.703171 -0.310602
v -0.680640 1.016940 -0.310602
v -0.680640 1.173824 -0.310602
v -0.680640 1.252267 -0.310602
v -0.680640 2.036689 -0.787425
v -0.680640 2.507343 -0.787425
v -0.680640 2.428900 -0.787425
v -0.680640 2.115131 -0.787425
v -0.680640 2.272016 -0.787425
v -0.680640 1.958247 -0.787425
v -0.680640 1.330709 -0.787425
v -0.680640 2.585785 -0.787425
v -0.680640 0.075633 -0.310602
v -0.680640 0.703171 -0.787425
v -0.680640 1.016940 -0.787425
v -0.680640 1.173824 -0.787425
v -0.680640 1.252267 -0.787425
v -0.680640 0.389402 -0.787425
v -0.680640 0.389402 -0.310602
v -0.680640 0.232517 -0.310602
v -0.680640 0.232517 -0.787425
v -0.680640 0.154075 -0.787425
v -0.680640 0.154075 -0.310602
v -0.680640 0.075633 -0.549014
v -0.680640 2.585785 -0.549014
v -0.680640 0.075633 -0.429808
v -0.680640 2.585785 -0.429808
v -0.680640 2.585785 -0.668219
v -0.680640 0.075633 -0.668219
v -0.680640 0.075633 -0.727822
v -0.680640 2.585785 -0.727822
v -0.680640 0.075633 -0.370205
v -0.680640 2.585785 -0.370205
v -0.680640 2.585785 -0.489411
v -0.680640 0.075633 -0.489411
v -0.680640 2.585785 -0.608616
v -0.680640 0.075633 -0.608616
v -0.680640 1.997468 -0.787425
v -0.680640 1.997468 -0.310602
v -0.680640 1.977857 -0.310602
v -0.680640 1.977857 -0.787425
v -0.960515 0.075633 -0.787425
v -0.960515 2.585785 -0.310602
v -0.960515 1.330709 -0.310602
v -0.960515 1.958247 -0.310602
v -0.960515 2.272016 -0.310602
v -0.960515 2.115131 -0.310602
v -0.960515 2.428900 -0.310602
v -0.960515 2.507343 -0.310602
v -0.960515 2.036689 -0.310602
v -0.960515 2.036689 -0.787425
v -0.960515 2.507343 -0.787425
v -0.960515 2.428900 -0.787425
v -0.960515 2.115131 -0.787425
v -0.960515 2.272016 -0.787425
v -0.960515 1.958247 -0.787425
v -0.960515 1.330709 -0.787425
v -0.960515 2.585785 -0.787425
v -0.960515 0.075633 -0.310602
v -0.960515 0.703171 -0.787425
v -0.960515 0.703171 -0.310602
v -0.960515 1.016940 -0.787425
v -0.960515 1.016940 -0.310602
v -0.960515 1.173824 -0.787425
v -0.960515 1.173824 -0.310602
v -0.960515 1.252267 -0.787425
v -0.960515 1.252267 -0.310602
v -0.960515 0.389402 -0.310602
v -0.960515 0.389402 -0.787425
v -0.960515 0.232517 -0.787425
v -0.960515 0.232517 -0.310602
v -0.960515 0.154075 -0.310602
v -0.960515 0.154075 -0.787425
v -0.960515 0.075633 -0.549014
v -0.960515 2.585785 -0.549014
v -0.960515 0.075633 -0.429808
v -0.960515 2.585785 -0.429808
v -0.960515 2.585785 -0.668219
v -0.960515 0.075633 -0.668219
v -0.960515 0.075633 -0.727822
v -0.960515 2.585785 -0.727822
v -0.960515 0.075633 -0.370205
v -0.960515 2.585785 -0.370205
v -0.960515 2.585785 -0.489411
v -0.960515 0.075633 -0.489411
v -0.960515 2.585785 -0.608616
v -0.960515 0.075633 -0.608616
v -0.960515 1.997468 -0.787425
v -0.960515 1.997468 -0.310602
v -0.960515 1.977857 -0.310602
v -0.960515 1.977857 -0.787425
v -0.925530 2.036689 -0.787425
v -0.925530 2.507343 -0.787425
v -0.925530 2.428900 -0.787425
v -0.925530 2.115131 -0.787425
v -0.925530 2.272016 -0.787425
v -0.925530 1.958247 -0.787425
v -0.925530 1.330709 -0.787425
v -0.925530 2.585785 -0.787425
v -0.925530 0.075633 -0.310602
v -0.925530 0.703171 -0.787425
v -0.925530 1.016940 -0.787425
v -0.925530 1.173824 -0.787425
v -0.925530 1.252267 -0.787425
v -0.925530 0.389402 -0.787425
v -0.925530 0.232517 -0.787425
v -0.925530 0.154075 -0.787425
v -0.925530 2.585785 -0.549014
v -0.925530 2.585785 -0.429808
v -0.925530 2.585785 -0.668219
v -0.925530 2.585785 -0.727822
v -0.925530 2.585785 -0.370205
v -0.925530 2.585785 -0.489411
v -0.925530 2.585785 -0.608616
v -0.925530 1.997468 -0.787425
v -0.925530 1.977857 -0.787425
v -0.925530 0.075633 -0.787425
v -0.925530 2.585785 -0.310602
v -0.925530 1.330709 -0.310602
v -0.925530 1.958247 -0.310602
v -0.925530 2.272016 -0.310602
v -0.925530 2.115131 -0.310602
v -0.925530 2.428900 -0.310602
v -0.925530 2.507343 -0.310602
v -0.925530 2.036689 -0.310602
v -0.925530 0.703171 -0.310602
v -0.925530 1.016940 -0.310602
v -0.925530 1.173824 -0.310602
v -0.925530 1.252267 -0.310602
v -0.925530 0.389402 -0.310602
v -0.925530 0.232517 -0.310602
v -0.925530 0.154075 -0.310602
v -0.925530 0.075633 -0.549014
v -0.925530 0.075633 -0.429808
v -0.925530 0.075633 -0.668219
v -0.925530 0.075633 -0.727822
v -0.925530 0.075633 -0.370205
v -0.925530 0.075633 -0.489411
v -0.925530 0.075633 -0.608616
v -0.925530 1.997468 -0.310602
v -0.925530 1.977857 -0.310602
v -0.715624 0.075633 -0.787425
v -0.715624 2.585785 -0.310602
v -0.715624 1.330709 -0.310602
v -0.715624 1.958247 -0.310602
v -0.715624 2.272016 -0.310602
v -0.715624 2.115131 -0.310602
v -0.715624 2.428900 -0.310602
v -0.715624 2.507343 -0.310602
v -0.715624 2.036689 -0.310602
v -0.715624 0.703171 -0.310602
v -0.715624 1.016940 -0.310602
v -0.715624 1.173824 -0.310602
v -0.715624 1.252267 -0.310602
v -0.715624 0.389402 -0.310602
v -0.715624 0.232517 -0.310602
v -0.715624 0.154075 -0.310602
v -0.715624 0.075633 -0.549014
v -0.715624 0.075633 -0.429808
v -0.715624 0.075633 -0.668219
v -0.715624 0.075633 -0.727822
v -0.715624 0.075633 -0.370205
v -0.715624 0.075633 -0.489411
v -0.715624 0.075633 -0.608616
v -0.715624 1.997468 -0.310602
v -0.715624 1.977857 -0.310602
v -0.715624 2.036689 -0.787425
v -0.715624 2.507343 -0.787425
v -0.715624 2.428900 -0.787425
v -0.715624 2.115131 -0.787425
v -0.715624 2.272016 -0.787425
v -0.715624 1.958247 -0.787425
v -0.715624 1.330709 -0.787425
v -0.715624 2.585785 -0.787425
v -0.715624 0.075633 -0.310602
v -0.715624 0.703171 -0.787425
v -0.715624 1.016940 -0.787425
v -0.715624 1.173824 -0.787425
v -0.715624 1.252267 -0.787425
v -0.715624 0.389402 -0.787425
v -0.715624 0.232517 -0.787425
v -0.715624 0.154075 -0.787425
v -0.715624 2.585785 -0.549014
v -0.715624 2.585785 -0.429808
v -0.715624 2.585785 -0.668219
v -0.715624 2.585785 -0.727822
v -0.715624 2.585785 -0.370205
v -0.715624 2.585785 -0.489411
v -0.715624 2.585785 -0.608616
v -0.715624 1.997468 -0.787425
v -0.715624 1.977857 -0.787425
v -0.750608 1.958247 -0.805012
v -0.750608 1.330709 -0.805012
v -0.890546 1.958247 -0.805012
v -0.890546 1.330709 -0.805012
v -0.750608 1.977857 -0.805012
v -0.890546 1.977857 -0.805012
v -0.925530 1.958247 -0.805012
v -0.925530 1.330709 -0.805012
v -0.925530 1.977857 -0.805012
v -0.715624 1.958247 -0.805012
v -0.715624 1.330709 -0.805012
v -0.715624 1.977857 -0.805012
vt 0.867188 0.718750
vt 0.875000 0.718750
vt 0.875000 0.750000
vt 0.867188 0.750000
vt 0.617188 0.992188
vt 0.625000 0.992188
vt 0.625000 1.000000
vt 0.617188 1.000000
vt 0.617188 0.218750
vt 0.625000 0.218750
vt 0.625000 0.250000
vt 0.617188 0.250000
vt 0.373047 0.718750
vt 0.375000 0.718750
vt 0.375000 0.750000
vt 0.373047 0.750000
vt 0.617188 0.367188
vt 0.625000 0.367188
vt 0.625000 0.375000
vt 0.617188 0.375000
vt 0.242188 0.718750
vt 0.250000 0.718750
vt 0.250000 0.750000
vt 0.242188 0.750000
vt 0.617188 0.867188
vt 0.625000 0.867188
vt 0.625000 0.875000
vt 0.617188 0.875000
vt 0.742188 0.718750
vt 0.750000 0.718750
vt 0.750000 0.750000
vt 0.742188 0.750000
vt 0.492188 0.871094
vt 0.500000 0.871094
vt 0.500000 0.875000
vt 0.492188 0.875000
vt 0.492187 0.367188
vt 0.500000 0.367187
vt 0.500000 0.375000
vt 0.492188 0.375000
vt 0.492188 0.498047
vt 0.500000 0.498047
vt 0.500000 0.500000
vt 0.492188 0.500000
vt 0.500000 0.687500
vt 0.500000 0.718750
vt 0.500000 0.718750
vt 0.500000 0.687500
vt 0.492188 0.218750
vt 0.500000 0.218750
vt 0.500000 0.250000
vt 0.492188 0.250000
vt 0.492188 0.992188
vt 0.500000 0.992188
vt 0.500000 1.000000
vt 0.492188 1.000000
vt 0.492188 0.429688
vt 0.500000 0.429688
vt 0.500000 0.437500
vt 0.492188 0.437500
vt 0.492188 0.804688
vt 0.500000 0.804688
vt 0.500000 0.812500
vt 0.492188 0.812500
vt 0.671875 0.718750
vt 0.687500 0.718750
vt 0.687500 0.750000
vt 0.671875 0.750000
vt 0.617188 0.796875
vt 0.625000 0.796875
vt 0.625000 0.812500
vt 0.617188 0.812500
vt 0.617188 0.421875
vt 0.625000 0.421875
vt 0.625000 0.437500
vt 0.617188 0.437500
vt 0.304688 0.718750
vt 0.312500 0.718750
vt 0.312500 0.750000
vt 0.304688 0.750000
vt 0.492188 0.779297
vt 0.500000 0.779297
vt 0.500000 0.781250
vt 0.492188 0.781250
vt 0.492188 0.460938
vt 0.500000 0.460938
vt 0.500000 0.468750
vt 0.492188 0.468750
vt 0.617188 0.460938
vt 0.625000 0.460938
vt 0.625000 0.468750
vt 0.617188 0.468750
vt 0.335938 0.718750
vt 0.343750 0.718750
vt 0.343750 0.750000
vt 0.335938 0.750000
vt 0.500000 0.724854
vt 0.500000 0.751953
vt 0.500000 0.750000
vt 0.500000 0.489014
vt 0.500000 0.486328
vt 0.500000 0.484375
vt 0.500000 0.482422
vt 0.562500 0.375000
vt 0.562500 0.875000
vt 0.500000 0.378906
vt 0.562500 0.501953
vt 0.562500 0.460938
vt 0.562500 0.468750
vt 0.562500 0.507812
vt 0.564453 0.742188
vt 0.564453 0.781250
vt 0.562500 0.781250
vt 0.562500 0.742188
vt 0.562500 0.367188
vt 0.562500 0.218750
vt 0.562500 0.250000
vt 0.562500 0.992188
vt 0.562500 1.000000
vt 0.609375 0.742188
vt 0.609375 0.781250
vt 0.593750 0.781250
vt 0.593750 0.742188
vt 0.578125 0.460938
vt 0.593750 0.460938
vt 0.593750 0.468750
vt 0.578125 0.468750
vt 0.609375 0.304688
vt 0.617188 0.304688
vt 0.617188 0.312500
vt 0.609375 0.312500
vt 0.578125 0.796875
vt 0.593750 0.796875
vt 0.593750 0.812500
vt 0.578125 0.812500
vt 0.578125 0.867188
vt 0.593750 0.867188
vt 0.593750 0.875000
vt 0.578125 0.875000
vt 0.578125 0.367188
vt 0.593750 0.367188
vt 0.593750 0.375000
vt 0.578125 0.375000
vt 0.578125 0.218750
vt 0.593750 0.218750
vt 0.593750 0.250000
vt 0.578125 0.250000
vt 0.578125 0.992188
vt 0.593750 0.992188
vt 0.593750 1.000000
vt 0.578125 1.000000
vt 0.578125 0.828125
vt 0.593750 0.828125
vt 0.593750 0.843750
vt 0.578125 0.843750
vt 0.609375 0.929688
vt 0.617188 0.929688
vt 0.617188 0.937500
vt 0.609375 0.937500
vt 0.562500 0.390625
vt 0.562500 0.406250
vt 0.562500 0.843750
vt 0.562500 0.859375
vt 0.617188 0.390625
vt 0.625000 0.390625
vt 0.625000 0.406250
vt 0.617188 0.406250
vt 0.703125 0.718750
vt 0.718750 0.718750
vt 0.718750 0.750000
vt 0.703125 0.750000
vt 0.617188 0.828125
vt 0.625000 0.828125
vt 0.625000 0.843750
vt 0.617188 0.843750
vt 0.566406 0.304688
vt 0.570312 0.304688
vt 0.570312 0.312500
vt 0.566406 0.312500
vt 0.570312 0.828125
vt 0.570312 0.843750
vt 0.570312 0.992188
vt 0.570312 1.000000
vt 0.570312 0.218750
vt 0.570312 0.250000
vt 0.570312 0.367188
vt 0.570312 0.375000
vt 0.570312 0.867188
vt 0.570312 0.875000
vt 0.570312 0.796875
vt 0.570312 0.812500
vt 0.566406 0.929688
vt 0.570312 0.929688
vt 0.570312 0.937500
vt 0.566406 0.937500
vt 0.570312 0.460938
vt 0.570312 0.468750
vt 0.578125 0.781250
vt 0.578125 0.742188
vt 0.609375 0.828125
vt 0.609375 0.843750
vt 0.617188 0.382812
vt 0.617188 0.390625
vt 0.617188 0.382812
vt 0.617188 0.742188
vt 0.617188 0.781250
vt 0.609375 0.460938
vt 0.609375 0.468750
vt 0.570312 0.382812
vt 0.578125 0.382812
vt 0.578125 0.382812
vt 0.570312 0.382812
vt 0.609375 0.796875
vt 0.609375 0.812500
vt 0.609375 0.867188
vt 0.609375 0.875000
vt 0.609375 0.367188
vt 0.609375 0.375000
vt 0.609375 0.218750
vt 0.609375 0.250000
vt 0.609375 0.992188
vt 0.609375 1.000000
vt 0.593750 0.789062
vt 0.609375 0.789062
vt 0.617188 0.406250
vt 0.570312 0.453125
vt 0.570312 0.437500
vt 0.570312 0.437500
vt 0.570312 0.453125
vt 0.570312 0.789062
vt 0.578125 0.789062
vt 0.617188 0.453125
vt 0.617188 0.460938
vt 0.617188 0.453125
vt 0.562500 0.421875
vt 0.562500 0.437500
vt 0.562500 0.453125
vt 0.562500 0.496094
vt 0.562500 0.539062
vt 0.562500 0.582031
vt 0.562500 0.625000
vt 0.562500 0.667969
vt 0.562500 0.710938
vt 0.562500 0.753906
vt 0.562500 0.796875
vt 0.562500 0.812500
vt 0.562500 0.828125
vt 0.625000 0.453125
vt 0.617188 0.789062
vt 0.625000 0.789062
vt 0.664062 0.718750
vt 0.664062 0.750000
vt 0.578125 0.460938
vt 0.593750 0.460938
vt 0.570312 0.421875
vt 0.570312 0.406250
vt 0.570312 0.406250
vt 0.570312 0.421875
vt 0.570312 0.460938
vt 0.609375 0.859375
vt 0.593750 0.859375
vt 0.593750 0.382812
vt 0.593750 0.382812
vt 0.578125 0.859375
vt 0.570312 0.859375
vt 0.617188 0.437500
vt 0.625000 0.382812
vt 0.562500 0.382812
vt 0.562500 0.867188
vt 0.609375 0.460938
vt 0.734375 0.718750
vt 0.734375 0.750000
vt 0.625000 0.859375
vt 0.617188 0.859375
vt 0.609375 0.382812
vt 0.609375 0.382812
vt 0.617188 0.421875
vt 0.625000 0.742188
vt 0.625000 0.781250
vt 0.570312 0.390625
vt 0.570312 0.390625
vt 0.566406 0.382812
vt 0.566406 0.390625
vt 0.566406 0.843750
vt 0.566406 0.859375
vt 0.566406 0.812500
vt 0.566406 0.828125
vt 0.566406 0.406250
vt 0.566406 0.421875
vt 0.566406 0.789062
vt 0.566406 0.796875
vt 0.566406 0.437500
vt 0.566406 0.453125
vt 0.566406 0.460938
vt 0.566406 0.468750
vt 0.566406 0.867188
vt 0.566406 0.875000
vt 0.566406 0.367188
vt 0.566406 0.375000
vt 0.566406 0.218750
vt 0.566406 0.250000
vt 0.566406 0.992188
vt 0.566406 1.000000
vt 0.570312 0.781250
vt 0.570312 0.742188
vt 0.566406 0.781250
vt 0.656250 0.718750
vt 0.656250 0.750000
vt 0.578125 0.421875
vt 0.593750 0.421875
vt 0.593750 0.437500
vt 0.578125 0.437500
vt 0.578125 0.390625
vt 0.593750 0.390625
vt 0.593750 0.406250
vt 0.578125 0.406250
vt 0.609375 0.390625
vt 0.609375 0.406250
vt 0.609375 0.421875
vt 0.609375 0.437500
vt 0.609375 0.453125
vt 0.593750 0.453125
vt 0.578125 0.453125
vt 0.593750 0.929688
vt 0.593750 0.937500
vt 0.578125 0.304688
vt 0.593750 0.304688
vt 0.593750 0.304688
vt 0.578125 0.304688
vt 0.578125 0.312500
vt 0.578125 0.929688
vt 0.578125 0.937500
vt 0.578125 0.359375
vt 0.578125 0.343750
vt 0.578125 0.343750
vt 0.578125 0.359375
vt 0.500000 0.929688
vt 0.562500 0.929688
vt 0.562500 0.937500
vt 0.500000 0.937500
vt 0.562500 0.312500
vt 0.562500 0.320312
vt 0.562500 0.320312
vt 0.562500 0.312500
vt 0.492188 0.929688
vt 0.492188 0.937500
vt 0.492188 0.304688
vt 0.500000 0.304688
vt 0.500000 0.312500
vt 0.492188 0.312500
vt 0.179688 0.718750
vt 0.187500 0.718750
vt 0.187500 0.750000
vt 0.179688 0.750000
vt 0.625000 0.304688
vt 0.625000 0.312500
vt 0.625000 0.929688
vt 0.625000 0.937500
vt 0.804688 0.718750
vt 0.812500 0.718750
vt 0.812500 0.750000
vt 0.804688 0.750000
vt 0.765625 0.718750
vt 0.781250 0.718750
vt 0.781250 0.750000
vt 0.765625 0.750000
vt 0.617188 0.890625
vt 0.625000 0.890625
vt 0.625000 0.906250
vt 0.617188 0.906250
vt 0.492188 0.890625
vt 0.500000 0.890625
vt 0.500000 0.906250
vt 0.492188 0.906250
vt 0.562500 0.890625
vt 0.562500 0.906250
vt 0.578125 0.890625
vt 0.593750 0.890625
vt 0.593750 0.906250
vt 0.578125 0.906250
vt 0.570312 0.890625
vt 0.570312 0.906250
vt 0.609375 0.890625
vt 0.609375 0.906250
vt 0.566406 0.341797
vt 0.570312 0.341797
vt 0.570312 0.343750
vt 0.566406 0.343750
vt 0.609375 0.341797
vt 0.617188 0.341797
vt 0.617188 0.343750
vt 0.609375 0.343750
vt 0.593750 0.341797
vt 0.593750 0.343750
vt 0.566406 0.890625
vt 0.566406 0.906250
vt 0.578125 0.341797
vt 0.564453 0.341797
vt 0.564453 0.343750
vt 0.564453 0.343750
vt 0.564453 0.341797
vt 0.492188 0.341797
vt 0.500000 0.341797
vt 0.500000 0.343750
vt 0.492188 0.343750
vt 0.216797 0.718750
vt 0.218750 0.718750
vt 0.218750 0.750000
vt 0.216797 0.750000
vt 0.625000 0.341797
vt 0.625000 0.343750
vt 0.617188 0.265625
vt 0.625000 0.265625
vt 0.625000 0.281250
vt 0.617188 0.281250
vt 0.140625 0.718750
vt 0.156250 0.718750
vt 0.156250 0.750000
vt 0.140625 0.750000
vt 0.492188 0.265625
vt 0.500000 0.265625
vt 0.500000 0.281250
vt 0.492188 0.281250
vt 0.500000 0.265625
vt 0.500000 0.281250
vt 0.578125 0.312500
vt 0.570312 0.265625
vt 0.578125 0.265625
vt 0.578125 0.281250
vt 0.570312 0.281250
vt 0.593750 0.265625
vt 0.609375 0.265625
vt 0.609375 0.265625
vt 0.593750 0.265625
vt 0.566406 0.964844
vt 0.570312 0.964844
vt 0.570312 0.968750
vt 0.566406 0.968750
vt 0.609375 0.964844
vt 0.617188 0.964844
vt 0.617188 0.968750
vt 0.609375 0.968750
vt 0.593750 0.964844
vt 0.593750 0.968750
vt 0.578125 0.964844
vt 0.578125 0.968750
vt 0.566406 0.265625
vt 0.566406 0.281250
vt 0.609375 0.281250
vt 0.500000 0.964844
vt 0.562500 0.964844
vt 0.562500 0.968750
vt 0.500000 0.968750
vt 0.492188 0.964844
vt 0.492188 0.968750
vt 0.625000 0.964844
vt 0.625000 0.968750
vt 0.839844 0.718750
vt 0.843750 0.718750
vt 0.843750 0.750000
vt 0.839844 0.750000
vt 0.609375 0.888672
vt 0.617188 0.888672
vt 0.566406 0.888672
vt 0.570312 0.888672
vt 0.593750 0.888672
vt 0.578125 0.888672
vt 0.500000 0.888672
vt 0.562500 0.888672
vt 0.492188 0.888672
vt 0.625000 0.888672
vt 0.763672 0.718750
vt 0.763672 0.750000
vt 0.570312 0.359375
vt 0.566406 0.359375
vt 0.617188 0.359375
vt 0.609375 0.359375
vt 0.593750 0.320312
vt 0.578125 0.320312
vt 0.578125 0.320312
vt 0.593750 0.320312
vt 0.609375 0.312500
vt 0.609375 0.304688
vt 0.562500 0.343750
vt 0.562500 0.359375
vt 0.562500 0.359375
vt 0.562500 0.343750
vt 0.500000 0.359375
vt 0.492188 0.359375
vt 0.234375 0.718750
vt 0.234375 0.750000
vt 0.625000 0.359375
vt 0.609375 0.261719
vt 0.617188 0.261719
vt 0.566406 0.261719
vt 0.570312 0.261719
vt 0.593750 0.261719
vt 0.578125 0.261719
vt 0.500000 0.285156
vt 0.500000 0.281250
vt 0.500000 0.285156
vt 0.492188 0.261719
vt 0.500000 0.261719
vt 0.136719 0.718750
vt 0.136719 0.750000
vt 0.625000 0.261719
vt 0.570312 0.984375
vt 0.566406 0.984375
vt 0.617188 0.984375
vt 0.609375 0.984375
vt 0.593750 0.984375
vt 0.578125 0.984375
vt 0.562500 0.984375
vt 0.500000 0.984375
vt 0.492188 0.984375
vt 0.625000 0.984375
vt 0.859375 0.718750
vt 0.859375 0.750000
vt 0.406250 0.968750
vt 0.437500 0.968750
vt 0.437500 0.984375
vt 0.406250 0.984375
vt 0.406250 0.261719
vt 0.437500 0.261719
vt 0.437500 0.265625
vt 0.406250 0.265625
vt 0.382812 0.359375
vt 0.382812 0.343750
vt 0.382812 0.343750
vt 0.382812 0.359375
vt 0.406250 0.888672
vt 0.437500 0.888672
vt 0.437500 0.890625
vt 0.406250 0.890625
vt 0.406250 0.964844
vt 0.437500 0.964844
vt 0.484375 0.281250
vt 0.484375 0.281250
vt 0.492188 0.281250
vt 0.406250 0.341797
vt 0.437500 0.341797
vt 0.437500 0.343750
vt 0.406250 0.343750
vt 0.437500 0.906250
vt 0.406250 0.906250
vt 0.390625 0.320312
vt 0.382812 0.320312
vt 0.382812 0.320312
vt 0.390625 0.320312
vt 0.406250 0.929688
vt 0.437500 0.929688
vt 0.437500 0.937500
vt 0.406250 0.937500
vt 0.406250 0.779297
vt 0.437500 0.779297
vt 0.437500 0.781250
vt 0.406250 0.781250
vt 0.406250 0.804688
vt 0.437500 0.804688
vt 0.437500 0.812500
vt 0.406250 0.812500
vt 0.406250 0.992188
vt 0.437500 0.992188
vt 0.437500 1.000000
vt 0.406250 1.000000
vt 0.406250 0.218750
vt 0.437500 0.218750
vt 0.437500 0.250000
vt 0.406250 0.250000
vt 0.406250 0.718750
vt 0.437500 0.718750
vt 0.437500 0.750000
vt 0.406250 0.750000
vt 0.406250 0.498047
vt 0.437500 0.498047
vt 0.437500 0.500000
vt 0.406250 0.500000
vt 0.406250 0.367188
vt 0.437500 0.367188
vt 0.437500 0.375000
vt 0.406250 0.375000
vt 0.406250 0.871094
vt 0.437500 0.871094
vt 0.437500 0.875000
vt 0.406250 0.875000
vt 0.468750 0.968750
vt 0.468750 0.984375
vt 0.468750 0.261719
vt 0.468750 0.265625
vt 0.390625 0.343750
vt 0.406250 0.343750
vt 0.390625 0.343750
vt 0.468750 0.888672
vt 0.468750 0.890625
vt 0.468750 0.964844
vt 0.492188 0.265625
vt 0.468750 0.341797
vt 0.468750 0.343750
vt 0.468750 0.906250
vt 0.492188 0.320312
vt 0.484375 0.320312
vt 0.484375 0.320312
vt 0.492188 0.320312
vt 0.468750 0.929688
vt 0.468750 0.937500
vt 0.468750 0.779297
vt 0.468750 0.781250
vt 0.468750 0.804688
vt 0.468750 0.812500
vt 0.468750 0.992188
vt 0.468750 1.000000
vt 0.468750 0.218750
vt 0.468750 0.250000
vt 0.468750 0.718750
vt 0.468750 0.750000
vt 0.468750 0.498047
vt 0.468750 0.500000
vt 0.468750 0.367188
vt 0.468750 0.375000
vt 0.468750 0.871094
vt 0.468750 0.875000
vt 0.484375 0.968750
vt 0.484375 0.984375
vt 0.484375 0.261719
vt 0.484375 0.265625
vt 0.468750 0.343750
vt 0.437500 0.343750
vt 0.484375 0.888672
vt 0.484375 0.890625
vt 0.484375 0.964844
vt 0.390625 0.281250
vt 0.382812 0.281250
vt 0.382812 0.281250
vt 0.390625 0.281250
vt 0.484375 0.341797
vt 0.484375 0.343750
vt 0.484375 0.906250
vt 0.382812 0.312500
vt 0.382812 0.304688
vt 0.382812 0.304688
vt 0.382812 0.312500
vt 0.484375 0.929688
vt 0.484375 0.937500
vt 0.484375 0.779297
vt 0.484375 0.781250
vt 0.484375 0.804688
vt 0.484375 0.812500
vt 0.484375 0.992188
vt 0.484375 1.000000
vt 0.484375 0.218750
vt 0.484375 0.250000
vt 0.484375 0.718750
vt 0.484375 0.750000
vt 0.484375 0.498047
vt 0.484375 0.500000
vt 0.484375 0.367188
vt 0.484375 0.375000
vt 0.484375 0.871094
vt 0.484375 0.875000
vt 0.437500 0.359375
vt 0.406250 0.359375
vt 0.406250 0.359375
vt 0.437500 0.359375
vt 0.382812 0.265625
vt 0.382812 0.265625
vt 0.492188 0.312500
vt 0.492188 0.304688
vt 0.484375 0.460938
vt 0.484375 0.468750
vt 0.484375 0.429688
vt 0.484375 0.437500
vt 0.500000 0.500000
vt 0.492188 0.500000
vt 0.500000 0.343750
vt 0.500000 0.359375
vt 0.562500 0.265625
vt 0.562500 0.265625
vt 0.500000 0.265625
vt 0.562500 0.265625
vt 0.562500 0.281250
vt 0.562500 0.281250
vt 0.562500 0.281250
vt 0.500000 0.281250
vt 0.484375 0.914062
vt 0.492188 0.914062
vt 0.492188 0.921875
vt 0.484375 0.921875
vt 0.484375 0.324219
vt 0.492188 0.324219
vt 0.492188 0.328125
vt 0.484375 0.328125
vt 0.468750 0.914062
vt 0.468750 0.921875
vt 0.468750 0.324219
vt 0.468750 0.328125
vt 0.437500 0.914062
vt 0.437500 0.921875
vt 0.437500 0.324219
vt 0.437500 0.328125
vt 0.406250 0.914062
vt 0.406250 0.921875
vt 0.406250 0.324219
vt 0.406250 0.328125
vt 0.617188 0.324219
vt 0.625000 0.324219
vt 0.625000 0.328125
vt 0.617188 0.328125
vt 0.199219 0.718750
vt 0.203125 0.718750
vt 0.203125 0.750000
vt 0.199219 0.750000
vt 0.500000 0.324219
vt 0.500000 0.328125
vt 0.562500 0.324219
vt 0.562500 0.328125
vt 0.578125 0.324219
vt 0.593750 0.324219
vt 0.593750 0.328125
vt 0.578125 0.328125
vt 0.570312 0.324219
vt 0.570312 0.328125
vt 0.609375 0.324219
vt 0.609375 0.328125
vt 0.566406 0.324219
vt 0.566406 0.328125
vt 0.789062 0.718750
vt 0.796875 0.718750
vt 0.796875 0.750000
vt 0.789062 0.750000
vt 0.617188 0.914062
vt 0.625000 0.914062
vt 0.625000 0.921875
vt 0.617188 0.921875
vt 0.500000 0.914062
vt 0.500000 0.921875
vt 0.562500 0.914062
vt 0.562500 0.921875
vt 0.578125 0.914062
vt 0.593750 0.914062
vt 0.593750 0.921875
vt 0.578125 0.921875
vt 0.570312 0.914062
vt 0.570312 0.921875
vt 0.609375 0.914062
vt 0.609375 0.921875
vt 0.566406 0.914062
vt 0.566406 0.921875
vt 0.484375 0.289062
vt 0.492188 0.289062
vt 0.492188 0.296875
vt 0.484375 0.296875
vt 0.484375 0.949219
vt 0.492188 0.949219
vt 0.492188 0.953125
vt 0.484375 0.953125
vt 0.468750 0.289062
vt 0.468750 0.296875
vt 0.468750 0.949219
vt 0.468750 0.953125
vt 0.437500 0.289062
vt 0.437500 0.296875
vt 0.437500 0.949219
vt 0.437500 0.953125
vt 0.406250 0.289062
vt 0.406250 0.296875
vt 0.406250 0.949219
vt 0.406250 0.953125
vt 0.824219 0.718750
vt 0.828125 0.718750
vt 0.828125 0.750000
vt 0.824219 0.750000
vt 0.617188 0.949219
vt 0.625000 0.949219
vt 0.625000 0.953125
vt 0.617188 0.953125
vt 0.500000 0.949219
vt 0.500000 0.953125
vt 0.562500 0.949219
vt 0.562500 0.953125
vt 0.578125 0.949219
vt 0.593750 0.949219
vt 0.593750 0.953125
vt 0.578125 0.953125
vt 0.570312 0.949219
vt 0.570312 0.953125
vt 0.609375 0.949219
vt 0.609375 0.953125
vt 0.566406 0.949219
vt 0.566406 0.953125
vt 0.617188 0.289062
vt 0.625000 0.289062
vt 0.625000 0.296875
vt 0.617188 0.296875
vt 0.164062 0.718750
vt 0.171875 0.718750
vt 0.171875 0.750000
vt 0.164062 0.750000
vt 0.500000 0.289062
vt 0.500000 0.296875
vt 0.562500 0.289062
vt 0.562500 0.296875
vt 0.578125 0.289062
vt 0.593750 0.289062
vt 0.593750 0.296875
vt 0.578125 0.296875
vt 0.570312 0.289062
vt 0.570312 0.296875
vt 0.609375 0.289062
vt 0.609375 0.296875
vt 0.566406 0.289062
vt 0.566406 0.296875
vt 0.570312 0.945312
vt 0.566406 0.945312
vt 0.617188 0.945312
vt 0.609375 0.945312
vt 0.593750 0.945312
vt 0.578125 0.945312
vt 0.562500 0.945312
vt 0.500000 0.945312
vt 0.492188 0.945312
vt 0.625000 0.945312
vt 0.820312 0.718750
vt 0.820312 0.750000
vt 0.437500 0.945312
vt 0.406250 0.945312
vt 0.468750 0.945312
vt 0.484375 0.945312
vt 0.484375 0.302734
vt 0.492188 0.302734
vt 0.484375 0.304688
vt 0.468750 0.302734
vt 0.468750 0.304688
vt 0.437500 0.302734
vt 0.437500 0.304688
vt 0.406250 0.302734
vt 0.406250 0.304688
vt 0.617188 0.302734
vt 0.625000 0.302734
vt 0.177734 0.718750
vt 0.177734 0.750000
vt 0.500000 0.302734
vt 0.562500 0.312500
vt 0.562500 0.320312
vt 0.578125 0.302734
vt 0.593750 0.302734
vt 0.570312 0.302734
vt 0.609375 0.302734
vt 0.566406 0.302734
vt 0.570312 0.320312
vt 0.566406 0.320312
vt 0.617188 0.320312
vt 0.609375 0.320312
vt 0.593750 0.343750
vt 0.593750 0.281250
vt 0.593750 0.281250
vt 0.609375 0.281250
vt 0.500000 0.320312
vt 0.500000 0.320312
vt 0.195312 0.718750
vt 0.195312 0.750000
vt 0.625000 0.320312
vt 0.390625 0.304688
vt 0.390625 0.304688
vt 0.437500 0.304688
vt 0.406250 0.304688
vt 0.468750 0.320312
vt 0.468750 0.320312
vt 0.437500 0.320312
vt 0.437500 0.320312
vt 0.484375 0.927734
vt 0.492188 0.927734
vt 0.468750 0.927734
vt 0.437500 0.927734
vt 0.406250 0.927734
vt 0.802734 0.718750
vt 0.802734 0.750000
vt 0.617188 0.927734
vt 0.625000 0.927734
vt 0.500000 0.927734
vt 0.562500 0.927734
vt 0.578125 0.927734
vt 0.593750 0.927734
vt 0.570312 0.927734
vt 0.609375 0.927734
vt 0.566406 0.927734
vt 0.500000 0.304688
vt 0.562500 0.304688
vt 0.500000 0.312500
vt 0.562500 0.304688
vt 0.390625 0.927734
vt 0.390625 0.929688
vt 0.390625 0.302734
vt 0.390625 0.937500
vt 0.390625 0.945312
vt 0.390625 0.949219
vt 0.390625 0.953125
vt 0.390625 0.289062
vt 0.390625 0.296875
vt 0.390625 0.324219
vt 0.390625 0.328125
vt 0.390625 0.914062
vt 0.390625 0.921875
vt 0.390625 0.871094
vt 0.390625 0.875000
vt 0.390625 0.367188
vt 0.390625 0.375000
vt 0.390625 0.498047
vt 0.390625 0.500000
vt 0.390625 0.718750
vt 0.390625 0.750000
vt 0.390625 0.218750
vt 0.390625 0.250000
vt 0.390625 0.992188
vt 0.390625 1.000000
vt 0.390625 0.804688
vt 0.390625 0.812500
vt 0.390625 0.779297
vt 0.390625 0.781250
vt 0.406250 0.320312
vt 0.406250 0.320312
vt 0.390625 0.890625
vt 0.390625 0.906250
vt 0.390625 0.341797
vt 0.390625 0.265625
vt 0.406250 0.265625
vt 0.390625 0.265625
vt 0.390625 0.964844
vt 0.390625 0.968750
vt 0.390625 0.888672
vt 0.484375 0.359375
vt 0.468750 0.359375
vt 0.468750 0.359375
vt 0.484375 0.359375
vt 0.390625 0.261719
vt 0.390625 0.984375
vt 0.382812 0.968750
vt 0.382812 0.984375
vt 0.382812 0.261719
vt 0.492188 0.343750
vt 0.484375 0.343750
vt 0.382812 0.888672
vt 0.382812 0.890625
vt 0.382812 0.964844
vt 0.468750 0.265625
vt 0.437500 0.265625
vt 0.382812 0.341797
vt 0.382812 0.906250
vt 0.468750 0.304688
vt 0.382812 0.929688
vt 0.382812 0.937500
vt 0.382812 0.779297
vt 0.382812 0.781250
vt 0.382812 0.804688
vt 0.382812 0.812500
vt 0.382812 0.992188
vt 0.382812 1.000000
vt 0.382812 0.218750
vt 0.382812 0.250000
vt 0.382812 0.718750
vt 0.382812 0.750000
vt 0.382812 0.498047
vt 0.382812 0.500000
vt 0.382812 0.367188
vt 0.382812 0.375000
vt 0.382812 0.871094
vt 0.382812 0.875000
vt 0.382812 0.914062
vt 0.382812 0.921875
vt 0.382812 0.324219
vt 0.382812 0.328125
vt 0.382812 0.289062
vt 0.382812 0.296875
vt 0.382812 0.949219
vt 0.382812 0.953125
vt 0.382812 0.945312
vt 0.382812 0.302734
vt 0.382812 0.927734
vt 0.375000 0.927734
vt 0.375000 0.929688
vt 0.375000 0.312500
vt 0.375000 0.320312
vt 0.375000 0.302734
vt 0.375000 0.304688
vt 0.375000 0.937500
vt 0.375000 0.945312
vt 0.375000 0.949219
vt 0.375000 0.953125
vt 0.375000 0.289062
vt 0.375000 0.296875
vt 0.375000 0.324219
vt 0.375000 0.328125
vt 0.375000 0.914062
vt 0.375000 0.921875
vt 0.375000 0.871094
vt 0.375000 0.875000
vt 0.375000 0.367188
vt 0.375000 0.375000
vt 0.375000 0.498047
vt 0.375000 0.500000
vt 0.375000 0.218750
vt 0.375000 0.250000
vt 0.375000 0.992188
vt 0.375000 1.000000
vt 0.375000 0.429688
vt 0.382812 0.429688
vt 0.382812 0.437500
vt 0.375000 0.437500
vt 0.375000 0.804688
vt 0.375000 0.812500
vt 0.375000 0.779297
vt 0.375000 0.781250
vt 0.375000 0.460938
vt 0.382812 0.460938
vt 0.382812 0.468750
vt 0.375000 0.468750
vt 0.375000 0.890625
vt 0.375000 0.906250
vt 0.375000 0.341797
vt 0.375000 0.343750
vt 0.375000 0.265625
vt 0.375000 0.281250
vt 0.375000 0.964844
vt 0.375000 0.968750
vt 0.375000 0.888672
vt 0.375000 0.359375
vt 0.375000 0.261719
vt 0.375000 0.984375
vt 0.492188 0.359375
vt 0.390625 0.359375
vt 0.390625 0.359375
vt 0.437500 0.312500
vt 0.406250 0.312500
vt 0.468750 0.312500
vt 0.484375 0.304688
vt 0.484375 0.312500
vt 0.390625 0.312500
vt 0.437500 0.281250
vt 0.406250 0.281250
vt 0.468750 0.281250
vt 0.484375 0.265625
vt 0.468750 0.281250
vt 0.437500 0.281250
vt 0.406250 0.281250
vt 0.375000 0.398438
vt 0.382812 0.398438
vt 0.382812 0.406250
vt 0.375000 0.406250
vt 0.375000 0.835938
vt 0.382812 0.835938
vt 0.382812 0.843750
vt 0.375000 0.843750
vt 0.390625 0.835938
vt 0.390625 0.843750
vt 0.406250 0.835938
vt 0.406250 0.843750
vt 0.484375 0.835938
vt 0.492188 0.835938
vt 0.492188 0.843750
vt 0.484375 0.843750
vt 0.484375 0.398438
vt 0.492188 0.398438
vt 0.492188 0.406250
vt 0.484375 0.406250
vt 0.468750 0.835938
vt 0.468750 0.843750
vt 0.437500 0.835938
vt 0.437500 0.843750
vt 0.500000 0.835938
vt 0.500000 0.414062
vt 0.500000 0.406250
vt 0.500000 0.843750
vt 0.273438 0.718750
vt 0.281250 0.718750
vt 0.281250 0.750000
vt 0.273438 0.750000
vt 0.500000 0.398438
vt 0.492188 0.820313
vt 0.500000 0.820312
vt 0.500000 0.828125
vt 0.492188 0.828125
vt 0.500000 0.421875
vt 0.406250 0.820312
vt 0.437500 0.820312
vt 0.437500 0.828125
vt 0.406250 0.828125
vt 0.468750 0.820312
vt 0.468750 0.828125
vt 0.484375 0.820312
vt 0.484375 0.828125
vt 0.390625 0.820312
vt 0.390625 0.828125
vt 0.382812 0.820312
vt 0.382812 0.828125
vt 0.375000 0.820312
vt 0.375000 0.828125
vt 0.375000 0.414062
vt 0.382812 0.414062
vt 0.382812 0.421875
vt 0.375000 0.421875
vt 0.484375 0.414062
vt 0.492188 0.414063
vt 0.492188 0.421875
vt 0.484375 0.421875
vt 0.289062 0.718750
vt 0.296875 0.718750
vt 0.296875 0.750000
vt 0.289062 0.750000
vt 0.375000 0.763672
vt 0.382812 0.763672
vt 0.382812 0.765625
vt 0.375000 0.765625
vt 0.375000 0.482422
vt 0.382812 0.482422
vt 0.382812 0.484375
vt 0.375000 0.484375
vt 0.390625 0.763672
vt 0.390625 0.765625
vt 0.406250 0.763672
vt 0.406250 0.765625
vt 0.484375 0.482422
vt 0.492188 0.482422
vt 0.492188 0.484375
vt 0.484375 0.484375
vt 0.484375 0.763672
vt 0.492188 0.763672
vt 0.492188 0.765625
vt 0.484375 0.765625
vt 0.468750 0.763672
vt 0.468750 0.765625
vt 0.437500 0.763672
vt 0.437500 0.765625
vt 0.500000 0.763672
vt 0.500000 0.765625
vt 0.357422 0.718750
vt 0.359375 0.718750
vt 0.359375 0.750000
vt 0.357422 0.750000
vt 0.500000 0.748047
vt 0.500000 0.753906
vt 0.500000 0.796875
vt 0.500000 0.789062
vt 0.375000 0.445312
vt 0.382812 0.445312
vt 0.382812 0.453125
vt 0.375000 0.453125
vt 0.375000 0.789062
vt 0.382812 0.789062
vt 0.382812 0.796875
vt 0.375000 0.796875
vt 0.390625 0.789062
vt 0.390625 0.796875
vt 0.406250 0.789062
vt 0.406250 0.796875
vt 0.484375 0.789062
vt 0.492188 0.789063
vt 0.492188 0.796875
vt 0.484375 0.796875
vt 0.484375 0.445312
vt 0.492188 0.445313
vt 0.492188 0.453125
vt 0.484375 0.453125
vt 0.468750 0.789062
vt 0.468750 0.796875
vt 0.437500 0.789062
vt 0.437500 0.796875
vt 0.320312 0.718750
vt 0.328125 0.718750
vt 0.328125 0.750000
vt 0.320312 0.750000
vt 0.500000 0.445312
vt 0.500000 0.453125
vt 0.492188 0.382813
vt 0.500000 0.382812
vt 0.500000 0.390625
vt 0.492188 0.390625
vt 0.257812 0.718750
vt 0.265625 0.718750
vt 0.265625 0.750000
vt 0.257812 0.750000
vt 0.484375 0.382812
vt 0.484375 0.390625
vt 0.375000 0.382812
vt 0.382812 0.382812
vt 0.382812 0.390625
vt 0.375000 0.390625
vt 0.375000 0.851562
vt 0.382812 0.851562
vt 0.382812 0.859375
vt 0.375000 0.859375
vt 0.390625 0.851562
vt 0.390625 0.859375
vt 0.406250 0.851562
vt 0.406250 0.859375
vt 0.484375 0.851562
vt 0.492188 0.851563
vt 0.492188 0.859375
vt 0.484375 0.859375
vt 0.468750 0.851562
vt 0.468750 0.859375
vt 0.437500 0.851562
vt 0.437500 0.859375
vt 0.500000 0.851562
vt 0.500000 0.859375
vt 0.257812 0.593750
vt 0.265625 0.593750
vt 0.265625 0.625000
vt 0.257812 0.625000
vt 0.320312 0.593750
vt 0.328125 0.593750
vt 0.328125 0.625000
vt 0.320312 0.625000
vt 0.500000 0.583984
vt 0.500000 0.582031
vt 0.500000 0.625000
vt 0.500000 0.625000
vt 0.349609 0.718750
vt 0.351562 0.718750
vt 0.351562 0.750000
vt 0.349609 0.750000
vt 0.349609 0.593750
vt 0.351562 0.593750
vt 0.351562 0.625000
vt 0.349609 0.625000
vt 0.357422 0.593750
vt 0.359375 0.593750
vt 0.359375 0.625000
vt 0.357422 0.625000
vt 0.492188 0.474609
vt 0.500000 0.474609
vt 0.500000 0.476562
vt 0.492188 0.476562
vt 0.492188 0.755859
vt 0.500000 0.755859
vt 0.500000 0.757812
vt 0.492188 0.757812
vt 0.406250 0.755859
vt 0.437500 0.755859
vt 0.437500 0.757812
vt 0.406250 0.757812
vt 0.468750 0.755859
vt 0.468750 0.757812
vt 0.484375 0.755859
vt 0.484375 0.757812
vt 0.484375 0.474609
vt 0.484375 0.476562
vt 0.390625 0.755859
vt 0.390625 0.757812
vt 0.382812 0.755859
vt 0.382812 0.757812
vt 0.375000 0.474609
vt 0.382812 0.474609
vt 0.382812 0.476562
vt 0.375000 0.476562
vt 0.375000 0.755859
vt 0.375000 0.757812
vt 0.289062 0.593750
vt 0.296875 0.593750
vt 0.296875 0.625000
vt 0.289062 0.625000
vt 0.273438 0.593750
vt 0.281250 0.593750
vt 0.281250 0.625000
vt 0.273438 0.625000
vt 0.375000 0.771484
vt 0.382812 0.771484
vt 0.382812 0.773438
vt 0.375000 0.773438
vt 0.375000 0.093750
vt 0.382812 0.093750
vt 0.382812 0.125000
vt 0.375000 0.125000
vt 0.375000 0.593750
vt 0.382812 0.593750
vt 0.382812 0.625000
vt 0.375000 0.625000
vt 0.375000 0.490234
vt 0.382812 0.490234
vt 0.382812 0.492188
vt 0.375000 0.492188
vt 0.390625 0.593750
vt 0.390625 0.625000
vt 0.390625 0.093750
vt 0.390625 0.125000
vt 0.390625 0.771484
vt 0.390625 0.773438
vt 0.406250 0.771484
vt 0.406250 0.773438
vt 0.406250 0.093750
vt 0.406250 0.125000
vt 0.406250 0.593750
vt 0.406250 0.625000
vt 0.382812 0.445312
vt 0.382812 0.437500
vt 0.382812 0.437500
vt 0.382812 0.445312
vt 0.802734 0.593750
vt 0.804688 0.593750
vt 0.804688 0.625000
vt 0.802734 0.625000
vt 0.187500 0.593750
vt 0.195312 0.593750
vt 0.195312 0.625000
vt 0.187500 0.625000
vt 0.177734 0.593750
vt 0.179688 0.593750
vt 0.179688 0.625000
vt 0.177734 0.625000
vt 0.812500 0.593750
vt 0.820312 0.593750
vt 0.820312 0.625000
vt 0.812500 0.625000
vt 0.164062 0.593750
vt 0.171875 0.593750
vt 0.171875 0.625000
vt 0.164062 0.625000
vt 0.824219 0.593750
vt 0.828125 0.593750
vt 0.828125 0.625000
vt 0.824219 0.625000
vt 0.789062 0.593750
vt 0.796875 0.593750
vt 0.796875 0.625000
vt 0.789062 0.625000
vt 0.199219 0.593750
vt 0.203125 0.593750
vt 0.203125 0.625000
vt 0.199219 0.625000
vt 0.484375 0.490234
vt 0.492188 0.490234
vt 0.492188 0.492188
vt 0.484375 0.492188
vt 0.484375 0.562500
vt 0.484375 0.531250
vt 0.484375 0.531250
vt 0.484375 0.562500
vt 0.484375 0.093750
vt 0.492188 0.093750
vt 0.492188 0.125000
vt 0.484375 0.125000
vt 0.484375 0.771484
vt 0.492188 0.771484
vt 0.492188 0.773438
vt 0.484375 0.773438
vt 0.484375 0.460938
vt 0.484375 0.468750
vt 0.484375 0.468750
vt 0.484375 0.460938
vt 0.468750 0.593750
vt 0.484375 0.593750
vt 0.484375 0.625000
vt 0.468750 0.625000
vt 0.468750 0.093750
vt 0.468750 0.125000
vt 0.468750 0.771484
vt 0.468750 0.773438
vt 0.437500 0.378906
vt 0.468750 0.378906
vt 0.468750 0.378906
vt 0.437500 0.378906
vt 0.437500 0.593750
vt 0.437500 0.625000
vt 0.437500 0.093750
vt 0.437500 0.125000
vt 0.437500 0.771484
vt 0.437500 0.773438
vt 0.382812 0.390625
vt 0.382812 0.382812
vt 0.382812 0.382812
vt 0.382812 0.390625
vt 0.843750 0.593750
vt 0.859375 0.593750
vt 0.859375 0.625000
vt 0.843750 0.625000
vt 0.136719 0.593750
vt 0.140625 0.593750
vt 0.140625 0.625000
vt 0.136719 0.625000
vt 0.218750 0.593750
vt 0.234375 0.593750
vt 0.234375 0.625000
vt 0.218750 0.625000
vt 0.763672 0.593750
vt 0.765625 0.593750
vt 0.765625 0.625000
vt 0.763672 0.625000
vt 0.839844 0.593750
vt 0.839844 0.625000
vt 0.156250 0.593750
vt 0.156250 0.625000
vt 0.216797 0.593750
vt 0.216797 0.625000
vt 0.781250 0.593750
vt 0.781250 0.625000
vt 0.734375 0.593750
vt 0.742188 0.593750
vt 0.742188 0.625000
vt 0.734375 0.625000
vt 0.562500 0.625000
vt 0.562500 0.666016
vt 0.656250 0.593750
vt 0.664062 0.593750
vt 0.664062 0.625000
vt 0.656250 0.625000
vt 0.578125 0.585938
vt 0.578125 0.625000
vt 0.570312 0.625000
vt 0.570312 0.585938
vt 0.566406 0.093750
vt 0.570312 0.093750
vt 0.570312 0.125000
vt 0.566406 0.125000
vt 0.609375 0.093750
vt 0.617188 0.093750
vt 0.617188 0.125000
vt 0.609375 0.125000
vt 0.625000 0.585938
vt 0.625000 0.625000
vt 0.617188 0.625000
vt 0.617188 0.585938
vt 0.718750 0.593750
vt 0.718750 0.625000
vt 0.687500 0.593750
vt 0.703125 0.593750
vt 0.703125 0.625000
vt 0.687500 0.625000
vt 0.671875 0.593750
vt 0.671875 0.625000
vt 0.593750 0.093750
vt 0.593750 0.125000
vt 0.609375 0.625000
vt 0.609375 0.585938
vt 0.593750 0.585938
vt 0.593750 0.625000
vt 0.578125 0.093750
vt 0.578125 0.125000
vt 0.500000 0.093750
vt 0.562500 0.093750
vt 0.562500 0.125000
vt 0.500000 0.125000
vt 0.564453 0.585938
vt 0.564453 0.625000
vt 0.562500 0.625000
vt 0.562500 0.585938
vt 0.562500 0.664062
vt 0.500000 0.499756
vt 0.500000 0.497070
vt 0.500000 0.600342
vt 0.500000 0.579102
vt 0.500000 0.558594
vt 0.500000 0.575195
vt 0.500000 0.515381
vt 0.500000 0.494141
vt 0.500000 0.492188
vt 0.500000 0.508789
vt 0.500000 0.616455
vt 0.500000 0.643555
vt 0.500000 0.625000
vt 0.500000 0.593750
vt 0.500000 0.707275
vt 0.500000 0.717773
vt 0.500000 0.699219
vt 0.500000 0.684570
vt 0.500000 0.749268
vt 0.500000 0.759766
vt 0.500000 0.743164
vt 0.335938 0.593750
vt 0.343750 0.593750
vt 0.343750 0.625000
vt 0.335938 0.625000
vt 0.500000 0.771484
vt 0.500000 0.773438
vt 0.304688 0.593750
vt 0.312500 0.593750
vt 0.312500 0.625000
vt 0.304688 0.625000
vt 0.484375 0.500000
vt 0.500000 0.490234
vt 0.750000 0.593750
vt 0.750000 0.625000
vt 0.242188 0.593750
vt 0.250000 0.593750
vt 0.250000 0.625000
vt 0.242188 0.625000
vt 0.365234 0.718750
vt 0.367188 0.718750
vt 0.367188 0.750000
vt 0.365234 0.750000
vt 0.365234 0.593750
vt 0.367188 0.593750
vt 0.367188 0.625000
vt 0.365234 0.625000
vt 0.373047 0.593750
vt 0.373047 0.625000
vt 0.625000 0.093750
vt 0.625000 0.125000
vt 0.867188 0.593750
vt 0.875000 0.593750
vt 0.875000 0.625000
vt 0.867188 0.625000
vt 0.253906 0.593750
vt 0.253906 0.625000
vt 0.375000 0.378906
vt 0.382812 0.378906
vt 0.484375 0.437500
vt 0.484375 0.445312
vt 0.484375 0.445312
vt 0.484375 0.437500
vt 0.406250 0.378906
vt 0.406250 0.378906
vt 0.484375 0.378906
vt 0.492188 0.378906
vt 0.484375 0.382812
vt 0.484375 0.390625
vt 0.484375 0.390625
vt 0.484375 0.382812
vt 0.382812 0.429688
vt 0.382812 0.421875
vt 0.382812 0.421875
vt 0.382812 0.429688
vt 0.437500 0.496094
vt 0.406250 0.496094
vt 0.406250 0.496094
vt 0.437500 0.496094
vt 0.253906 0.718750
vt 0.253906 0.750000
vt 0.382812 0.867188
vt 0.375000 0.867188
vt 0.390625 0.867188
vt 0.406250 0.867188
vt 0.492188 0.867188
vt 0.484375 0.867188
vt 0.468750 0.867188
vt 0.437500 0.867188
vt 0.500000 0.867188
vt 0.382812 0.453125
vt 0.382812 0.453125
vt 0.484375 0.421875
vt 0.484375 0.429688
vt 0.484375 0.429688
vt 0.484375 0.421875
vt 0.468750 0.496094
vt 0.468750 0.496094
vt 0.484375 0.453125
vt 0.484375 0.453125
vt 0.382812 0.414062
vt 0.382812 0.406250
vt 0.382812 0.406250
vt 0.382812 0.414062
vt 0.484375 0.496094
vt 0.484375 0.496094
vt 0.382812 0.482422
vt 0.382812 0.480469
vt 0.382812 0.480469
vt 0.382812 0.482422
vt 0.484375 0.406250
vt 0.484375 0.414062
vt 0.484375 0.414062
vt 0.484375 0.406250
vt 0.390625 0.496094
vt 0.390625 0.496094
vt 0.484375 0.482422
vt 0.484375 0.484375
vt 0.484375 0.484375
vt 0.484375 0.482422
vt 0.382812 0.398438
vt 0.382812 0.398438
vt 0.382812 0.496094
vt 0.382812 0.496094
vt 0.484375 0.398438
vt 0.484375 0.398438
vt 0.382812 0.478516
vt 0.382812 0.476562
vt 0.382812 0.476562
vt 0.382812 0.478516
vt 0.500000 0.710938
vt 0.500000 0.667969
vt 0.500000 0.539062
vt 0.500000 0.496094
vt 0.382812 0.378906
vt 0.382812 0.378906
vt 0.484375 0.478516
vt 0.484375 0.480469
vt 0.484375 0.480469
vt 0.484375 0.478516
vt 0.484375 0.378906
vt 0.484375 0.378906
vt 0.500000 0.585938
vt 0.500000 0.625000
vt 0.500000 0.742188
vt 0.382812 0.494141
vt 0.382812 0.492188
vt 0.382812 0.492188
vt 0.382812 0.494141
vt 0.382812 0.470703
vt 0.382812 0.468750
vt 0.382812 0.468750
vt 0.382812 0.470703
vt 0.484375 0.494141
vt 0.484375 0.494141
vt 0.382812 0.460938
vt 0.382812 0.460938
vt 0.328125 0.656250
vt 0.335938 0.656250
vt 0.335938 0.687500
vt 0.328125 0.687500
vt 0.500000 0.664062
vt 0.500000 0.666016
vt 0.500000 0.707031
vt 0.500000 0.703125
vt 0.312500 0.656250
vt 0.320312 0.656250
vt 0.320312 0.687500
vt 0.312500 0.687500
vt 0.296875 0.656250
vt 0.304688 0.656250
vt 0.304688 0.687500
vt 0.296875 0.687500
vt 0.281250 0.656250
vt 0.289062 0.656250
vt 0.289062 0.687500
vt 0.281250 0.687500
vt 0.265625 0.656250
vt 0.273438 0.656250
vt 0.273438 0.687500
vt 0.265625 0.687500
vt 0.253906 0.656250
vt 0.257812 0.656250
vt 0.257812 0.687500
vt 0.253906 0.687500
vt 0.617188 0.031250
vt 0.625000 0.031250
vt 0.625000 0.062500
vt 0.617188 0.062500
vt 0.369141 0.593750
vt 0.371094 0.593750
vt 0.371094 0.625000
vt 0.369141 0.625000
vt 0.365234 0.656250
vt 0.367188 0.656250
vt 0.367188 0.687500
vt 0.365234 0.687500
vt 0.492188 0.031250
vt 0.500000 0.031250
vt 0.500000 0.062500
vt 0.492188 0.062500
vt 0.492188 0.767578
vt 0.500000 0.767578
vt 0.500000 0.769531
vt 0.492188 0.769531
vt 0.500000 0.728271
vt 0.500000 0.738770
vt 0.500000 0.728516
vt 0.500000 0.713867
vt 0.500000 0.661865
vt 0.500000 0.680664
vt 0.500000 0.662109
vt 0.500000 0.639160
vt 0.500000 0.557861
vt 0.500000 0.536621
vt 0.500000 0.525391
vt 0.500000 0.541992
vt 0.500000 0.589600
vt 0.500000 0.559082
vt 0.500000 0.547852
vt 0.500000 0.573730
vt 0.500000 0.528564
vt 0.500000 0.496094
vt 0.500000 0.521973
vt 0.500000 0.650635
vt 0.500000 0.620117
vt 0.500000 0.599609
vt 0.500000 0.625488
vt 0.562500 0.748047
vt 0.562500 0.707031
vt 0.562500 0.703125
vt 0.562500 0.031250
vt 0.562500 0.062500
vt 0.578125 0.031250
vt 0.593750 0.031250
vt 0.593750 0.062500
vt 0.578125 0.062500
vt 0.570312 0.031250
vt 0.570312 0.062500
vt 0.609375 0.031250
vt 0.609375 0.062500
vt 0.566406 0.031250
vt 0.566406 0.062500
vt 0.406250 0.767578
vt 0.437500 0.767578
vt 0.437500 0.769531
vt 0.406250 0.769531
vt 0.406250 0.031250
vt 0.437500 0.031250
vt 0.437500 0.062500
vt 0.406250 0.062500
vt 0.468750 0.767578
vt 0.468750 0.769531
vt 0.468750 0.031250
vt 0.468750 0.062500
vt 0.484375 0.767578
vt 0.484375 0.769531
vt 0.484375 0.031250
vt 0.484375 0.062500
vt 0.390625 0.031250
vt 0.390625 0.062500
vt 0.390625 0.767578
vt 0.390625 0.769531
vt 0.382812 0.767578
vt 0.382812 0.769531
vt 0.382812 0.031250
vt 0.382812 0.062500
vt 0.375000 0.031250
vt 0.375000 0.062500
vt 0.375000 0.767578
vt 0.375000 0.769531
vt 0.375000 0.751953
vt 0.382812 0.751953
vt 0.382812 0.753906
vt 0.375000 0.753906
vt 0.390625 0.751953
vt 0.390625 0.753906
vt 0.406250 0.751953
vt 0.406250 0.753906
vt 0.484375 0.751953
vt 0.492188 0.751953
vt 0.492188 0.753906
vt 0.484375 0.753906
vt 0.468750 0.751953
vt 0.468750 0.753906
vt 0.437500 0.751953
vt 0.437500 0.753906
vt 0.500000 0.753906
vt 0.353516 0.593750
vt 0.355469 0.593750
vt 0.355469 0.625000
vt 0.353516 0.625000
vt 0.349609 0.656250
vt 0.351562 0.656250
vt 0.351562 0.687500
vt 0.349609 0.687500
vt 0.353516 0.718750
vt 0.355469 0.718750
vt 0.355469 0.750000
vt 0.353516 0.750000
vt 0.353516 0.656250
vt 0.355469 0.656250
vt 0.355469 0.687500
vt 0.353516 0.687500
vt 0.357422 0.656250
vt 0.359375 0.656250
vt 0.359375 0.687500
vt 0.357422 0.687500
vt 0.492188 0.478516
vt 0.500000 0.478516
vt 0.500000 0.480469
vt 0.492188 0.480469
vt 0.390625 0.378906
vt 0.390625 0.378906
vt 0.484375 0.474609
vt 0.484375 0.476562
vt 0.484375 0.476562
vt 0.484375 0.474609
vt 0.484375 0.478516
vt 0.484375 0.480469
vt 0.375000 0.478516
vt 0.382812 0.478516
vt 0.382812 0.480469
vt 0.375000 0.480469
vt 0.375000 0.656250
vt 0.382812 0.656250
vt 0.382812 0.687500
vt 0.375000 0.687500
vt 0.375000 0.494141
vt 0.382812 0.494141
vt 0.382812 0.496094
vt 0.375000 0.496094
vt 0.382812 0.486328
vt 0.382812 0.484375
vt 0.382812 0.484375
vt 0.382812 0.486328
vt 0.390625 0.656250
vt 0.390625 0.687500
vt 0.406250 0.656250
vt 0.406250 0.687500
vt 0.802734 0.656250
vt 0.804688 0.656250
vt 0.804688 0.687500
vt 0.802734 0.687500
vt 0.187500 0.656250
vt 0.195312 0.656250
vt 0.195312 0.687500
vt 0.187500 0.687500
vt 0.177734 0.656250
vt 0.179688 0.656250
vt 0.179688 0.687500
vt 0.177734 0.687500
vt 0.812500 0.656250
vt 0.820312 0.656250
vt 0.820312 0.687500
vt 0.812500 0.687500
vt 0.164062 0.656250
vt 0.171875 0.656250
vt 0.171875 0.687500
vt 0.164062 0.687500
vt 0.824219 0.656250
vt 0.828125 0.656250
vt 0.828125 0.687500
vt 0.824219 0.687500
vt 0.789062 0.656250
vt 0.796875 0.656250
vt 0.796875 0.687500
vt 0.789062 0.687500
vt 0.199219 0.656250
vt 0.203125 0.656250
vt 0.203125 0.687500
vt 0.199219 0.687500
vt 0.484375 0.494141
vt 0.492188 0.494141
vt 0.492188 0.496094
vt 0.484375 0.496094
vt 0.492188 0.750000
vt 0.484375 0.750000
vt 0.492188 0.750000
vt 0.468750 0.656250
vt 0.484375 0.656250
vt 0.484375 0.687500
vt 0.468750 0.687500
vt 0.437500 0.656250
vt 0.437500 0.687500
vt 0.484375 0.490234
vt 0.484375 0.492188
vt 0.484375 0.492188
vt 0.484375 0.490234
vt 0.843750 0.656250
vt 0.859375 0.656250
vt 0.859375 0.687500
vt 0.843750 0.687500
vt 0.136719 0.656250
vt 0.140625 0.656250
vt 0.140625 0.687500
vt 0.136719 0.687500
vt 0.218750 0.656250
vt 0.234375 0.656250
vt 0.234375 0.687500
vt 0.218750 0.687500
vt 0.763672 0.656250
vt 0.765625 0.656250
vt 0.765625 0.687500
vt 0.763672 0.687500
vt 0.839844 0.656250
vt 0.839844 0.687500
vt 0.156250 0.656250
vt 0.156250 0.687500
vt 0.216797 0.656250
vt 0.216797 0.687500
vt 0.781250 0.656250
vt 0.781250 0.687500
vt 0.734375 0.656250
vt 0.742188 0.656250
vt 0.742188 0.687500
vt 0.734375 0.687500
vt 0.656250 0.656250
vt 0.664062 0.656250
vt 0.664062 0.687500
vt 0.656250 0.687500
vt 0.578125 0.664062
vt 0.578125 0.703125
vt 0.570312 0.703125
vt 0.570312 0.664062
vt 0.625000 0.664062
vt 0.625000 0.703125
vt 0.617188 0.703125
vt 0.617188 0.664062
vt 0.718750 0.656250
vt 0.718750 0.687500
vt 0.687500 0.656250
vt 0.703125 0.656250
vt 0.703125 0.687500
vt 0.687500 0.687500
vt 0.671875 0.656250
vt 0.671875 0.687500
vt 0.609375 0.703125
vt 0.609375 0.664062
vt 0.593750 0.664062
vt 0.593750 0.703125
vt 0.564453 0.664062
vt 0.564453 0.703125
vt 0.500000 0.494385
vt 0.500000 0.491699
vt 0.500000 0.670654
vt 0.500000 0.697754
vt 0.500000 0.656250
vt 0.500000 0.699463
vt 0.500000 0.718262
vt 0.500000 0.708008
vt 0.500000 0.685059
vt 0.500000 0.737061
vt 0.500000 0.730957
vt 0.343750 0.656250
vt 0.343750 0.687500
vt 0.484375 0.593750
vt 0.750000 0.656250
vt 0.750000 0.687500
vt 0.242188 0.656250
vt 0.250000 0.656250
vt 0.250000 0.687500
vt 0.242188 0.687500
vt 0.369141 0.718750
vt 0.371094 0.718750
vt 0.371094 0.750000
vt 0.369141 0.750000
vt 0.369141 0.656250
vt 0.371094 0.656250
vt 0.371094 0.687500
vt 0.369141 0.687500
vt 0.373047 0.656250
vt 0.373047 0.687500
vt 0.867188 0.656250
vt 0.875000 0.656250
vt 0.875000 0.687500
vt 0.867188 0.687500
vt 0.437500 0.378906
vt 0.406250 0.378906
vt 0.468750 0.378906
vt 0.390625 0.378906
vt 0.484375 0.486328
vt 0.484375 0.486328
vt 0.382812 0.490234
vt 0.484375 0.470703
vt 0.484375 0.470703
vt 0.382812 0.474609
vt 0.390625 0.496094
vt 0.406250 0.496094
vt 0.468750 0.496094
vt 0.437500 0.496094
vt 0.406250 0.460938
vt 0.437500 0.460938
vt 0.437500 0.468750
vt 0.406250 0.468750
vt 0.406250 0.429688
vt 0.437500 0.429688
vt 0.437500 0.437500
vt 0.406250 0.437500
vt 0.468750 0.460938
vt 0.468750 0.468750
vt 0.468750 0.429688
vt 0.468750 0.437500
vt 0.390625 0.429688
vt 0.390625 0.437500
vt 0.390625 0.460938
vt 0.390625 0.468750
vt 0.390625 0.398438
vt 0.390625 0.406250
vt 0.406250 0.398438
vt 0.406250 0.406250
vt 0.468750 0.398438
vt 0.468750 0.406250
vt 0.437500 0.398438
vt 0.437500 0.406250
vt 0.390625 0.414062
vt 0.390625 0.421875
vt 0.406250 0.414062
vt 0.406250 0.421875
vt 0.468750 0.414062
vt 0.468750 0.421875
vt 0.437500 0.414062
vt 0.437500 0.421875
vt 0.390625 0.482422
vt 0.390625 0.484375
vt 0.406250 0.482422
vt 0.406250 0.484375
vt 0.468750 0.482422
vt 0.468750 0.484375
vt 0.437500 0.482422
vt 0.437500 0.484375
vt 0.390625 0.445312
vt 0.390625 0.453125
vt 0.406250 0.445312
vt 0.406250 0.453125
vt 0.468750 0.445312
vt 0.468750 0.453125
vt 0.437500 0.445312
vt 0.437500 0.453125
vt 0.406250 0.382812
vt 0.437500 0.382812
vt 0.437500 0.390625
vt 0.406250 0.390625
vt 0.468750 0.382812
vt 0.468750 0.390625
vt 0.390625 0.382812
vt 0.390625 0.390625
vt 0.406250 0.474609
vt 0.437500 0.474609
vt 0.437500 0.476562
vt 0.406250 0.476562
vt 0.468750 0.474609
vt 0.468750 0.476562
vt 0.390625 0.474609
vt 0.390625 0.476562
vt 0.382812 0.474609
vt 0.382812 0.490234
vt 0.390625 0.490234
vt 0.390625 0.492188
vt 0.406250 0.490234
vt 0.406250 0.492188
vt 0.468750 0.490234
vt 0.468750 0.492188
vt 0.437500 0.490234
vt 0.437500 0.492188
vt 0.406250 0.478516
vt 0.437500 0.478516
vt 0.437500 0.480469
vt 0.406250 0.480469
vt 0.468750 0.478516
vt 0.468750 0.480469
vt 0.390625 0.478516
vt 0.390625 0.480469
vt 0.390625 0.494141
vt 0.406250 0.494141
vt 0.468750 0.494141
vt 0.437500 0.494141
vt 0.406250 0.486328
vt 0.437500 0.486328
vt 0.437500 0.488281
vt 0.406250 0.488281
vt 0.468750 0.486328
vt 0.468750 0.488281
vt 0.484375 0.486328
vt 0.484375 0.488281
vt 0.390625 0.486328
vt 0.390625 0.488281
vt 0.382812 0.488281
vt 0.390625 0.470703
vt 0.390625 0.472656
vt 0.382812 0.472656
vt 0.406250 0.470703
vt 0.406250 0.472656
vt 0.468750 0.470703
vt 0.484375 0.470703
vt 0.484375 0.472656
vt 0.468750 0.472656
vt 0.437500 0.470703
vt 0.437500 0.472656
vt 0.382812 0.472656
vt 0.382812 0.472656
vt 0.382812 0.470703
vt 0.484375 0.472656
vt 0.484375 0.472656
vt 0.382812 0.488281
vt 0.382812 0.488281
vt 0.382812 0.486328
vt 0.484375 0.488281
vt 0.484375 0.488281
vt 0.250000 0.531250
vt 0.253906 0.531250
vt 0.253906 0.562500
vt 0.250000 0.562500
vt 0.500000 0.526123
vt 0.500000 0.514160
vt 0.500000 0.502930
vt 0.500000 0.510254
vt 0.345703 0.656250
vt 0.347656 0.656250
vt 0.347656 0.687500
vt 0.345703 0.687500
vt 0.353516 0.531250
vt 0.355469 0.531250
vt 0.355469 0.562500
vt 0.353516 0.562500
vt 0.500000 0.711670
vt 0.500000 0.681152
vt 0.500000 0.651367
vt 0.500000 0.677246
vt 0.500000 0.624268
vt 0.500000 0.643066
vt 0.500000 0.616211
vt 0.500000 0.593262
vt 0.500000 0.757080
vt 0.500000 0.759277
vt 0.500000 0.749023
vt 0.500000 0.742676
vt 0.361328 0.656250
vt 0.363281 0.656250
vt 0.363281 0.687500
vt 0.361328 0.687500
vt 0.369141 0.531250
vt 0.371094 0.531250
vt 0.371094 0.562500
vt 0.369141 0.562500
vt 0.500000 0.507812
vt 0.500000 0.501953
vt 0.500000 0.542969
vt 0.500000 0.546875
vt 0.328125 0.531250
vt 0.335938 0.531250
vt 0.335938 0.562500
vt 0.328125 0.562500
vt 0.312500 0.531250
vt 0.320312 0.531250
vt 0.320312 0.562500
vt 0.312500 0.562500
vt 0.296875 0.531250
vt 0.304688 0.531250
vt 0.304688 0.562500
vt 0.296875 0.562500
vt 0.281250 0.531250
vt 0.289062 0.531250
vt 0.289062 0.562500
vt 0.281250 0.562500
vt 0.265625 0.531250
vt 0.273438 0.531250
vt 0.273438 0.562500
vt 0.265625 0.562500
vt 0.257812 0.531250
vt 0.257812 0.562500
vt 0.867188 0.531250
vt 0.875000 0.531250
vt 0.875000 0.562500
vt 0.867188 0.562500
vt 0.373047 0.531250
vt 0.375000 0.531250
vt 0.375000 0.562500
vt 0.373047 0.562500
vt 0.361328 0.593750
vt 0.363281 0.593750
vt 0.363281 0.625000
vt 0.361328 0.625000
vt 0.361328 0.531250
vt 0.363281 0.531250
vt 0.363281 0.562500
vt 0.361328 0.562500
vt 0.365234 0.531250
vt 0.367188 0.531250
vt 0.367188 0.562500
vt 0.365234 0.562500
vt 0.361328 0.718750
vt 0.363281 0.718750
vt 0.363281 0.750000
vt 0.361328 0.750000
vt 0.242188 0.531250
vt 0.242188 0.562500
vt 0.742188 0.531250
vt 0.750000 0.531250
vt 0.750000 0.562500
vt 0.742188 0.562500
vt 0.492188 0.486328
vt 0.500000 0.488281
vt 0.492188 0.488281
vt 0.500000 0.656250
vt 0.671875 0.531250
vt 0.687500 0.531250
vt 0.687500 0.562500
vt 0.671875 0.562500
vt 0.343750 0.531250
vt 0.343750 0.562500
vt 0.500000 0.761475
vt 0.500000 0.761719
vt 0.500000 0.755371
vt 0.500000 0.686279
vt 0.500000 0.696777
vt 0.500000 0.669922
vt 0.500000 0.655273
vt 0.500000 0.748291
vt 0.500000 0.750488
vt 0.500000 0.723633
vt 0.500000 0.717285
vt 0.500000 0.752686
vt 0.500000 0.754883
vt 0.500000 0.736328
vt 0.500000 0.729980
vt 0.500000 0.562256
vt 0.500000 0.589355
vt 0.500000 0.562500
vt 0.500000 0.531250
vt 0.500000 0.642822
vt 0.500000 0.621582
vt 0.500000 0.591797
vt 0.500000 0.608398
vt 0.500000 0.505127
vt 0.500000 0.502441
vt 0.500000 0.472656
vt 0.500000 0.470703
vt 0.500000 0.573975
vt 0.500000 0.562012
vt 0.500000 0.532227
vt 0.500000 0.539551
vt 0.500000 0.550049
vt 0.500000 0.538086
vt 0.500000 0.517578
vt 0.500000 0.524902
vt 0.564453 0.507812
vt 0.564453 0.546875
vt 0.562500 0.546875
vt 0.609375 0.507812
vt 0.609375 0.546875
vt 0.593750 0.546875
vt 0.593750 0.507812
vt 0.703125 0.531250
vt 0.718750 0.531250
vt 0.718750 0.562500
vt 0.703125 0.562500
vt 0.578125 0.546875
vt 0.578125 0.507812
vt 0.617188 0.507812
vt 0.617188 0.546875
vt 0.664062 0.531250
vt 0.664062 0.562500
vt 0.734375 0.531250
vt 0.734375 0.562500
vt 0.625000 0.507812
vt 0.625000 0.546875
vt 0.570312 0.546875
vt 0.570312 0.507812
vt 0.656250 0.531250
vt 0.656250 0.562500
vt 0.179688 0.531250
vt 0.187500 0.531250
vt 0.187500 0.562500
vt 0.179688 0.562500
vt 0.804688 0.531250
vt 0.812500 0.531250
vt 0.812500 0.562500
vt 0.804688 0.562500
vt 0.765625 0.531250
vt 0.781250 0.531250
vt 0.781250 0.562500
vt 0.765625 0.562500
vt 0.216797 0.531250
vt 0.218750 0.531250
vt 0.218750 0.562500
vt 0.216797 0.562500
vt 0.140625 0.531250
vt 0.156250 0.531250
vt 0.156250 0.562500
vt 0.140625 0.562500
vt 0.839844 0.531250
vt 0.843750 0.531250
vt 0.843750 0.562500
vt 0.839844 0.562500
vt 0.763672 0.531250
vt 0.763672 0.562500
vt 0.234375 0.531250
vt 0.234375 0.562500
vt 0.136719 0.531250
vt 0.136719 0.562500
vt 0.859375 0.531250
vt 0.859375 0.562500
vt 0.406250 0.531250
vt 0.437500 0.531250
vt 0.437500 0.562500
vt 0.406250 0.562500
vt 0.468750 0.531250
vt 0.468750 0.562500
vt 0.484375 0.687500
vt 0.484375 0.718750
vt 0.199219 0.531250
vt 0.203125 0.531250
vt 0.203125 0.562500
vt 0.199219 0.562500
vt 0.789062 0.531250
vt 0.796875 0.531250
vt 0.796875 0.562500
vt 0.789062 0.562500
vt 0.824219 0.531250
vt 0.828125 0.531250
vt 0.828125 0.562500
vt 0.824219 0.562500
vt 0.164062 0.531250
vt 0.171875 0.531250
vt 0.171875 0.562500
vt 0.164062 0.562500
vt 0.820312 0.531250
vt 0.820312 0.562500
vt 0.177734 0.531250
vt 0.177734 0.562500
vt 0.195312 0.531250
vt 0.195312 0.562500
vt 0.802734 0.531250
vt 0.802734 0.562500
vt 0.390625 0.531250
vt 0.390625 0.562500
vt 0.382812 0.531250
vt 0.382812 0.562500
vt 0.375000 0.486328
vt 0.375000 0.488281
vt 0.375000 0.470703
vt 0.375000 0.472656
vt 0.492188 0.470703
vt 0.492188 0.472656
vt 0.357422 0.531250
vt 0.359375 0.531250
vt 0.359375 0.562500
vt 0.357422 0.562500
vt 0.345703 0.593750
vt 0.347656 0.593750
vt 0.347656 0.625000
vt 0.345703 0.625000
vt 0.345703 0.531250
vt 0.347656 0.531250
vt 0.347656 0.562500
vt 0.345703 0.562500
vt 0.349609 0.531250
vt 0.351562 0.531250
vt 0.351562 0.562500
vt 0.349609 0.562500
vt 0.345703 0.718750
vt 0.347656 0.718750
vt 0.347656 0.750000
vt 0.345703 0.750000
vt 0.492188 0.759766
vt 0.492188 0.761719
vt 0.406250 0.759766
vt 0.437500 0.759766
vt 0.437500 0.761719
vt 0.406250 0.761719
vt 0.468750 0.759766
vt 0.468750 0.761719
vt 0.484375 0.759766
vt 0.484375 0.761719
vt 0.390625 0.759766
vt 0.390625 0.761719
vt 0.382812 0.759766
vt 0.382812 0.761719
vt 0.375000 0.759766
vt 0.375000 0.761719
vt 0.375000 0.775391
vt 0.382812 0.775391
vt 0.382812 0.777344
vt 0.375000 0.777344
vt 0.375000 0.156250
vt 0.382812 0.156250
vt 0.382812 0.187500
vt 0.375000 0.187500
vt 0.390625 0.156250
vt 0.390625 0.187500
vt 0.390625 0.775391
vt 0.390625 0.777344
vt 0.406250 0.775391
vt 0.406250 0.777344
vt 0.406250 0.156250
vt 0.406250 0.187500
vt 0.484375 0.156250
vt 0.492188 0.156250
vt 0.492188 0.187500
vt 0.484375 0.187500
vt 0.484375 0.775391
vt 0.492188 0.775391
vt 0.492188 0.777344
vt 0.484375 0.777344
vt 0.468750 0.156250
vt 0.468750 0.187500
vt 0.468750 0.775391
vt 0.468750 0.777344
vt 0.437500 0.156250
vt 0.437500 0.187500
vt 0.437500 0.775391
vt 0.437500 0.777344
vt 0.562500 0.542969
vt 0.562500 0.583984
vt 0.566406 0.156250
vt 0.570312 0.156250
vt 0.570312 0.187500
vt 0.566406 0.187500
vt 0.609375 0.156250
vt 0.617188 0.156250
vt 0.617188 0.187500
vt 0.609375 0.187500
vt 0.593750 0.156250
vt 0.593750 0.187500
vt 0.578125 0.156250
vt 0.578125 0.187500
vt 0.500000 0.156250
vt 0.562500 0.156250
vt 0.562500 0.187500
vt 0.500000 0.187500
vt 0.500000 0.502197
vt 0.500000 0.495605
vt 0.500000 0.775391
vt 0.500000 0.777344
vt 0.625000 0.156250
vt 0.625000 0.187500
vt 0.257812 0.500000
vt 0.265625 0.500000
vt 0.320312 0.500000
vt 0.328125 0.500000
vt 0.349609 0.500000
vt 0.351562 0.500000
vt 0.343750 0.500000
vt 0.345703 0.500000
vt 0.347656 0.500000
vt 0.357422 0.500000
vt 0.359375 0.500000
vt 0.289062 0.500000
vt 0.296875 0.500000
vt 0.273438 0.500000
vt 0.281250 0.500000
vt 0.802734 0.500000
vt 0.804688 0.500000
vt 0.187500 0.500000
vt 0.195312 0.500000
vt 0.177734 0.500000
vt 0.179688 0.500000
vt 0.812500 0.500000
vt 0.820312 0.500000
vt 0.164062 0.500000
vt 0.171875 0.500000
vt 0.824219 0.500000
vt 0.828125 0.500000
vt 0.789062 0.500000
vt 0.796875 0.500000
vt 0.199219 0.500000
vt 0.203125 0.500000
vt 0.843750 0.500000
vt 0.859375 0.500000
vt 0.136719 0.500000
vt 0.140625 0.500000
vt 0.218750 0.500000
vt 0.234375 0.500000
vt 0.763672 0.500000
vt 0.765625 0.500000
vt 0.839844 0.500000
vt 0.156250 0.500000
vt 0.216797 0.500000
vt 0.781250 0.500000
vt 0.734375 0.500000
vt 0.742188 0.500000
vt 0.656250 0.500000
vt 0.664062 0.500000
vt 0.718750 0.500000
vt 0.687500 0.500000
vt 0.703125 0.500000
vt 0.671875 0.500000
vt 0.564453 0.468750
vt 0.500000 0.535156
vt 0.500000 0.746094
vt 0.500000 0.710938
vt 0.500000 0.675781
vt 0.500000 0.640625
vt 0.335938 0.500000
vt 0.304688 0.500000
vt 0.312500 0.500000
vt 0.500000 0.562500
vt 0.500000 0.531250
vt 0.750000 0.500000
vt 0.242188 0.500000
vt 0.250000 0.500000
vt 0.365234 0.500000
vt 0.367188 0.500000
vt 0.361328 0.500000
vt 0.363281 0.500000
vt 0.373047 0.500000
vt 0.867188 0.500000
vt 0.875000 0.500000
vt 0.253906 0.500000
vt 0.369141 0.500000
vt 0.371094 0.500000
vt 0.500000 0.605469
vt 0.500000 0.570312
vt 0.353516 0.500000
vt 0.355469 0.500000
vt 0.375000 0.000000
vt 0.382812 0.000000
vt 0.390625 0.000000
vt 0.406250 0.000000
vt 0.484375 0.000000
vt 0.492188 0.000000
vt 0.468750 0.000000
vt 0.437500 0.000000
vt 0.562500 0.789062
vt 0.566406 0.000000
vt 0.570312 0.000000
vt 0.609375 0.000000
vt 0.617188 0.000000
vt 0.593750 0.000000
vt 0.578125 0.000000
vt 0.500000 0.000000
vt 0.562500 0.000000
vt 0.625000 0.000000
vt 0.500000 0.750000
vt 0.484375 0.656250
vt 0.484375 0.625000
vt 0.500000 0.593750
vt 0.492188 0.718750
vt 0.492188 0.593750
vt 0.492188 0.625000
vt 0.500000 0.625000
vt 0.492188 0.656250
vt 0.492188 0.687500
vt 0.492188 0.531250
vt 0.492188 0.562500
vt 0.593750 0.312500
vt 0.578125 0.265625
vt 0.578125 0.281250
vt 0.609375 0.343750
vt 0.609375 0.359375
vt 0.593750 0.359375
vt 0.609375 0.320312
vt 0.593750 0.359375
vt 0.757812 0.562500
vt 0.757812 0.593750
vt 0.238281 0.562500
vt 0.238281 0.593750
vt 0.757812 0.625000
vt 0.757812 0.656250
vt 0.238281 0.625000
vt 0.238281 0.656250
vt 0.238281 0.687500
vt 0.238281 0.718750
vt 0.757812 0.687500
vt 0.757812 0.718750
vt 0.238281 0.500000
vt 0.238281 0.531250
vt 0.757812 0.500000
vt 0.757812 0.531250
vt 0.382812 0.882812
vt 0.375000 0.882812
vt 0.375000 0.363281
vt 0.382812 0.363281
vt 0.390625 0.363281
vt 0.390625 0.882812
vt 0.406250 0.882812
vt 0.406250 0.363281
vt 0.484375 0.363281
vt 0.492188 0.363281
vt 0.492188 0.882812
vt 0.484375 0.882812
vt 0.468750 0.363281
vt 0.468750 0.882812
vt 0.437500 0.363281
vt 0.437500 0.882812
vt 0.757812 0.750000
vt 0.625000 0.882812
vt 0.617188 0.882812
vt 0.500000 0.882812
vt 0.562500 0.882812
vt 0.593750 0.882812
vt 0.578125 0.882812
vt 0.570312 0.882812
vt 0.609375 0.882812
vt 0.566406 0.882812
vt 0.566406 0.363281
vt 0.570312 0.363281
vt 0.609375 0.363281
vt 0.617188 0.363281
vt 0.593750 0.363281
vt 0.578125 0.363281
vt 0.500000 0.363281
vt 0.562500 0.363281
vt 0.238281 0.750000
vt 0.625000 0.363281
vt 0.785156 0.562500
vt 0.785156 0.593750
vt 0.210938 0.562500
vt 0.210938 0.593750
vt 0.785156 0.625000
vt 0.785156 0.656250
vt 0.210938 0.625000
vt 0.210938 0.656250
vt 0.210938 0.687500
vt 0.210938 0.718750
vt 0.785156 0.687500
vt 0.785156 0.718750
vt 0.210938 0.500000
vt 0.210938 0.531250
vt 0.785156 0.500000
vt 0.785156 0.531250
vt 0.382812 0.335938
vt 0.375000 0.335938
vt 0.375000 0.910156
vt 0.382812 0.910156
vt 0.390625 0.910156
vt 0.390625 0.335938
vt 0.406250 0.335938
vt 0.406250 0.910156
vt 0.609375 0.910156
vt 0.617188 0.910156
vt 0.566406 0.910156
vt 0.570312 0.910156
vt 0.593750 0.910156
vt 0.578125 0.910156
vt 0.500000 0.910156
vt 0.562500 0.910156
vt 0.492188 0.910156
vt 0.625000 0.910156
vt 0.785156 0.750000
vt 0.437500 0.910156
vt 0.468750 0.910156
vt 0.484375 0.910156
vt 0.492188 0.335938
vt 0.484375 0.335938
vt 0.468750 0.335938
vt 0.437500 0.335938
vt 0.625000 0.335938
vt 0.617188 0.335938
vt 0.210938 0.750000
vt 0.500000 0.335938
vt 0.562500 0.335938
vt 0.593750 0.335938
vt 0.578125 0.335938
vt 0.570312 0.335938
vt 0.609375 0.335938
vt 0.566406 0.335938
vt 0.484375 0.908203
vt 0.492188 0.908203
vt 0.468750 0.908203
vt 0.437500 0.908203
vt 0.406250 0.908203
vt 0.783203 0.718750
vt 0.783203 0.750000
vt 0.617188 0.908203
vt 0.625000 0.908203
vt 0.500000 0.908203
vt 0.562500 0.908203
vt 0.578125 0.908203
vt 0.593750 0.908203
vt 0.570312 0.908203
vt 0.609375 0.908203
vt 0.566406 0.908203
vt 0.390625 0.908203
vt 0.382812 0.908203
vt 0.375000 0.908203
vt 0.783203 0.593750
vt 0.783203 0.625000
vt 0.783203 0.656250
vt 0.783203 0.687500
vt 0.783203 0.531250
vt 0.783203 0.562500
vt 0.783203 0.500000
vt 0.214844 0.562500
vt 0.214844 0.593750
vt 0.214844 0.625000
vt 0.214844 0.656250
vt 0.214844 0.687500
vt 0.214844 0.718750
vt 0.214844 0.500000
vt 0.214844 0.531250
vt 0.382812 0.339844
vt 0.375000 0.339844
vt 0.390625 0.339844
vt 0.406250 0.339844
vt 0.492188 0.339844
vt 0.484375 0.339844
vt 0.468750 0.339844
vt 0.437500 0.339844
vt 0.625000 0.339844
vt 0.617188 0.339844
vt 0.214844 0.750000
vt 0.500000 0.339844
vt 0.562500 0.339844
vt 0.593750 0.339844
vt 0.578125 0.339844
vt 0.570312 0.339844
vt 0.609375 0.339844
vt 0.566406 0.339844
vt 0.564453 0.335938
vt 0.564453 0.339844
vt 0.564453 0.908203
vt 0.564453 0.910156
vt 0.564453 0.328125
vt 0.564453 0.914062
vt 0.564453 0.363281
vt 0.564453 0.367188
vt 0.564453 0.875000
vt 0.564453 0.882812
vt 0.566406 0.585938
vt 0.566406 0.546875
vt 0.564453 0.125000
vt 0.564453 0.156250
vt 0.564453 0.062500
vt 0.564453 0.093750
vt 0.566406 0.664062
vt 0.566406 0.625000
vt 0.566406 0.742188
vt 0.566406 0.703125
vt 0.564453 0.000000
vt 0.564453 0.031250
vt 0.564453 0.187500
vt 0.564453 0.218750
vt 0.566406 0.507812
vt 0.564453 0.927734
vt 0.564453 0.929688
vt 0.564453 0.312500
vt 0.564453 0.320312
vt 0.564453 0.302734
vt 0.564453 0.304688
vt 0.564453 0.937500
vt 0.564453 0.945312
vt 0.564453 0.289062
vt 0.564453 0.296875
vt 0.564453 0.949219
vt 0.564453 0.953125
vt 0.564453 0.921875
vt 0.564453 0.324219
vt 0.564453 0.968750
vt 0.564453 0.984375
vt 0.564453 0.261719
vt 0.564453 0.265625
vt 0.564453 0.359375
vt 0.564453 0.888672
vt 0.564453 0.890625
vt 0.564453 0.281250
vt 0.564453 0.964844
vt 0.564453 0.906250
vt 0.564453 0.375000
vt 0.564453 0.382812
vt 0.564453 0.859375
vt 0.564453 0.867188
vt 0.564453 0.789062
vt 0.564453 0.453125
vt 0.564453 0.460938
vt 0.564453 0.390625
vt 0.564453 0.406250
vt 0.564453 0.828125
vt 0.564453 0.843750
vt 0.564453 0.992188
vt 0.564453 1.000000
vt 0.564453 0.250000
vt 0.564453 0.796875
vt 0.564453 0.812500
vt 0.564453 0.421875
vt 0.564453 0.437500
vt 0.566406 0.886719
vt 0.564453 0.886719
vt 0.564453 0.361328
vt 0.566406 0.361328
vt 0.617188 0.361328
vt 0.625000 0.361328
vt 0.236328 0.718750
vt 0.236328 0.750000
vt 0.492188 0.361328
vt 0.500000 0.361328
vt 0.564453 0.339844
vt 0.562500 0.339844
vt 0.578125 0.361328
vt 0.593750 0.361328
vt 0.570312 0.361328
vt 0.609375 0.361328
vt 0.406250 0.361328
vt 0.437500 0.361328
vt 0.468750 0.361328
vt 0.484375 0.361328
vt 0.390625 0.361328
vt 0.382812 0.361328
vt 0.375000 0.361328
vt 0.236328 0.593750
vt 0.236328 0.625000
vt 0.236328 0.656250
vt 0.236328 0.687500
vt 0.236328 0.531250
vt 0.236328 0.562500
vt 0.236328 0.500000
vt 0.761719 0.562500
vt 0.761719 0.593750
vt 0.761719 0.625000
vt 0.761719 0.656250
vt 0.761719 0.687500
vt 0.761719 0.718750
vt 0.761719 0.500000
vt 0.761719 0.531250
vt 0.382812 0.886719
vt 0.375000 0.886719
vt 0.390625 0.886719
vt 0.406250 0.886719
vt 0.492188 0.886719
vt 0.484375 0.886719
vt 0.468750 0.886719
vt 0.437500 0.886719
vt 0.761719 0.750000
vt 0.625000 0.886719
vt 0.617188 0.886719
vt 0.500000 0.886719
vt 0.562500 0.886719
vt 0.593750 0.886719
vt 0.578125 0.886719
vt 0.570312 0.886719
vt 0.609375 0.886719
vt 0.500000 0.363281
vt 0.562500 0.363281
vt 0.562500 0.343750
vt 0.562500 0.359375
vt 0.564453 0.363281
vt 0.564453 0.361328
vt 0.500000 0.359375
vt 0.564453 0.320312
vt 0.564453 0.312500
vt 0.564453 0.359375
vt 0.562500 0.261719
vt 0.562500 0.261719
vt 0.500000 0.261719
vt 0.564453 0.265625
vt 0.564453 0.261719
vt 0.564453 0.304688
vt 0.564453 0.302734
vt 0.564453 0.322266
vt 0.562500 0.322266
vt 0.562500 0.322266
vt 0.564453 0.322266
vt 0.500000 0.341797
vt 0.562500 0.341797
vt 0.500000 0.343750
vt 0.500000 0.361328
vt 0.562500 0.361328
vt 0.500000 0.339844
vt 0.564453 0.300781
vt 0.562500 0.300781
vt 0.562500 0.947266
vt 0.564453 0.947266
vt 0.566406 0.947266
vt 0.566406 0.300781
vt 0.175781 0.562500
vt 0.175781 0.593750
vt 0.822266 0.562500
vt 0.822266 0.593750
vt 0.175781 0.625000
vt 0.175781 0.656250
vt 0.822266 0.625000
vt 0.822266 0.656250
vt 0.822266 0.687500
vt 0.822266 0.718750
vt 0.175781 0.687500
vt 0.175781 0.718750
vt 0.822266 0.500000
vt 0.822266 0.531250
vt 0.175781 0.500000
vt 0.175781 0.531250
vt 0.375000 0.947266
vt 0.382812 0.947266
vt 0.382812 0.300781
vt 0.375000 0.300781
vt 0.390625 0.300781
vt 0.390625 0.947266
vt 0.406250 0.947266
vt 0.406250 0.300781
vt 0.617188 0.300781
vt 0.609375 0.300781
vt 0.570312 0.300781
vt 0.593750 0.300781
vt 0.578125 0.300781
vt 0.500000 0.300781
vt 0.492188 0.300781
vt 0.175781 0.750000
vt 0.625000 0.300781
vt 0.437500 0.300781
vt 0.468750 0.300781
vt 0.484375 0.300781
vt 0.570312 0.947266
vt 0.609375 0.947266
vt 0.617188 0.947266
vt 0.593750 0.947266
vt 0.578125 0.947266
vt 0.500000 0.947266
vt 0.492188 0.947266
vt 0.625000 0.947266
vt 0.822266 0.750000
vt 0.437500 0.947266
vt 0.468750 0.947266
vt 0.484375 0.947266
vt 0.564453 0.925781
vt 0.562500 0.925781
vt 0.566406 0.322266
vt 0.566406 0.925781
vt 0.800781 0.562500
vt 0.800781 0.593750
vt 0.197266 0.562500
vt 0.197266 0.593750
vt 0.800781 0.625000
vt 0.800781 0.656250
vt 0.197266 0.625000
vt 0.197266 0.656250
vt 0.197266 0.687500
vt 0.197266 0.718750
vt 0.800781 0.687500
vt 0.800781 0.718750
vt 0.197266 0.500000
vt 0.197266 0.531250
vt 0.800781 0.500000
vt 0.800781 0.531250
vt 0.375000 0.322266
vt 0.382812 0.322266
vt 0.382812 0.925781
vt 0.375000 0.925781
vt 0.390625 0.925781
vt 0.390625 0.322266
vt 0.406250 0.322266
vt 0.406250 0.925781
vt 0.617188 0.925781
vt 0.609375 0.925781
vt 0.570312 0.925781
vt 0.593750 0.925781
vt 0.578125 0.925781
vt 0.500000 0.925781
vt 0.492188 0.925781
vt 0.625000 0.925781
vt 0.800781 0.750000
vt 0.437500 0.925781
vt 0.468750 0.925781
vt 0.484375 0.925781
vt 0.570312 0.322266
vt 0.609375 0.322266
vt 0.617188 0.322266
vt 0.593750 0.322266
vt 0.578125 0.322266
vt 0.500000 0.322266
vt 0.492188 0.322266
vt 0.197266 0.750000
vt 0.625000 0.322266
vt 0.437500 0.322266
vt 0.468750 0.322266
vt 0.484375 0.322266
vt 0.562500 0.302734
vt 0.500000 0.302734
vt 0.500000 0.304688
vt 0.562500 0.302734
vt 0.562500 0.304688
vt 0.500000 0.320312
vt 0.500000 0.322266
vt 0.562500 0.285156
vt 0.564453 0.285156
vt 0.564453 0.960938
vt 0.562500 0.960938
vt 0.566406 0.960938
vt 0.566406 0.285156
vt 0.160156 0.562500
vt 0.160156 0.593750
vt 0.835938 0.562500
vt 0.835938 0.593750
vt 0.160156 0.625000
vt 0.160156 0.656250
vt 0.835938 0.625000
vt 0.835938 0.656250
vt 0.835938 0.687500
vt 0.835938 0.718750
vt 0.160156 0.687500
vt 0.160156 0.718750
vt 0.835938 0.500000
vt 0.835938 0.531250
vt 0.160156 0.500000
vt 0.160156 0.531250
vt 0.382812 0.960938
vt 0.375000 0.960938
vt 0.375000 0.285156
vt 0.382812 0.285156
vt 0.390625 0.285156
vt 0.390625 0.960938
vt 0.406250 0.960938
vt 0.406250 0.285156
vt 0.609375 0.285156
vt 0.617188 0.285156
vt 0.570312 0.285156
vt 0.593750 0.285156
vt 0.578125 0.285156
vt 0.492188 0.285156
vt 0.160156 0.750000
vt 0.625000 0.285156
vt 0.437500 0.285156
vt 0.468750 0.285156
vt 0.484375 0.285156
vt 0.492188 0.960938
vt 0.484375 0.960938
vt 0.468750 0.960938
vt 0.437500 0.960938
vt 0.835938 0.750000
vt 0.625000 0.960938
vt 0.617188 0.960938
vt 0.500000 0.960938
vt 0.593750 0.960938
vt 0.578125 0.960938
vt 0.570312 0.960938
vt 0.609375 0.960938
vt 0.564453 0.257812
vt 0.562500 0.257812
vt 0.562500 0.988281
vt 0.564453 0.988281
vt 0.566406 0.988281
vt 0.566406 0.257812
vt 0.125000 0.562500
vt 0.132812 0.562500
vt 0.132812 0.593750
vt 0.125000 0.593750
vt 0.863281 0.562500
vt 0.863281 0.593750
vt 0.125000 0.625000
vt 0.132812 0.625000
vt 0.132812 0.656250
vt 0.125000 0.656250
vt 0.863281 0.625000
vt 0.863281 0.656250
vt 0.863281 0.687500
vt 0.863281 0.718750
vt 0.125000 0.687500
vt 0.132812 0.687500
vt 0.132812 0.718750
vt 0.125000 0.718750
vt 0.863281 0.500000
vt 0.863281 0.531250
vt 0.125000 0.500000
vt 0.132812 0.500000
vt 0.132812 0.531250
vt 0.125000 0.531250
vt 0.382812 0.257812
vt 0.375000 0.257812
vt 0.375000 0.988281
vt 0.382812 0.988281
vt 0.390625 0.988281
vt 0.390625 0.257812
vt 0.406250 0.257812
vt 0.406250 0.988281
vt 0.484375 0.988281
vt 0.492188 0.988281
vt 0.492188 0.257812
vt 0.484375 0.257812
vt 0.468750 0.988281
vt 0.468750 0.257812
vt 0.437500 0.988281
vt 0.437500 0.257812
vt 0.625000 0.257812
vt 0.617188 0.257812
vt 0.132812 0.750000
vt 0.125000 0.750000
vt 0.500000 0.257812
vt 0.593750 0.257812
vt 0.578125 0.257812
vt 0.570312 0.257812
vt 0.609375 0.257812
vt 0.570312 0.988281
vt 0.609375 0.988281
vt 0.617188 0.988281
vt 0.593750 0.988281
vt 0.578125 0.988281
vt 0.500000 0.988281
vt 0.625000 0.988281
vt 0.863281 0.750000
vt 0.562500 0.265625
vt 0.562500 0.281250
vt 0.562500 0.285156
vt 0.564453 0.285156
vt 0.500000 0.265625
vt 0.564453 0.281250
vn 0.0000 1.0000 0.0000
vn 0.0000 0.0000 1.0000
vn -1.0000 0.0000 0.0000
vn 0.0000 -1.0000 0.0000
vn 0.0000 0.0000 -1.0000
vn -0.2665 0.0000 -0.9638
vn 1.0000 0.0000 0.0000
vn -0.1368 0.0458 -0.9895
vn 0.0000 1.0000 0.0015
vn -0.1369 0.0038 0.9906
vn -0.2665 0.0000 0.9638
vn 0.9999 -0.0109 0.0000
vn 0.9983 -0.0587 0.0000
vn -0.1369 -0.0305 0.9901
vn 0.0000 -0.4423 -0.8968
vn 0.0000 -0.4423 0.8968
vn -0.1286 -0.3441 -0.9301
vn 0.0000 0.3223 -0.9466
vn 0.0000 -0.3223 0.9466
vn 0.7551 0.0000 0.6556
vn 0.0000 0.3223 -0.9467
vn -0.7551 0.0000 -0.6556
vn -0.7413 0.0004 -0.6711
vn -0.6911 0.0003 -0.7228
vn 0.0000 -0.3223 0.9467
vn -0.1347 -0.1802 -0.9744
vn -0.1286 -0.3441 0.9301
vn -0.1368 0.0458 0.9895
vn -0.1369 0.0229 -0.9903
vn -0.9996 0.0000 0.0267
vn -0.1364 -0.0912 -0.9864
vn -0.1347 -0.1802 0.9744
vn -0.1369 0.0229 0.9903
vn -0.1369 -0.0305 -0.9901
vn 0.9996 0.0004 -0.0267
vn -0.1364 -0.0912 0.9864
vn -0.1369 0.0115 0.9905
vn 0.0000 -1.0000 -0.0015
vn -0.1369 0.0115 -0.9905
vn -0.1369 0.0038 -0.9906
vn 0.9996 0.0000 -0.0267
vn -0.0004 -1.0000 -0.0015
usemtl Material.002
s off
f 2739/1/1 1542/2/1 7/3/1 2699/4/1
f 2705/5/2 2699/6/2 7/7/2 100/8/2
f 1338/9/3 1322/10/3 5/11/3 102/12/3
f 1625/13/4 1544/14/4 4/15/4 1473/16/4
f 2021/17/5 2015/18/5 12/19/5 101/20/5
f 2055/21/4 1474/22/4 11/23/4 2014/24/4
f 157/25/2 146/26/2 10/27/2 103/28/2
f 1489/29/1 1475/30/1 10/31/1 146/32/1
f 1013/33/2 1009/34/2 18/35/2 331/36/2
f 2039/37/6 2016/38/6 17/39/6 330/40/6
f 1506/41/5 1476/42/5 13/43/5 327/44/5
f 892/45/1 1477/46/1 1984/47/1 1975/48/1
f 1348/49/3 1326/50/3 16/51/3 329/52/3
f 2723/53/2 2700/54/2 14/55/2 326/56/2
f 844/57/5 842/58/5 24/59/5 332/60/5
f 861/61/2 857/62/2 23/63/2 333/64/2
f 1484/65/1 1478/66/1 22/67/1 71/68/1
f 111/69/2 71/70/2 22/71/2 104/72/2
f 113/73/5 80/74/5 20/75/5 105/76/5
f 1538/77/4 1479/78/4 19/79/4 841/80/4
f 1347/81/2 1328/82/2 30/83/2 334/84/2
f 874/85/5 872/86/5 27/87/5 335/88/5
f 143/89/5 132/90/5 26/91/5 107/92/5
f 1541/93/4 1481/94/4 25/95/4 871/96/4
f 1624/97/1 1576/98/1 15/99/1 1477/46/1
f 1621/100/1 1378/101/1 653/102/1 1524/103/1
f 17/39/7 31/104/7 32/105/7 18/35/7
f 1009/34/1 1019/106/1 17/39/1 18/35/1
f 1390/107/4 133/108/4 36/109/4 1329/110/4
f 2398/111/7 2357/112/7 35/113/7 1549/114/7
f 2016/38/8 2017/115/8 31/104/8 17/39/8
f 1326/50/3 1330/116/3 3/117/3 16/51/3
f 2700/54/2 2701/118/2 1/119/2 14/55/2
f 1555/120/7 67/121/7 43/122/7 1551/123/7
f 135/124/5 134/125/5 44/126/5 57/127/5
f 412/128/5 411/129/5 42/130/5 55/131/5
f 76/132/2 75/133/2 41/134/2 54/135/2
f 149/136/2 148/137/2 40/138/2 53/139/2
f 2019/140/5 2018/141/5 38/142/5 51/143/5
f 1333/144/3 1332/145/3 39/146/3 52/147/3
f 2703/148/2 2702/149/2 37/150/2 58/151/2
f 86/152/2 85/153/2 50/154/2 59/155/2
f 438/156/2 437/157/2 195/158/2 49/159/2
f 94/160/4 47/161/4 48/162/4 91/163/4
f 114/164/5 93/165/5 46/166/5 108/167/5
f 1485/168/1 1482/169/1 45/170/1 83/171/1
f 112/172/2 83/173/2 45/174/2 109/175/2
f 2187/176/5 410/177/5 196/178/5 2173/179/5
f 129/180/2 86/152/2 59/155/2 123/181/2
f 2706/182/2 2703/148/2 58/151/2 125/183/2
f 1339/184/3 1333/144/3 52/147/3 117/185/3
f 2022/186/5 2019/140/5 51/143/5 116/187/5
f 159/188/2 149/136/2 53/139/2 118/189/2
f 127/190/2 76/132/2 54/135/2 119/191/2
f 2189/192/2 436/193/2 197/194/2 2172/195/2
f 145/196/5 135/124/5 57/127/5 122/197/5
f 1551/123/7 43/122/7 56/198/7 1554/199/7
f 85/153/2 88/200/2 70/201/2 50/154/2
f 156/202/4 114/164/4 179/203/4 193/204/4
f 1557/205/7 106/206/7 67/121/7 1555/120/7
f 134/125/5 136/207/5 68/208/5 44/126/5
f 158/209/7 154/210/7 191/211/7 194/212/7
f 75/133/2 79/213/2 65/214/2 41/134/2
f 148/137/2 150/215/2 64/216/2 40/138/2
f 2018/141/5 2020/217/5 62/218/5 38/142/5
f 1332/145/3 1336/219/3 63/220/3 39/146/3
f 2702/149/2 2704/221/2 61/222/2 37/150/2
f 139/223/2 141/224/2 79/213/2 75/133/2
f 114/164/4 108/167/4 176/225/4 179/203/4
f 126/226/1 120/227/1 180/228/1 182/229/1
f 144/230/2 140/231/2 76/132/2 127/190/2
f 140/231/2 139/223/2 75/133/2 76/132/2
f 110/232/4 143/89/4 188/233/4 177/234/4
f 81/235/4 34/236/4 73/237/4 1385/238/4 1233/239/4 1803/240/4 720/241/4 1684/242/4 898/243/4 1483/244/4 74/245/4 33/246/4 84/247/4
f 105/76/5 20/75/5 72/248/5 110/232/5
f 142/249/2 137/250/2 71/70/2 111/69/2
f 1487/251/1 1484/65/1 71/68/1 137/252/1
f 47/161/4 81/235/4 84/247/4 48/162/4
f 134/125/3 135/124/3 186/253/3 185/254/3
f 41/134/2 65/214/2 88/200/2 85/153/2
f 128/255/1 124/256/1 181/257/1 183/258/1
f 119/191/2 54/135/2 86/152/2 129/180/2
f 104/72/2 22/71/2 83/173/2 112/172/2
f 1478/66/1 1485/168/1 83/171/1 22/67/1
f 54/135/2 41/134/2 85/153/2 86/152/2
f 135/124/3 145/196/3 189/259/3 186/253/3
f 108/167/5 46/166/5 80/74/5 113/73/5
f 50/154/2 70/201/2 99/260/2 92/261/2
f 154/210/7 153/262/7 190/263/7 191/211/7
f 123/181/2 59/155/2 97/264/2 130/265/2
f 105/76/4 110/232/4 177/234/4 175/266/4
f 156/202/5 151/267/5 93/165/5 114/164/5
f 152/268/4 94/160/4 91/163/4 147/269/4
f 143/89/3 136/207/3 187/270/3 188/233/3
f 59/155/2 50/154/2 92/261/2 97/264/2
f 1482/169/1 1486/271/1 90/272/1 45/170/1
f 109/175/2 45/174/2 90/273/2 115/274/2
f 70/201/2 109/175/2 115/274/2 99/260/2
f 136/207/3 134/125/3 185/254/3 187/270/3
f 155/275/7 156/202/7 193/204/7 192/276/7
f 65/214/2 104/72/2 112/172/2 88/200/2
f 141/224/2 142/249/2 111/69/2 79/213/2
f 113/73/4 105/76/4 175/266/4 178/277/4
f 1480/278/7 29/279/7 106/206/7 1557/205/7
f 88/200/2 112/172/2 109/175/2 70/201/2
f 131/280/1 158/209/1 194/212/1 184/281/1
f 136/207/5 143/89/5 107/92/5 68/208/5
f 120/227/1 128/255/1 183/258/1 180/228/1
f 79/213/2 111/69/2 104/72/2 65/214/2
f 150/215/2 157/25/2 103/28/2 64/216/2
f 2020/217/5 2021/17/5 101/20/5 62/218/5
f 1336/219/3 1338/9/3 102/12/3 63/220/3
f 2704/221/2 2705/5/2 100/8/2 61/222/2
f 2171/282/5 158/209/5 131/280/5 2166/283/5
f 2159/284/2 123/181/2 130/265/2 2165/285/2
f 2155/286/2 119/191/2 129/180/2 2164/287/2
f 2160/288/5 124/256/5 128/255/5 2163/289/5
f 2169/290/2 144/230/2 127/190/2 2162/291/2
f 2156/292/5 120/227/5 126/226/5 2161/293/5
f 2168/294/5 145/196/5 122/197/5 2158/295/5
f 2163/289/5 128/255/5 120/227/5 2156/292/5
f 2162/291/2 127/190/2 119/191/2 2155/286/2
f 2170/296/2 159/188/2 118/189/2 2154/297/2
f 2205/298/5 2022/186/5 116/187/5 2152/299/5
f 2197/300/3 1339/184/3 117/185/3 2153/301/3
f 2745/302/2 2706/182/2 125/183/2 2167/303/2
f 2164/287/2 129/180/2 123/181/2 2159/284/2
f 2166/283/5 131/280/5 124/256/5 2160/288/5
f 1554/199/7 56/198/7 121/304/7 1560/305/7
f 2161/293/5 126/226/5 145/196/5 2168/294/5
f 2157/306/2 121/304/2 144/230/2 2169/290/2
f 108/167/4 113/73/4 178/277/4 176/225/4
f 67/121/2 106/206/2 142/249/2 141/224/2
f 1480/307/1 1487/251/1 137/252/1 29/308/1
f 106/206/2 29/279/2 137/250/2 142/249/2
f 56/198/2 43/122/2 139/223/2 140/231/2
f 121/304/2 56/198/2 140/231/2 144/230/2
f 43/122/2 67/121/2 141/224/2 139/223/2
f 145/196/1 126/226/1 182/229/1 189/259/1
f 153/262/7 155/275/7 192/276/7 190/263/7
f 124/256/1 131/280/1 184/281/1 181/257/1
f 1385/238/4 73/237/4 133/108/4 1390/107/4
f 110/232/5 72/248/5 132/90/5 143/89/5
f 2165/285/2 130/265/2 159/188/2 2170/296/2
f 2152/299/5 116/187/5 158/209/5 2171/282/5
f 99/260/2 115/274/2 157/25/2 150/215/2
f 62/218/5 101/20/5 156/202/5 155/275/5
f 51/143/5 38/142/5 153/262/5 154/210/5
f 31/104/4 152/268/4 147/269/4 32/105/4
f 101/20/5 12/19/5 151/267/5 156/202/5
f 116/187/5 51/143/5 154/210/5 158/209/5
f 38/142/5 62/218/5 155/275/5 153/262/5
f 92/261/2 99/260/2 150/215/2 148/137/2
f 130/265/2 97/264/2 149/136/2 159/188/2
f 97/264/2 92/261/2 148/137/2 149/136/2
f 1486/271/1 1489/29/1 146/32/1 90/272/1
f 115/274/2 90/273/2 146/26/2 157/25/2
f 170/309/5 169/310/5 160/311/5 162/312/5
f 173/313/5 172/314/5 161/315/5 163/316/5
f 184/281/5 173/313/5 163/316/5 181/257/5
f 183/258/5 170/309/5 162/312/5 180/228/5
f 172/314/5 174/317/5 165/318/5 161/315/5
f 169/310/5 171/319/5 164/320/5 160/311/5
f 160/311/5 164/320/5 168/321/5 166/322/5
f 180/228/5 162/312/5 167/323/5 182/229/5
f 162/312/5 160/311/5 166/322/5 167/323/5
f 161/315/5 165/318/5 171/319/5 169/310/5
f 181/257/5 163/316/5 170/309/5 183/258/5
f 163/316/5 161/315/5 169/310/5 170/309/5
f 190/263/5 192/276/5 174/317/5 172/314/5
f 194/212/5 191/211/5 173/313/5 184/281/5
f 191/211/5 190/263/5 172/314/5 173/313/5
f 192/276/5 193/204/5 179/203/5 174/317/5
f 165/318/5 176/225/5 178/277/5 171/319/5
f 164/320/5 175/266/5 177/234/5 168/321/5
f 174/317/5 179/203/5 176/225/5 165/318/5
f 171/319/5 178/277/5 175/266/5 164/320/5
f 168/321/5 177/234/5 188/233/5 187/270/5
f 166/322/5 168/321/5 187/270/5 185/254/5
f 182/229/5 167/323/5 186/253/5 189/259/5
f 167/323/5 166/322/5 185/254/5 186/253/5
f 440/324/2 438/156/2 49/159/2 69/325/2
f 413/326/3 414/327/3 2010/328/3 2009/329/3
f 410/177/5 413/326/5 60/330/5 196/178/5
f 436/193/2 439/331/2 66/332/2 197/194/2
f 439/331/2 440/324/2 69/325/2 66/332/2
f 239/333/4 206/334/4 1997/335/4 2003/336/4
f 442/337/2 441/338/2 77/339/2 82/340/2
f 78/341/4 452/342/4 467/343/4 462/344/4
f 448/345/2 442/337/2 82/340/2 336/346/2
f 422/347/5 416/348/5 87/349/5 337/350/5
f 1512/351/4 1490/352/4 95/353/4 418/354/4
f 411/129/5 417/355/5 89/356/5 42/130/5
f 437/157/2 443/357/2 96/358/2 195/158/2
f 1514/359/1 1491/360/1 96/361/1 443/362/1
f 1496/363/1 1492/364/1 212/365/1 250/366/1
f 244/367/2 250/368/2 212/369/2 204/370/2
f 342/371/2 249/372/2 211/373/2 338/374/2
f 249/372/2 248/375/2 209/376/2 211/373/2
f 246/377/2 247/378/2 208/379/2 207/380/2
f 243/381/2 246/377/2 207/380/2 202/382/2
f 247/378/2 245/383/2 205/384/2 208/379/2
f 2351/385/5 2312/386/5 215/387/5 2174/388/5
f 2310/389/5 2311/390/5 214/391/5 210/392/5
f 2308/393/5 2310/389/5 210/392/5 203/394/5
f 2178/395/2 243/381/2 202/382/2 2175/396/2
f 2312/386/5 2309/397/5 206/334/5 215/387/5
f 245/383/2 244/367/2 204/370/2 205/384/2
f 2309/397/5 2308/393/5 203/394/5 206/334/5
f 2414/398/9 2373/399/9 2428/400/9 2433/401/9
f 2316/402/5 2307/403/5 200/404/5 339/405/5
f 2347/406/4 1493/407/4 198/408/4 2305/409/4
f 2311/390/5 2306/410/5 199/411/5 214/391/5
f 262/412/5 268/413/5 230/414/5 222/415/5
f 1498/416/4 1494/417/4 231/418/4 269/419/4
f 344/420/5 267/421/5 229/422/5 340/423/5
f 229/422/1 267/421/1 353/424/1 351/425/1
f 60/330/4 413/326/4 2009/329/4 1994/426/4
f 261/427/5 264/428/5 224/429/5 220/430/5
f 265/431/3 263/432/3 2005/433/3 2007/434/3
f 2821/435/2 2806/436/2 233/437/2 2176/438/2
f 2804/439/2 2805/440/2 232/441/2 228/442/2
f 2802/443/2 2804/439/2 228/442/2 221/444/2
f 2806/436/2 2803/445/2 225/446/2 233/437/2
f 2180/447/5 261/427/5 220/430/5 2177/448/5
f 2803/445/2 2802/443/2 221/444/2 225/446/2
f 263/432/5 262/412/5 222/415/5 223/449/5
f 2800/450/2 2801/451/2 219/452/2 218/453/2
f 2810/454/2 2800/450/2 218/453/2 341/455/2
f 2805/440/2 2799/456/2 217/457/2 232/441/2
f 2843/458/1 1495/459/1 217/460/1 2799/461/1
f 2260/462/2 2259/463/2 244/367/2 245/383/2
f 2281/464/2 2258/465/2 243/381/2 2178/395/2
f 2262/466/2 2260/462/2 245/383/2 247/378/2
f 2258/465/2 2261/467/2 246/377/2 243/381/2
f 2261/467/2 2262/466/2 247/378/2 246/377/2
f 2264/468/10 2263/469/10 248/375/10 249/372/10
f 2270/470/11 2264/468/11 249/372/11 342/371/11
f 2259/463/2 2265/471/2 250/368/2 244/367/2
f 2301/472/1 1496/363/1 250/366/1 2265/473/1
f 2174/388/5 215/387/5 242/474/5 2179/475/5
f 210/392/5 214/391/5 241/476/5 240/477/5
f 453/478/7 454/479/7 2012/480/7 2011/481/7
f 215/387/5 206/334/5 239/333/5 242/474/5
f 412/128/1 55/131/1 1993/482/1 2008/483/1
f 201/484/4 237/485/4 349/486/4 347/487/4
f 339/405/5 200/404/5 236/488/5 343/489/5
f 1493/407/4 1497/490/4 234/491/4 198/408/4
f 214/391/5 199/411/5 235/492/5 241/476/5
f 2750/493/5 2749/494/5 262/412/5 263/432/5
f 2771/495/5 2748/496/5 261/427/5 2180/447/5
f 2752/497/5 2750/493/5 263/432/5 265/431/5
f 2748/496/5 2751/498/5 264/428/5 261/427/5
f 2751/498/5 2752/497/5 265/431/5 264/428/5
f 2829/499/4 229/422/4 2849/500/4 2858/501/4
f 2760/502/5 2754/503/5 267/421/5 344/420/5
f 2793/504/4 1498/416/4 269/419/4 2756/505/4
f 2749/494/5 2755/506/5 268/413/5 262/412/5
f 2176/438/2 233/437/2 260/507/2 2181/508/2
f 228/442/2 232/441/2 259/509/2 258/510/2
f 221/444/2 228/442/2 258/510/2 256/511/2
f 233/437/2 225/446/2 257/512/2 260/507/2
f 225/446/2 221/444/2 256/511/2 257/512/2
f 218/453/2 219/452/2 255/513/2 254/514/2
f 341/455/2 218/453/2 254/514/2 345/515/2
f 232/441/2 217/457/2 253/516/2 259/509/2
f 1495/459/1 1499/517/1 253/518/1 217/460/1
f 480/519/2 283/520/2 287/521/2 484/522/2
f 2761/523/5 2757/524/5 286/525/5 483/526/5
f 536/527/1 532/528/1 560/529/1 561/530/1
f 2271/531/2 2267/532/2 284/533/2 481/534/2
f 2811/535/2 2807/536/2 283/520/2 480/519/2
f 340/423/3 320/537/3 279/538/3 584/539/3
f 2317/540/5 2313/541/5 281/542/5 478/543/5
f 481/534/2 284/533/2 280/544/2 477/545/2
f 517/546/3 545/547/3 582/548/3 579/549/3
f 493/550/2 445/551/2 278/552/2 475/553/2
f 1350/554/2 1341/555/2 277/556/2 474/557/2
f 862/558/2 858/559/2 276/560/2 473/561/2
f 2724/562/2 2717/563/2 275/564/2 485/565/2
f 1349/566/3 1342/567/3 272/568/3 470/569/3
f 1516/570/7 1500/571/7 271/572/7 469/573/7
f 1515/574/5 1501/575/5 270/576/5 468/577/5
f 2040/578/5 2033/579/5 273/580/5 471/581/5
f 1014/582/2 1010/583/2 274/584/2 472/585/2
f 283/520/2 301/586/2 305/587/2 287/521/2
f 2757/524/5 2758/588/5 304/589/5 286/525/5
f 504/590/7 478/543/7 556/591/7 558/592/7
f 2267/532/2 2268/593/2 302/594/2 284/533/2
f 2807/536/2 2808/595/2 301/586/2 283/520/2
f 344/420/4 340/423/4 584/539/4 585/596/4
f 2313/541/5 2314/597/5 299/598/5 281/542/5
f 284/533/2 302/594/2 298/599/2 280/544/2
f 461/600/3 460/601/3 572/602/3 573/603/3
f 445/551/2 446/604/2 296/605/2 278/552/2
f 1341/555/2 1343/606/2 295/607/2 277/556/2
f 858/559/2 859/608/2 294/609/2 276/560/2
f 2717/563/2 2719/610/2 288/611/2 275/564/2
f 1342/567/3 1344/612/3 291/613/3 272/568/3
f 1500/571/12 1502/614/12 290/615/12 271/572/12
f 1501/575/5 1503/616/5 289/617/5 270/576/5
f 2033/579/5 2035/618/5 292/619/5 273/580/5
f 1010/583/2 1011/620/2 293/621/2 274/584/2
f 301/586/2 321/622/2 325/623/2 305/587/2
f 2758/588/5 2759/624/5 324/625/5 304/589/5
f 281/542/7 299/598/7 550/626/7 548/627/7
f 2268/593/2 2269/628/2 322/629/2 302/594/2
f 2808/595/2 2809/630/2 321/622/2 301/586/2
f 505/631/3 533/632/3 590/633/3 588/634/3
f 2314/597/5 2315/635/5 319/636/5 299/598/5
f 302/594/2 322/629/2 318/637/2 298/599/2
f 530/638/1 544/639/1 581/640/1 580/641/1
f 446/604/2 447/642/2 316/643/2 296/605/2
f 1343/606/2 1345/644/2 314/645/2 295/607/2
f 859/608/2 860/646/2 313/647/2 294/609/2
f 2719/610/2 2721/648/2 306/649/2 288/611/2
f 1344/612/3 1346/650/3 309/651/3 291/613/3
f 1502/614/13 1504/652/13 308/653/13 290/615/13
f 1503/616/5 1505/654/5 307/655/5 289/617/5
f 2035/618/5 2037/656/5 310/657/5 292/619/5
f 1011/620/2 1012/658/2 311/659/2 293/621/2
f 321/622/2 341/455/2 345/515/2 325/623/2
f 2759/624/5 2760/502/5 344/420/5 324/625/5
f 285/660/3 482/661/3 557/662/3 549/663/3
f 2269/628/14 2270/470/14 342/371/14 322/629/14
f 2809/630/2 2810/454/2 341/455/2 321/622/2
f 533/632/1 537/664/1 591/665/1 590/633/1
f 2315/635/5 2316/402/5 339/405/5 319/636/5
f 322/629/2 342/371/2 338/374/2 318/637/2
f 422/347/4 337/350/4 565/666/4 569/667/4
f 447/642/2 448/345/2 336/346/2 316/643/2
f 1028/668/15 874/85/15 335/88/15 315/669/15
f 1345/644/16 1347/81/16 334/84/16 314/645/16
f 860/646/16 861/61/16 333/64/16 313/647/16
f 1030/670/15 844/57/15 332/60/15 312/671/15
f 2721/648/2 2723/53/2 326/56/2 306/649/2
f 1346/650/3 1348/49/3 329/52/3 309/651/3
f 327/44/5 13/43/5 1966/672/5 1970/673/5
f 1505/654/15 1506/41/15 327/44/15 307/655/15
f 2037/656/17 2039/37/17 330/40/17 310/657/17
f 1012/658/16 1013/33/16 331/36/16 311/659/16
f 346/674/5 347/487/5 349/486/5 348/675/5
f 237/485/3 236/488/3 348/675/3 349/486/3
f 200/404/7 201/484/7 347/487/7 346/674/7
f 236/488/1 200/404/1 346/674/1 348/675/1
f 353/424/3 352/676/3 356/677/3 357/678/3
f 266/679/4 227/680/4 350/681/4 352/676/4
f 267/421/7 266/679/7 352/676/7 353/424/7
f 227/680/3 229/422/3 351/425/3 350/681/3
f 357/678/5 356/677/5 354/682/5 355/683/5
f 351/425/4 353/424/4 357/678/4 355/683/4
f 350/681/7 351/425/7 355/683/7 354/682/7
f 352/676/1 350/681/1 354/682/1 356/677/1
f 2084/684/2 2085/685/2 383/686/2 381/687/2
f 2495/688/5 2496/689/5 382/690/5 380/691/5
f 2083/692/2 2084/684/2 381/687/2 379/693/2
f 2494/694/5 2495/688/5 380/691/5 378/695/5
f 2082/696/2 2083/692/2 379/693/2 377/697/2
f 2493/698/5 2494/694/5 378/695/5 376/699/5
f 2086/700/2 2082/696/2 377/697/2 486/701/2
f 2511/702/5 2493/698/5 376/699/5 487/703/5
f 2491/704/5 2485/705/5 368/706/5 374/707/5
f 2525/708/4 1507/709/4 367/710/4 2484/711/4
f 2496/689/5 2486/712/5 369/713/5 382/690/5
f 2486/712/5 2487/714/5 370/715/5 369/713/5
f 2489/716/5 2488/717/5 371/718/5 372/719/5
f 2492/720/5 2489/716/5 372/719/5 375/721/5
f 2488/717/5 2490/722/5 373/723/5 371/718/5
f 2490/722/5 2491/704/5 374/707/5 373/723/5
f 2531/724/5 2492/720/5 375/721/5 2182/725/5
f 2100/726/1 1508/727/1 365/728/1 2080/729/1
f 2074/730/2 2080/731/2 365/732/2 359/733/2
f 2085/685/2 2079/734/2 364/735/2 383/686/2
f 2079/734/2 2078/736/2 363/737/2 364/735/2
f 2076/738/2 2077/739/2 362/740/2 361/741/2
f 2073/742/2 2076/738/2 361/741/2 358/743/2
f 2077/739/2 2075/744/2 360/745/2 362/740/2
f 2206/746/2 2073/742/2 358/743/2 2183/747/2
f 2075/744/2 2074/730/2 359/733/2 360/745/2
f 2672/748/5 2673/749/5 409/750/5 407/751/5
f 2445/752/2 2446/753/2 408/754/2 406/755/2
f 2671/756/5 2672/748/5 407/751/5 405/757/5
f 2444/758/2 2445/752/2 406/755/2 404/759/2
f 2670/760/5 2671/756/5 405/757/5 403/761/5
f 2443/762/2 2444/758/2 404/759/2 402/763/2
f 2674/764/5 2670/760/5 403/761/5 488/765/5
f 2461/766/2 2443/762/2 402/763/2 489/767/2
f 2475/768/1 1509/769/1 394/770/1 2435/771/1
f 2441/772/2 2435/773/2 394/774/2 400/775/2
f 2446/753/2 2436/776/2 395/777/2 408/754/2
f 2436/776/2 2437/778/2 396/779/2 395/777/2
f 2439/780/2 2438/781/2 397/782/2 398/783/2
f 2442/784/2 2439/780/2 398/783/2 401/785/2
f 2438/781/2 2440/786/2 399/787/2 397/782/2
f 2440/786/2 2441/772/2 400/775/2 399/787/2
f 2481/788/2 2442/784/2 401/785/2 2184/789/2
f 2662/790/5 2668/791/5 391/792/5 385/793/5
f 2688/794/4 1510/795/4 392/796/4 2669/797/4
f 2673/749/5 2667/798/5 390/799/5 409/750/5
f 2667/798/5 2666/800/5 389/801/5 390/799/5
f 2664/802/5 2665/803/5 388/804/5 387/805/5
f 2661/806/5 2664/802/5 387/805/5 384/807/5
f 2665/803/5 2663/808/5 386/809/5 388/804/5
f 2694/810/5 2661/806/5 384/807/5 2185/811/5
f 2663/808/5 2662/790/5 385/793/5 386/809/5
f 2172/195/2 197/194/2 431/812/2 2186/813/2
f 49/159/2 195/158/2 430/814/2 429/815/2
f 69/325/2 49/159/2 429/815/2 427/816/2
f 197/194/2 66/332/2 428/817/2 431/812/2
f 66/332/2 69/325/2 427/816/2 428/817/2
f 82/340/2 77/339/2 426/818/2 425/819/2
f 336/346/2 82/340/2 425/819/2 435/820/2
f 195/158/2 96/358/2 424/821/2 430/814/2
f 1491/360/1 1511/822/1 424/823/1 96/361/1
f 475/553/2 278/552/2 432/824/2 490/825/2
f 278/552/2 296/605/2 433/826/2 432/824/2
f 296/605/2 316/643/2 434/827/2 433/826/2
f 316/643/2 336/346/2 435/820/2 434/827/2
f 2545/828/5 2546/829/5 422/347/5 421/830/5
f 2544/831/5 2545/828/5 421/830/5 420/832/5
f 2543/833/5 2544/831/5 420/832/5 419/834/5
f 2547/835/5 2543/833/5 419/834/5 491/836/5
f 2535/837/5 2541/838/5 417/355/5 411/129/5
f 2579/839/4 1512/351/4 418/354/4 2542/840/4
f 2546/829/5 2540/841/5 416/348/5 422/347/5
f 452/342/4 78/341/4 2634/842/4 2638/843/4
f 2537/844/5 2538/845/5 414/327/5 413/326/5
f 2534/846/5 2537/844/5 413/326/5 410/177/5
f 2538/845/5 2536/847/5 412/128/5 414/327/5
f 2557/848/5 2534/846/5 410/177/5 2187/176/5
f 2536/847/5 2535/837/5 411/129/5 412/128/5
f 2173/179/5 196/178/5 457/849/5 2188/850/5
f 55/131/5 42/130/5 456/851/5 455/852/5
f 206/334/3 203/394/3 1996/853/3 1997/335/3
f 196/178/5 60/330/5 454/479/5 457/849/5
f 223/449/7 226/854/7 2001/855/7 1999/856/7
f 452/342/3 451/857/3 466/858/3 467/343/3
f 337/350/5 87/349/5 451/857/5 461/600/5
f 1490/352/4 1513/859/4 449/860/4 95/353/4
f 42/130/5 89/356/5 450/861/5 456/851/5
f 544/639/7 516/862/7 578/863/7 581/640/7
f 491/836/7 419/834/7 566/864/7 575/865/7
f 460/601/3 459/866/3 571/867/3 572/602/3
f 459/866/3 458/868/3 570/869/3 571/867/3
f 2595/870/2 2596/871/2 448/345/2 447/642/2
f 2594/872/2 2595/870/2 447/642/2 446/604/2
f 2593/873/2 2594/872/2 446/604/2 445/551/2
f 2597/874/2 2593/873/2 445/551/2 493/550/2
f 2629/875/1 1514/359/1 443/362/1 2591/876/1
f 2585/877/2 2591/878/2 443/357/2 437/157/2
f 2596/871/2 2590/879/2 442/337/2 448/345/2
f 2590/879/2 2589/880/2 441/338/2 442/337/2
f 2587/881/2 2588/882/2 440/324/2 439/331/2
f 2584/883/2 2587/881/2 439/331/2 436/193/2
f 2588/882/2 2586/884/2 438/156/2 440/324/2
f 2607/885/2 2584/883/2 436/193/2 2189/192/2
f 2586/884/2 2585/877/2 437/157/2 438/156/2
f 465/886/5 464/887/5 462/344/5 463/888/5
f 463/888/5 462/344/5 467/343/5 466/858/5
f 416/348/7 415/889/7 464/887/7 465/886/7
f 87/349/1 416/348/1 465/886/1 463/888/1
f 451/857/1 87/349/1 463/888/1 466/858/1
f 415/889/4 78/341/4 462/344/4 464/887/4
f 2598/890/2 2597/874/2 493/550/2 518/891/2
f 545/547/1 530/638/1 580/641/1 582/548/1
f 2548/892/5 2547/835/5 491/836/5 516/862/5
f 501/893/2 475/553/2 490/825/2 515/894/2
f 2462/895/2 2461/766/2 489/767/2 514/896/2
f 2677/897/5 2674/764/5 488/765/5 513/898/5
f 2512/899/5 2511/702/5 487/703/5 512/900/5
f 2089/901/2 2086/700/2 486/701/2 511/902/2
f 1015/903/2 1014/582/2 472/585/2 498/904/2
f 2043/905/5 2040/578/5 471/581/5 497/906/5
f 1518/907/5 1515/574/5 468/577/5 494/908/5
f 1517/909/7 1516/570/7 469/573/7 495/910/7
f 1352/911/3 1349/566/3 470/569/3 496/912/3
f 2727/913/2 2724/562/2 485/565/2 519/914/2
f 863/915/2 862/558/2 473/561/2 499/916/2
f 1351/917/2 1350/554/2 474/557/2 500/918/2
f 518/891/2 493/550/2 475/553/2 501/893/2
f 492/919/3 517/546/3 579/549/3 576/920/3
f 507/921/2 481/534/2 477/545/2 503/922/2
f 2318/923/5 2317/540/5 478/543/5 504/590/5
f 509/924/7 483/526/7 587/925/7 589/926/7
f 2812/927/2 2811/535/2 480/519/2 506/928/2
f 2272/929/2 2271/531/2 481/534/2 507/921/2
f 323/930/3 303/931/3 551/932/3 553/933/3
f 2762/934/5 2761/523/5 483/526/5 509/924/5
f 506/928/2 480/519/2 484/522/2 510/935/2
f 534/936/2 506/928/2 510/935/2 538/937/2
f 2763/938/5 2762/934/5 509/924/5 537/664/5
f 319/636/7 339/405/7 554/939/7 552/940/7
f 2273/941/2 2272/929/2 507/921/2 535/942/2
f 2813/943/2 2812/927/2 506/928/2 534/936/2
f 286/525/7 304/589/7 297/944/7 476/945/7
f 2319/946/5 2318/923/5 504/590/5 532/528/5
f 535/942/2 507/921/2 503/922/2 531/947/2
f 419/834/7 420/832/7 567/948/7 566/864/7
f 546/949/2 518/891/2 501/893/2 529/950/2
f 1354/951/2 1351/917/2 500/918/2 527/952/2
f 864/953/2 863/915/2 499/916/2 526/954/2
f 2728/955/2 2727/913/2 519/914/2 547/956/2
f 1353/957/3 1352/911/3 496/912/3 522/958/3
f 1520/959/7 1517/909/7 495/910/7 521/960/7
f 1519/961/5 1518/907/5 494/908/5 520/962/5
f 2044/963/5 2043/905/5 497/906/5 523/964/5
f 1016/965/2 1015/903/2 498/904/2 524/966/2
f 2090/967/2 2089/901/2 511/902/2 539/968/2
f 2515/969/5 2512/899/5 512/900/5 540/970/5
f 2678/971/5 2677/897/5 513/898/5 541/972/5
f 2465/973/2 2462/895/2 514/896/2 542/974/2
f 529/950/2 501/893/2 515/894/2 543/975/2
f 2549/976/5 2548/892/5 516/862/5 544/639/5
f 516/862/7 491/836/7 575/865/7 578/863/7
f 2599/977/2 2598/890/2 518/891/2 546/949/2
f 2609/978/2 2599/977/2 546/949/2 449/979/2
f 98/980/5 530/638/5 545/547/5 444/981/5
f 2559/982/5 2549/976/5 544/639/5 423/983/5
f 95/984/2 529/950/2 543/975/2 418/985/2
f 2455/986/2 2465/973/2 542/974/2 392/987/2
f 2648/988/5 2678/971/5 541/972/5 393/989/5
f 2505/990/5 2515/969/5 540/970/5 366/991/5
f 2060/992/2 2090/967/2 539/968/2 367/993/2
f 1018/994/2 1016/965/2 524/966/2 11/995/2
f 2031/996/5 2044/963/5 523/964/5 9/997/5
f 1575/998/5 1519/961/5 520/962/5 2/999/5
f 1544/14/7 1520/959/7 521/960/7 4/15/7
f 1374/1000/3 1353/957/3 522/958/3 6/1001/3
f 2715/1002/2 2728/955/2 547/956/2 8/1003/2
f 846/1004/5 1032/1005/5 1033/1006/5 21/1007/5
f 865/1008/2 864/953/2 526/954/2 19/1009/2
f 1421/1010/2 1354/951/2 527/952/2 25/1011/2
f 876/1012/5 1034/1013/5 1035/1014/5 28/1015/5
f 449/979/2 546/949/2 529/950/2 95/984/2
f 423/983/5 544/639/5 530/638/5 98/980/5
f 234/1016/2 535/942/2 531/947/2 198/1017/2
f 2335/1018/5 2319/946/5 532/528/5 213/1019/5
f 252/1020/5 537/664/5 533/632/5 216/1021/5
f 2831/1022/2 2813/943/2 534/936/2 231/1023/2
f 2282/1024/2 2273/941/2 535/942/2 234/1016/2
f 213/1019/5 532/528/5 536/527/5 251/1025/5
f 2773/1026/5 2763/938/5 537/664/5 252/1020/5
f 231/1023/2 534/936/2 538/937/2 269/1027/2
f 556/591/5 548/627/5 549/663/5 557/662/5
f 548/627/5 550/626/5 551/932/5 549/663/5
f 550/626/5 552/940/5 553/933/5 551/932/5
f 552/940/5 554/939/5 555/1028/5 553/933/5
f 558/592/5 556/591/5 557/662/5 559/1029/5
f 560/529/5 558/592/5 559/1029/5 561/530/5
f 508/1030/3 536/527/3 561/530/3 559/1029/3
f 343/489/3 323/930/3 553/933/3 555/1028/3
f 299/598/7 319/636/7 552/940/7 550/626/7
f 339/405/4 343/489/4 555/1028/4 554/939/4
f 478/543/7 281/542/7 548/627/7 556/591/7
f 303/931/3 285/660/3 549/663/3 551/932/3
f 482/661/3 508/1030/3 559/1029/3 557/662/3
f 532/528/7 504/590/7 558/592/7 560/529/7
f 575/865/5 566/864/5 562/1031/5 574/1032/5
f 566/864/5 567/948/5 563/1033/5 562/1031/5
f 567/948/5 568/1034/5 564/1035/5 563/1033/5
f 568/1034/5 569/667/5 565/666/5 564/1035/5
f 574/1032/5 562/1031/5 570/869/5 576/920/5
f 562/1031/5 563/1033/5 571/867/5 570/869/5
f 563/1033/5 564/1035/5 572/602/5 571/867/5
f 564/1035/5 565/666/5 573/603/5 572/602/5
f 577/1036/5 574/1032/5 576/920/5 579/549/5
f 578/863/5 575/865/5 574/1032/5 577/1036/5
f 581/640/5 578/863/5 577/1036/5 580/641/5
f 580/641/5 577/1036/5 579/549/5 582/548/5
f 458/868/3 492/919/3 576/920/3 570/869/3
f 421/830/7 422/347/7 569/667/7 568/1034/7
f 420/832/7 421/830/7 568/1034/7 567/948/7
f 337/350/4 461/600/4 573/603/4 565/666/4
f 587/925/5 476/945/5 502/1037/5 586/1038/5
f 476/945/5 297/944/5 317/1039/5 502/1037/5
f 297/944/5 583/1040/5 279/538/5 317/1039/5
f 583/1040/5 585/596/5 584/539/5 279/538/5
f 589/926/5 587/925/5 586/1038/5 588/634/5
f 591/665/5 589/926/5 588/634/5 590/633/5
f 304/589/7 324/625/7 583/1040/7 297/944/7
f 300/1041/3 282/1042/3 502/1037/3 317/1039/3
f 483/526/7 286/525/7 476/945/7 587/925/7
f 479/1043/3 505/631/3 588/634/3 586/1038/3
f 537/664/7 509/924/7 589/926/7 591/665/7
f 324/625/7 344/420/7 585/596/7 583/1040/7
f 320/537/3 300/1041/3 317/1039/3 279/538/3
f 282/1042/3 479/1043/3 586/1038/3 502/1037/3
f 816/1044/5 1038/1045/5 1039/1046/5 624/1047/5
f 835/1048/2 834/1049/2 636/1050/2 626/1051/2
f 834/1049/2 833/1052/2 635/1053/2 636/1050/2
f 833/1052/2 832/1054/2 634/1055/2 635/1053/2
f 830/1056/16 831/1057/16 633/1058/16 631/1059/16
f 1036/1060/15 814/1061/15 632/1062/15 1037/1063/15
f 829/1064/2 830/1056/2 631/1059/2 629/1065/2
f 828/1066/2 829/1064/2 629/1065/2 628/1067/2
f 832/1054/2 828/1066/2 628/1067/2 634/1055/2
f 827/1068/1 836/1069/1 627/1070/1 625/1071/1
f 1536/1072/4 1521/1073/4 626/1074/4 811/1075/4
f 814/1061/5 812/1076/5 627/1070/5 632/1062/5
f 831/1057/2 827/1068/2 625/1071/2 633/1058/2
f 851/1077/2 847/1078/2 644/1079/2 648/1080/2
f 847/1078/1 842/58/1 639/1081/1 644/1079/1
f 852/1082/2 848/1083/2 645/1084/2 649/1085/2
f 848/1083/2 849/1086/2 646/1087/2 645/1084/2
f 849/1086/2 850/1088/2 647/1089/2 646/1087/2
f 850/1088/16 851/1077/16 648/1080/16 647/1089/16
f 853/1090/2 852/1082/2 649/1085/2 650/1091/2
f 854/1092/2 853/1090/2 650/1091/2 651/1093/2
f 841/1094/2 854/1092/2 651/1093/2 638/1095/2
f 826/1096/5 1042/1097/5 1043/1098/5 643/1099/5
f 1040/1100/15 838/1101/15 641/1102/15 1041/1103/15
f 1537/1104/4 1522/1105/4 638/1106/4 835/1107/4
f 838/1101/5 836/1069/5 639/1081/5 641/1102/5
f 1375/1108/2 1363/1109/2 665/1110/2 652/1111/2
f 1547/1112/5 1527/1113/5 1047/1114/5 654/1115/5
f 1363/1109/2 1362/1116/2 663/1117/2 665/1110/2
f 1362/1116/2 1361/1118/2 662/1119/2 663/1117/2
f 1525/1120/15 1526/1121/15 661/1122/15 1045/1123/15
f 1359/1124/16 1360/1125/16 660/1126/16 658/1127/16
f 1358/1128/2 1359/1124/2 658/1127/2 657/1129/2
f 1357/1130/2 1358/1128/2 657/1129/2 656/1131/2
f 1361/1118/2 1357/1130/2 656/1131/2 662/1119/2
f 1360/1125/2 1356/1132/2 655/1133/2 660/1126/2
f 1526/1121/5 1524/103/5 653/102/5 661/1122/5
f 1623/1134/4 1528/1135/4 652/1136/4 1523/1137/4
f 1540/1138/1 1529/1139/1 667/1140/1 877/1141/1
f 856/1142/5 1050/1143/5 1051/1144/5 666/1145/5
f 871/1146/2 884/1147/2 678/1148/2 668/1149/2
f 884/1147/2 883/1150/2 677/1151/2 678/1148/2
f 883/1150/2 882/1152/2 676/1153/2 677/1151/2
f 880/1154/16 881/1155/16 675/1156/16 673/1157/16
f 1048/1158/15 868/1159/15 674/1160/15 1049/1161/15
f 879/1162/2 880/1154/2 673/1157/2 671/1163/2
f 878/1164/2 879/1162/2 671/1163/2 670/1165/2
f 882/1152/2 878/1164/2 670/1165/2 676/1153/2
f 1539/1166/4 1530/1167/4 668/1168/4 865/1169/4
f 868/1159/5 866/1170/5 669/1171/5 674/1160/5
f 881/1155/2 877/1141/2 667/1140/2 675/1156/2
f 808/1172/5 806/1173/5 690/1174/5 692/1175/5
f 1535/1176/4 1531/1177/4 689/1178/4 805/1179/4
f 1052/1180/15 808/1172/15 692/1175/15 1053/1181/15
f 796/1182/5 1054/1183/5 1055/1184/5 680/1185/5
f 811/1186/2 824/1187/2 688/1188/2 689/1189/2
f 824/1187/2 823/1190/2 687/1191/2 688/1188/2
f 823/1190/2 822/1192/2 686/1193/2 687/1191/2
f 820/1194/16 821/1195/16 685/1196/16 684/1197/16
f 819/1198/2 820/1194/2 684/1197/2 683/1199/2
f 818/1200/2 819/1198/2 683/1199/2 682/1201/2
f 822/1192/2 818/1200/2 682/1201/2 686/1193/2
f 817/1202/1 812/1076/1 690/1174/1 681/1203/1
f 821/1195/2 817/1202/2 681/1203/2 685/1196/2
f 1851/1204/4 1847/1205/4 791/1206/4 810/1207/4
f 1855/1208/4 1846/1209/4 790/1210/4 870/1211/4
f 1857/1212/1 1845/1213/1 789/1214/1 885/1215/1
f 1953/1216/4 1532/1217/4 774/1218/4 1839/1219/4
f 1965/1220/4 1848/1221/4 792/1222/4 1920/1223/4
f 1952/1224/4 1844/1225/4 788/1226/4 1584/1227/4
f 1842/1228/5 1840/1229/5 775/1230/5 783/1231/5
f 1664/1232/2 1660/1233/2 777/1234/2 782/1235/2
f 1665/1236/2 1661/1237/2 778/1238/2 784/1239/2
f 1661/1237/2 1662/1240/2 779/1241/2 778/1238/2
f 1662/1240/2 1663/1242/2 780/1243/2 779/1241/2
f 1663/1242/16 1664/1232/16 782/1235/16 780/1243/16
f 1841/1244/15 1842/1228/15 783/1231/15 1058/1245/15
f 1666/1246/2 1665/1236/2 784/1239/2 785/1247/2
f 1667/1248/2 1666/1246/2 785/1247/2 787/1249/2
f 1883/1250/5 1843/1251/5 1059/1252/5 707/1253/5
f 1674/1254/2 1667/1248/2 787/1249/2 695/1255/2
f 1853/1256/4 1838/1257/4 773/1258/4 840/1259/4
f 1852/1260/4 1837/1261/4 772/1262/4 825/1263/4
f 1720/1264/2 1658/1265/2 771/1266/2 774/1267/2
f 1673/1268/3 1657/1269/3 770/1270/3 694/1271/3
f 1880/1272/7 1836/1273/7 769/1274/7 698/1275/7
f 1911/1276/5 1835/1277/5 1057/1278/5 776/1279/5
f 1836/1273/7 1834/1280/7 767/1281/7 769/1274/7
f 1657/1269/3 1656/1282/3 766/1283/3 770/1270/3
f 1658/1265/2 1655/1284/2 765/1285/2 771/1266/2
f 1655/1284/2 1654/1286/2 764/1287/2 765/1285/2
f 1656/1282/3 1653/1288/3 763/1289/3 766/1283/3
f 1834/1280/7 1833/1290/7 762/1291/7 767/1281/7
f 869/1292/18 525/1293/18 1080/1294/18 1153/1295/18
f 2631/1296/1 1832/1297/1 761/1298/1 2625/1299/1
f 1810/1300/4 1831/1301/4 760/1302/4 731/1303/4
f 2581/1304/4 1830/1305/4 759/1306/4 2575/1307/4
f 1811/1308/1 1829/1309/1 758/1310/1 732/1311/1
f 2693/1312/4 1828/1313/4 757/1314/4 2680/1315/4
f 2478/1316/1 1827/1317/1 756/1318/1 2467/1319/1
f 2105/1320/1 1826/1321/1 755/1322/1 2092/1323/1
f 2528/1324/4 1825/1325/4 754/1326/4 2517/1327/4
f 1823/1328/15 1824/1329/15 753/1330/15 1056/1331/15
f 1252/1332/4 1404/1333/4 1982/1334/4 1979/1335/4
f 1650/1336/3 1652/1337/3 752/1338/3 748/1339/3
f 1649/1340/16 1651/1341/16 751/1342/16 747/1343/16
f 873/1344/19 1029/1345/19 1174/1346/19 1156/1347/19
f 1821/1348/13 1822/1349/13 749/1350/13 746/1351/13
f 1648/1352/3 1650/1336/3 748/1339/3 745/1353/3
f 1647/1354/2 1649/1340/2 747/1343/2 744/1355/2
f 1068/1356/20 1070/1357/20 1178/1358/20 1176/1359/20
f 1820/1360/12 1821/1348/12 746/1351/12 743/1361/12
f 1646/1362/3 1648/1352/3 745/1353/3 742/1363/3
f 1645/1364/2 1647/1354/2 744/1355/2 741/1365/2
f 693/1366/21 809/1367/21 1129/1368/21 1111/1369/21
f 1833/1290/7 1820/1360/7 743/1361/7 762/1291/7
f 1653/1288/3 1646/1362/3 742/1363/3 763/1289/3
f 1654/1286/2 1645/1364/2 741/1365/2 764/1287/2
f 1815/1370/1 1819/1371/1 740/1372/1 736/1373/1
f 2795/1374/4 1818/1375/4 739/1376/4 2789/1377/4
f 1813/1378/4 1817/1379/4 738/1380/4 734/1381/4
f 2303/1382/1 1816/1383/1 737/1384/1 2297/1385/1
f 2845/1386/1 1815/1370/1 736/1373/1 2839/1387/1
f 1818/1375/4 1814/1388/4 735/1389/4 739/1376/4
f 2349/1390/4 1813/1378/4 734/1381/4 2343/1391/4
f 1816/1383/1 1812/1392/1 733/1393/1 737/1384/1
f 1832/1297/1 1811/1308/1 732/1311/1 761/1298/1
f 1830/1305/4 1810/1300/4 731/1303/4 759/1306/4
f 1806/1394/1 1809/1395/1 730/1396/1 723/1397/1
f 1684/242/4 720/241/4 729/1398/4 1689/1399/4
f 1800/1400/1 1807/1401/1 728/1402/1 709/1403/1
f 1890/1404/7 717/1405/7 727/1406/7 1896/1407/7
f 2201/1408/3 1643/1409/3 726/1410/3 2190/1411/3
f 1640/1412/3 1642/1413/3 725/1414/3 719/1415/3
f 1800/1416/7 709/1417/7 724/1418/7 1893/1419/7
f 1802/1420/1 1806/1394/1 723/1397/1 715/1421/1
f 1798/1422/1 1805/1423/1 722/1424/1 705/1425/1
f 1807/1401/1 1804/1426/1 721/1427/1 728/1402/1
f 1636/1428/3 1640/1412/3 719/1415/3 714/1429/3
f 1893/1419/7 724/1418/7 718/1430/7 1891/1431/7
f 1887/1432/7 713/1433/7 717/1405/7 1890/1404/7
f 1643/1409/3 1637/1434/3 716/1435/3 726/1410/3
f 1805/1423/1 1802/1420/1 715/1421/1 722/1424/1
f 1637/1434/3 1636/1428/3 714/1429/3 716/1435/3
f 1891/1431/7 718/1430/7 713/1433/7 1887/1432/7
f 1630/1436/3 1634/1437/3 712/1438/3 704/1439/3
f 2402/1440/7 2390/1441/7 710/1442/7 1885/1443/7
f 1689/1399/4 729/1398/4 710/1442/4 1633/1444/4
f 1945/1445/1 1365/1446/1 775/1230/1 1840/1229/1
f 1961/1447/1 1669/1448/1 793/1449/1 1922/1450/1
f 1787/1451/1 1677/1452/1 702/1453/1 1586/1454/1
f 1951/1455/1 1533/1456/1 703/1457/1 1797/1458/1
f 1964/1459/1 1849/1460/1 794/1461/1 1923/1462/1
f 1950/1463/1 1912/1464/1 777/1234/1 1587/1465/1
f 1856/1466/4 1801/1467/4 711/1468/4 886/1469/4
f 1651/1341/2 1632/1470/2 708/1471/2 751/1342/2
f 1854/1472/4 1799/1473/4 706/1474/4 855/1475/4
f 1804/1426/1 1798/1422/1 705/1425/1 721/1427/1
f 1652/1337/3 1630/1436/3 704/1439/3 752/1338/3
f 1404/1333/4 307/655/4 1968/1476/4 1982/1334/4
f 1824/1329/5 1796/1477/5 702/1453/5 753/1330/5
f 1809/1395/1 1795/1478/1 700/1479/1 730/1396/1
f 2058/1480/4 1794/1481/4 699/1482/4 2047/1483/4
f 1949/1484/4 1534/1485/4 695/1486/4 1793/1487/4
f 1963/1488/4 1850/1489/4 795/1490/4 1924/1491/4
f 1948/1492/4 1880/1272/4 698/1275/4 1588/1493/4
f 1642/1413/3 1626/1494/3 696/1495/3 725/1414/3
f 2742/1496/1 1878/1497/1 696/1498/1 2731/1499/1
f 1861/1500/4 1851/1204/4 810/1207/4 1017/1501/4
f 1008/1502/5 1061/1503/5 1054/1183/5 796/1182/5
f 1031/1504/19 867/1505/19 1150/1506/19 1175/1507/19
f 1069/1508/20 1068/1356/20 1176/1359/20 1177/1509/20
f 1060/1510/15 1023/1511/15 808/1172/15 1052/1180/15
f 807/1512/19 691/1513/19 1108/1514/19 1126/1515/19
f 845/1516/18 642/1517/18 1093/1518/18 1147/1519/18
f 916/1520/22 930/1521/22 1163/1522/22 1160/1523/22
f 1597/1524/4 1535/1176/4 805/1179/4 1018/1525/4
f 1023/1511/5 1019/106/5 806/1173/5 808/1172/5
f 689/1189/2 688/1188/2 804/1526/2 805/1527/2
f 688/1188/2 687/1191/2 803/1528/2 804/1526/2
f 687/1191/2 686/1193/2 802/1529/2 803/1528/2
f 684/1197/16 685/1196/16 801/1530/16 800/1531/16
f 683/1199/2 684/1197/2 800/1531/2 799/1532/2
f 682/1201/2 683/1199/2 799/1532/2 798/1533/2
f 686/1193/2 682/1201/2 798/1533/2 802/1529/2
f 681/1203/1 690/1174/1 806/1173/1 797/1534/1
f 685/1196/2 681/1203/2 797/1534/2 801/1530/2
f 1847/1205/4 1852/1260/4 825/1263/4 791/1206/4
f 633/1058/2 625/1071/2 817/1202/2 821/1195/2
f 625/1071/1 627/1070/1 812/1076/1 817/1202/1
f 634/1055/2 628/1067/2 818/1200/2 822/1192/2
f 628/1067/2 629/1065/2 819/1198/2 818/1200/2
f 629/1065/2 631/1059/2 820/1194/2 819/1198/2
f 631/1059/16 633/1058/16 821/1195/16 820/1194/16
f 635/1053/2 634/1055/2 822/1192/2 823/1190/2
f 636/1050/2 635/1053/2 823/1190/2 824/1187/2
f 626/1051/2 636/1050/2 824/1187/2 811/1186/2
f 692/1175/5 690/1174/5 812/1076/5 814/1061/5
f 1531/1177/4 1536/1072/4 811/1075/4 689/1178/4
f 679/1535/18 869/1292/18 1153/1295/18 1105/1536/18
f 640/1537/19 843/1538/19 1144/1539/19 1090/1540/19
f 918/1541/23 916/1520/23 1160/1523/23 1161/1542/23
f 1053/1181/15 692/1175/15 814/1061/15 1036/1060/15
f 867/1505/19 672/1543/19 1102/1544/19 1150/1506/19
f 839/1545/18 637/1546/18 1087/1547/18 1141/1548/18
f 680/1185/5 1055/1184/5 1038/1045/5 816/1044/5
f 1837/1261/4 1853/1256/4 840/1259/4 772/1262/4
f 632/1062/5 627/1070/5 836/1069/5 838/1101/5
f 1521/1073/4 1537/1104/4 835/1107/4 626/1074/4
f 920/1549/24 918/1541/24 1161/1542/24 1162/1550/24
f 1599/1551/18 942/1552/18 1171/1553/18 1605/1554/18
f 630/1555/19 837/1556/19 1138/1557/19 1084/1558/19
f 1037/1063/15 632/1062/15 838/1101/15 1040/1100/15
f 930/1521/22 933/1559/22 1164/1560/22 1163/1522/22
f 1598/1561/19 659/1562/19 1096/1563/19 1604/1564/19
f 624/1047/5 1039/1046/5 1042/1097/5 826/1096/5
f 648/1080/2 644/1079/2 827/1068/2 831/1057/2
f 644/1079/1 639/1081/1 836/1069/1 827/1068/1
f 649/1085/2 645/1084/2 828/1066/2 832/1054/2
f 645/1084/2 646/1087/2 829/1064/2 828/1066/2
f 646/1087/2 647/1089/2 830/1056/2 829/1064/2
f 647/1089/16 648/1080/16 831/1057/16 830/1056/16
f 650/1091/2 649/1085/2 832/1054/2 833/1052/2
f 651/1093/2 650/1091/2 833/1052/2 834/1049/2
f 638/1095/2 651/1093/2 834/1049/2 835/1048/2
f 1838/1257/4 1854/1472/4 855/1475/4 773/1258/4
f 19/1009/2 526/954/2 854/1092/2 841/1094/2
f 526/954/2 499/916/2 853/1090/2 854/1092/2
f 499/916/2 473/561/2 852/1082/2 853/1090/2
f 313/647/16 333/64/16 851/1077/16 850/1088/16
f 294/609/2 313/647/2 850/1088/2 849/1086/2
f 276/560/2 294/609/2 849/1086/2 848/1083/2
f 473/561/2 276/560/2 848/1083/2 852/1082/2
f 866/1170/1 24/59/1 842/58/1 847/1078/1 23/63/1 857/62/1
f 333/64/2 23/63/2 847/1078/2 851/1077/2
f 643/1099/5 1043/1098/5 1032/1005/5 846/1004/5
f 815/1565/21 693/1366/21 1111/1369/21 1135/1566/21
f 933/1559/22 934/1567/22 1165/1568/22 1164/1560/22
f 1041/1103/15 641/1102/15 844/57/15 1030/670/15
f 642/1517/21 839/1545/21 1141/1548/21 1093/1518/21
f 691/1513/19 813/1569/19 1132/1570/19 1108/1514/19
f 1751/1571/18 786/1572/18 1123/1573/18 1763/1574/18
f 1522/1105/4 1538/77/4 841/80/4 638/1106/4
f 641/1102/5 639/1081/5 842/58/5 844/57/5
f 669/1171/1 866/1170/1 857/62/1 667/1140/1 1529/1139/1 944/1575/1 1726/1576/1 789/1214/1 1845/1213/1 1275/1577/1 1427/1578/1
f 1799/1473/4 1855/1208/4 870/1211/4 706/1474/4
f 332/60/5 24/59/5 866/1170/5 868/1159/5
f 1479/78/4 1539/1166/4 865/1169/4 19/79/4
f 837/1556/25 640/1537/25 1090/1540/25 1138/1557/25
f 809/1367/21 1026/1579/21 1173/1580/21 1129/1368/21
f 1750/1581/19 940/1582/19 1168/1583/19 1762/1584/19
f 312/671/15 332/60/15 868/1159/15 1048/1158/15
f 637/1546/18 815/1565/18 1135/1566/18 1087/1547/18
f 1022/1585/19 807/1512/19 1126/1515/19 1172/1586/19
f 21/1007/5 1033/1006/5 1050/1143/5 856/1142/5
f 668/1149/2 678/1148/2 864/953/2 865/1008/2
f 678/1148/2 677/1151/2 863/915/2 864/953/2
f 677/1151/2 676/1153/2 862/558/2 863/915/2
f 673/1157/16 675/1156/16 861/61/16 860/646/16
f 671/1163/2 673/1157/2 860/646/2 859/608/2
f 670/1165/2 671/1163/2 859/608/2 858/559/2
f 676/1153/2 670/1165/2 858/559/2 862/558/2
f 675/1156/2 667/1140/2 857/62/2 861/61/2
f 1846/1209/4 1856/1466/4 886/1469/4 790/1210/4
f 1879/1587/1 1857/1212/1 885/1215/1 697/1588/1
f 334/84/2 30/83/2 877/1141/2 881/1155/2
f 474/557/2 277/556/2 878/1164/2 882/1152/2
f 277/556/2 295/607/2 879/1162/2 878/1164/2
f 295/607/2 314/645/2 880/1154/2 879/1162/2
f 314/645/16 334/84/16 881/1155/16 880/1154/16
f 500/918/2 474/557/2 882/1152/2 883/1150/2
f 527/952/2 500/918/2 883/1150/2 884/1147/2
f 25/1011/2 527/952/2 884/1147/2 871/1146/2
f 1543/1589/1 1540/1138/1 877/1141/1 30/83/1
f 666/1145/5 1051/1144/5 1034/1013/5 876/1012/5
f 1749/1590/18 768/1591/18 1117/1592/18 1761/1593/18
f 813/1569/19 630/1555/19 1084/1558/19 1132/1570/19
f 1049/1161/15 674/1160/15 874/85/15 1028/668/15
f 1447/1594/21 528/1595/21 1081/1596/21 1459/1597/21
f 1748/1598/25 920/1549/25 1162/1550/25 1760/1599/25
f 528/1595/21 875/1600/21 1159/1601/21 1081/1596/21
f 1530/1167/4 1541/93/4 871/96/4 668/1168/4
f 674/1160/5 669/1171/5 872/86/5 874/85/5
f 1727/1602/4 1738/1603/4 1003/1604/4 945/1605/4
f 1627/1606/1 1737/1607/1 1002/1608/1 948/1609/1
f 1680/1610/4 1736/1611/4 1001/1612/4 894/1613/4
f 1719/1614/4 1735/1615/4 1000/1616/4 937/1617/4
f 1718/1618/4 1734/1619/4 999/1620/4 936/1621/4
f 1728/1622/4 1733/1623/4 998/1624/4 946/1625/4
f 1747/1626/4 1732/1627/4 997/1628/4 1027/1629/4
f 1558/1630/3 1542/1631/3 947/1632/3 963/1633/3
f 1960/1634/4 1858/1635/4 996/1636/4 1672/1637/4
f 1959/1638/4 1731/1639/4 995/1640/4 1925/1641/4
f 1568/1642/3 1546/1643/3 951/1644/3 973/1645/3
f 1567/1646/2 1548/1647/2 953/1648/2 972/1649/2
f 1958/1650/1 1859/1651/1 994/1652/1 1671/1653/1
f 1957/1654/1 1730/1655/1 993/1656/1 1926/1657/1
f 1791/1658/1 1739/1659/1 992/1660/1 1670/1661/1
f 1786/1662/1 1589/1663/1 1004/1664/1 1740/1665/1
f 1622/1666/1 1476/42/1 891/1667/1 1590/1668/1
f 1947/1669/1 1585/1670/1 991/1671/1 1927/1672/1
f 1488/1673/4 903/1674/4 954/1675/4 1549/114/4
f 1546/1643/3 1550/1676/3 955/1677/3 951/1644/3
f 1553/1678/3 1552/1679/3 957/1680/3 958/1681/3
f 1559/1682/3 1553/1678/3 958/1681/3 964/1683/3
f 1552/1679/3 1556/1684/3 961/1685/3 957/1680/3
f 1556/1684/3 1558/1630/3 963/1633/3 961/1685/3
f 2198/1686/3 1559/1682/3 964/1683/3 2192/1687/3
f 1483/244/4 898/243/4 903/1674/4 1488/1673/4
f 1570/1688/2 1561/1689/2 966/1690/2 975/1691/2
f 1569/1692/3 1562/1693/3 967/1694/3 974/1695/3
f 1561/1689/2 1563/1696/2 968/1697/2 966/1690/2
f 1562/1693/3 1564/1698/3 969/1699/3 967/1694/3
f 1563/1696/2 1565/1700/2 970/1701/2 968/1697/2
f 1564/1698/3 1566/1702/3 971/1703/3 969/1699/3
f 1565/1700/16 1567/1646/16 972/1649/16 970/1701/16
f 1566/1702/3 1568/1642/3 973/1645/3 971/1703/3
f 1572/1704/3 1569/1692/3 974/1695/3 977/1705/3
f 1571/1706/2 1570/1688/2 975/1691/2 976/1707/2
f 1574/1708/2 1571/1706/2 976/1707/2 979/1709/2
f 1573/1710/3 1572/1704/3 977/1705/3 978/1711/3
f 1472/1712/3 1573/1710/3 978/1711/3 887/1713/3
f 1523/1714/2 1574/1708/2 979/1709/2 938/1715/2
f 1473/1716/2 1583/1717/2 988/1718/2 888/1719/2
f 1583/1717/2 1582/1720/2 987/1721/2 988/1718/2
f 1582/1720/2 1581/1722/2 986/1723/2 987/1721/2
f 1579/1724/16 1580/1725/16 985/1726/16 984/1727/16
f 1578/1728/2 1579/1724/2 984/1727/2 983/1729/2
f 1577/1730/2 1578/1728/2 983/1729/2 982/1731/2
f 1581/1722/2 1577/1730/2 982/1731/2 986/1723/2
f 1580/1725/2 1576/98/2 981/1732/2 985/1726/2
f 1956/1733/4 1860/1734/4 990/1735/4 1668/1736/4
f 1955/1737/4 1729/1738/4 989/1739/4 1928/1740/4
f 1732/1627/4 1728/1622/4 946/1625/4 997/1628/4
f 1736/1611/4 1727/1602/4 945/1605/4 1001/1612/4
f 1737/1607/1 1726/1576/1 944/1575/1 1002/1608/1
f 1785/1741/4 1591/1742/4 938/1743/4 1720/1744/4
f 1790/1745/4 1741/1746/4 1005/1747/4 1742/1748/4
f 1784/1749/4 1725/1750/4 943/1751/4 1592/1752/4
f 1723/1753/5 1721/1754/5 939/1755/5 941/1756/5
f 1026/1579/20 1071/1757/20 1179/1758/20 1173/1580/20
f 1864/1759/19 781/1760/19 1120/1761/19 1876/1762/19
f 875/1600/18 679/1535/18 1105/1536/18 1159/1601/18
f 1722/1763/15 1723/1753/15 941/1756/15 1044/1764/15
f 525/1293/18 845/1516/18 1147/1519/18 1080/1294/18
f 1071/1757/20 1069/1508/20 1177/1509/20 1179/1758/20
f 1631/1765/5 1724/1766/5 1046/1767/5 952/1768/5
f 1734/1619/4 1719/1614/4 937/1617/4 999/1620/4
f 1733/1623/4 1718/1618/4 936/1621/4 998/1624/4
f 1628/1769/7 1717/1770/7 935/1771/7 949/1772/7
f 1659/1773/5 1716/1774/5 1063/1775/5 980/1776/5
f 1445/1777/18 664/1778/18 1099/1779/18 1457/1780/18
f 1717/1770/7 1715/1781/7 932/1782/7 935/1771/7
f 1715/1781/7 1714/1783/7 931/1784/7 932/1782/7
f 672/1543/25 873/1344/25 1156/1347/25 1102/1544/25
f 2630/1785/1 1713/1786/1 929/1787/1 2626/1788/1
f 1691/1789/4 1712/1790/4 928/1791/4 905/1792/4
f 2580/1793/4 1711/1794/4 927/1795/4 2576/1796/4
f 1692/1797/1 1710/1798/1 926/1799/1 906/1800/1
f 2691/1801/4 1709/1802/4 925/1803/4 2682/1804/4
f 2476/1805/1 1708/1806/1 924/1807/1 2469/1808/1
f 2103/1809/1 1707/1810/1 923/1811/1 2094/1812/1
f 2526/1813/4 1706/1814/4 922/1815/4 2519/1816/4
f 1704/1817/15 1705/1818/15 921/1819/15 1062/1820/15
f 328/1821/16 308/653/16 1969/1822/16 1971/1823/16
f 843/1538/19 1031/1504/19 1175/1507/19 1144/1539/19
f 1702/1824/13 1703/1825/13 919/1826/13 917/1827/13
f 1070/1357/20 1022/1585/20 1172/1586/20 1178/1358/20
f 1701/1828/12 1702/1824/12 917/1827/12 915/1829/12
f 1862/1830/25 750/1831/25 1114/1832/25 1874/1833/25
f 1714/1783/7 1701/1828/7 915/1829/7 931/1784/7
f 1696/1834/1 1700/1835/1 914/1836/1 910/1837/1
f 2794/1838/4 1699/1839/4 913/1840/4 2790/1841/4
f 1694/1842/4 1698/1843/4 912/1844/4 908/1845/4
f 2302/1846/1 1697/1847/1 911/1848/1 2298/1849/1
f 2844/1850/1 1696/1834/1 910/1837/1 2840/1851/1
f 1699/1839/4 1695/1852/4 909/1853/4 913/1840/4
f 2348/1854/4 1694/1842/4 908/1845/4 2344/1855/4
f 1697/1847/1 1693/1856/1 907/1857/1 911/1848/1
f 1713/1786/1 1692/1797/1 906/1800/1 929/1787/1
f 1711/1794/4 1691/1789/4 905/1792/4 927/1795/4
f 1687/1858/1 1690/1859/1 904/1860/1 901/1861/1
f 1681/1862/1 1688/1863/1 902/1864/1 895/1865/1
f 1638/1866/7 959/1867/7 965/1868/7 1644/1869/7
f 1681/1870/7 895/1871/7 962/1872/7 1641/1873/7
f 1683/1874/1 1687/1858/1 901/1861/1 897/1875/1
f 1679/1876/1 1686/1877/1 900/1878/1 893/1879/1
f 1688/1863/1 1685/1880/1 899/1881/1 902/1864/1
f 1641/1873/7 962/1872/7 960/1882/7 1639/1883/7
f 1635/1884/7 956/1885/7 959/1867/7 1638/1866/7
f 1686/1877/1 1683/1874/1 897/1875/1 900/1878/1
f 1639/1883/7 960/1882/7 956/1885/7 1635/1884/7
f 2399/1886/7 2392/1887/7 954/1675/7 1633/1444/7
f 1779/1888/1 1373/1889/1 939/1755/1 1721/1754/1
f 1783/1890/1 1593/1891/1 892/45/1 1678/1892/1
f 1789/1893/1 1743/1894/1 1006/1895/1 1744/1896/1
f 1782/1897/1 1660/1233/1 981/1732/1 1594/1898/1
f 1738/1603/4 1682/1899/4 896/1900/4 1003/1604/4
f 1735/1615/4 1680/1610/4 894/1613/4 1000/1616/4
f 1685/1880/1 1679/1876/1 893/1879/1 899/1881/1
f 1822/1349/4 1252/1332/4 1979/1335/4 1991/1901/4
f 1705/1818/5 1677/1452/5 891/1667/5 921/1819/5
f 1690/1859/1 1676/1902/1 890/1903/1 904/1860/1
f 2056/1904/4 1675/1905/4 889/1906/4 2049/1907/4
f 1781/1908/4 1595/1909/4 888/1910/4 1674/1911/4
f 1788/1912/4 1745/1913/4 1007/1914/4 1746/1915/4
f 1780/1916/4 1628/1769/4 949/1772/4 1596/1917/4
f 2740/1918/1 1626/1919/1 947/1920/1 2733/1921/1
f 1675/1905/4 1747/1626/4 1027/1629/4 889/1906/4
f 330/40/5 17/39/5 1019/106/5 1023/1511/5
f 1474/22/4 1597/1524/4 1018/1525/4 11/23/4
f 471/581/5 273/580/5 1020/1922/5 1024/1923/5
f 273/580/5 292/619/5 1021/1924/5 1020/1922/5
f 292/619/5 310/657/5 1060/1510/5 1021/1924/5
f 310/657/15 330/40/15 1023/1511/15 1060/1510/15
f 497/906/5 471/581/5 1024/1923/5 1025/1925/5
f 523/964/5 497/906/5 1025/1925/5 1061/1503/5
f 9/997/5 523/964/5 1061/1503/5 1008/1502/5
f 1794/1481/4 1861/1500/4 1017/1501/4 699/1482/4
f 805/1527/2 804/1526/2 1016/965/2 1018/994/2
f 804/1526/2 803/1528/2 1015/903/2 1016/965/2
f 803/1528/2 802/1529/2 1014/582/2 1015/903/2
f 800/1531/16 801/1530/16 1013/33/16 1012/658/16
f 799/1532/2 800/1531/2 1012/658/2 1011/620/2
f 798/1533/2 799/1532/2 1011/620/2 1010/583/2
f 802/1529/2 798/1533/2 1010/583/2 1014/582/2
f 797/1534/1 806/1173/1 1019/106/1 1009/34/1
f 801/1530/2 797/1534/2 1009/34/2 1013/33/2
f 1029/1345/2 873/1344/2 1028/668/2 315/669/2
f 1031/1504/2 843/1538/2 1030/670/2 312/671/2
f 845/1516/2 525/1293/2 1033/1006/2 1032/1005/2
f 875/1600/2 528/1595/2 1035/1014/2 1034/1013/2
f 630/1555/2 813/1569/2 1036/1060/2 1037/1063/2
f 815/1565/2 637/1546/2 1039/1046/2 1038/1045/2
f 640/1537/2 837/1556/2 1040/1100/2 1041/1103/2
f 839/1545/2 642/1517/2 1043/1098/2 1042/1097/2
f 1598/1561/2 940/1582/2 1044/1764/2 1525/1120/2
f 1599/1551/2 664/1778/2 1047/1114/2 1527/1113/2
f 672/1543/2 867/1505/2 1048/1158/2 1049/1161/2
f 869/1292/2 679/1535/2 1051/1144/2 1050/1143/2
f 691/1513/2 807/1512/2 1052/1180/2 1053/1181/2
f 809/1367/2 693/1366/2 1055/1184/2 1054/1183/2
f 1444/1926/2 659/1562/2 1045/1123/2 1405/1927/2
f 1863/1928/2 768/1591/2 1057/1278/2 1835/1277/2
f 1446/1929/2 1029/1345/2 315/669/2 1423/1930/2
f 1865/1931/2 786/1572/2 1059/1252/2 1843/1251/2
f 807/1512/2 1022/1585/2 1060/1510/2 1052/1180/2
f 1026/1579/2 809/1367/2 1054/1183/2 1061/1503/2
f 813/1569/2 691/1513/2 1053/1181/2 1036/1060/2
f 693/1366/2 815/1565/2 1038/1045/2 1055/1184/2
f 837/1556/2 630/1555/2 1037/1063/2 1040/1100/2
f 637/1546/2 839/1545/2 1042/1097/2 1039/1046/2
f 843/1538/2 640/1537/2 1041/1103/2 1030/670/2
f 642/1517/2 845/1516/2 1032/1005/2 1043/1098/2
f 867/1505/2 1031/1504/2 312/671/2 1048/1158/2
f 525/1293/2 869/1292/2 1050/1143/2 1033/1006/2
f 873/1344/2 672/1543/2 1049/1161/2 1028/668/2
f 679/1535/2 875/1600/2 1034/1013/2 1051/1144/2
f 1748/1598/2 750/1831/2 1056/1331/2 1704/1817/2
f 1749/1590/2 934/1567/2 1063/1775/2 1716/1774/2
f 1750/1581/2 781/1760/2 1058/1245/2 1722/1763/2
f 1751/1571/2 942/1552/2 1046/1767/2 1724/1766/2
f 934/1567/2 933/1559/2 1064/1932/2 1063/1775/2
f 933/1559/2 930/1521/2 1065/1933/2 1064/1932/2
f 918/1541/2 920/1549/2 1062/1820/2 1066/1934/2
f 916/1520/2 918/1541/2 1066/1934/2 1067/1935/2
f 930/1521/2 916/1520/2 1067/1935/2 1065/1933/2
f 1068/1356/2 1069/1508/2 1024/1923/2 1020/1922/2
f 1070/1357/2 1068/1356/2 1020/1922/2 1021/1924/2
f 1022/1585/2 1070/1357/2 1021/1924/2 1060/1510/2
f 1069/1508/2 1071/1757/2 1025/1925/2 1024/1923/2
f 1071/1757/2 1026/1579/2 1061/1503/2 1025/1925/2
f 1157/1936/5 1154/1937/5 1073/1938/5 1077/1939/5
f 1145/1940/5 1142/1941/5 1072/1942/5 1076/1943/5
f 1154/1937/5 1155/1944/5 1075/1945/5 1073/1938/5
f 1142/1941/5 1143/1946/5 1074/1947/5 1072/1942/5
f 1155/1944/5 1156/1347/5 1174/1346/5 1075/1945/5
f 1143/1946/5 1144/1539/5 1175/1507/5 1074/1947/5
f 1146/1948/5 1145/1940/5 1076/1943/5 1078/1949/5
f 1158/1950/5 1157/1936/5 1077/1939/5 1079/1951/5
f 1159/1601/5 1158/1950/5 1079/1951/5 1081/1596/5
f 1147/1519/5 1146/1948/5 1078/1949/5 1080/1294/5
f 1135/1566/5 1134/1952/5 1086/1953/5 1087/1547/5
f 1134/1952/5 1133/1954/5 1085/1955/5 1086/1953/5
f 1131/1956/5 1132/1570/5 1084/1558/5 1083/1957/5
f 1130/1958/5 1131/1956/5 1083/1957/5 1082/1959/5
f 1133/1954/5 1130/1958/5 1082/1959/5 1085/1955/5
f 1141/1548/5 1140/1960/5 1092/1961/5 1093/1518/5
f 1140/1960/5 1139/1962/5 1091/1963/5 1092/1961/5
f 1137/1964/5 1138/1557/5 1090/1540/5 1089/1965/5
f 1136/1966/5 1137/1964/5 1089/1965/5 1088/1967/5
f 1139/1962/5 1136/1966/5 1088/1967/5 1091/1963/5
f 1605/1554/5 1603/1968/5 1098/1969/5 1099/1779/5
f 1603/1968/5 1602/1970/5 1097/1971/5 1098/1969/5
f 1601/1972/5 1604/1564/5 1096/1563/5 1095/1973/5
f 1600/1974/5 1601/1972/5 1095/1973/5 1094/1975/5
f 1602/1970/5 1600/1974/5 1094/1975/5 1097/1971/5
f 1153/1295/5 1152/1976/5 1104/1977/5 1105/1536/5
f 1152/1976/5 1151/1978/5 1103/1979/5 1104/1977/5
f 1149/1980/5 1150/1506/5 1102/1544/5 1101/1981/5
f 1148/1982/5 1149/1980/5 1101/1981/5 1100/1983/5
f 1151/1978/5 1148/1982/5 1100/1983/5 1103/1979/5
f 1127/1984/5 1124/1985/5 1106/1986/5 1109/1987/5
f 1124/1985/5 1125/1988/5 1107/1989/5 1106/1986/5
f 1125/1988/5 1126/1515/5 1108/1514/5 1107/1989/5
f 1128/1990/5 1127/1984/5 1109/1987/5 1110/1991/5
f 1129/1368/5 1128/1990/5 1110/1991/5 1111/1369/5
f 1872/1992/5 1870/1993/5 1118/1994/5 1121/1995/5
f 1870/1993/5 1871/1996/5 1119/1997/5 1118/1994/5
f 1871/1996/5 1876/1762/5 1120/1761/5 1119/1997/5
f 1873/1998/5 1872/1992/5 1121/1995/5 1122/1999/5
f 1877/2000/5 1873/1998/5 1122/1999/5 1123/1573/5
f 1875/2001/5 1869/2002/5 1116/2003/5 1117/1592/5
f 1869/2002/5 1868/2004/5 1115/2005/5 1116/2003/5
f 1867/2006/5 1874/1833/5 1114/1832/5 1113/2007/5
f 1866/2008/5 1867/2006/5 1113/2007/5 1112/2009/5
f 1868/2004/5 1866/2008/5 1112/2009/5 1115/2005/5
f 1173/1580/5 1179/1758/5 1128/1990/5 1129/1368/5
f 1179/1758/5 1177/1509/5 1127/1984/5 1128/1990/5
f 1178/1358/5 1172/1586/5 1126/1515/5 1125/1988/5
f 1176/1359/5 1178/1358/5 1125/1988/5 1124/1985/5
f 1177/1509/5 1176/1359/5 1124/1985/5 1127/1984/5
f 1109/1987/5 1106/1986/5 1130/1958/5 1133/1954/5
f 1106/1986/5 1107/1989/5 1131/1956/5 1130/1958/5
f 1107/1989/5 1108/1514/5 1132/1570/5 1131/1956/5
f 1110/1991/5 1109/1987/5 1133/1954/5 1134/1952/5
f 1111/1369/5 1110/1991/5 1134/1952/5 1135/1566/5
f 1085/1955/5 1082/1959/5 1136/1966/5 1139/1962/5
f 1082/1959/5 1083/1957/5 1137/1964/5 1136/1966/5
f 1083/1957/5 1084/1558/5 1138/1557/5 1137/1964/5
f 1086/1953/5 1085/1955/5 1139/1962/5 1140/1960/5
f 1087/1547/5 1086/1953/5 1140/1960/5 1141/1548/5
f 1093/1518/5 1092/1961/5 1146/1948/5 1147/1519/5
f 1092/1961/5 1091/1963/5 1145/1940/5 1146/1948/5
f 1089/1965/5 1090/1540/5 1144/1539/5 1143/1946/5
f 1088/1967/5 1089/1965/5 1143/1946/5 1142/1941/5
f 1091/1963/5 1088/1967/5 1142/1941/5 1145/1940/5
f 1076/1943/5 1072/1942/5 1148/1982/5 1151/1978/5
f 1072/1942/5 1074/1947/5 1149/1980/5 1148/1982/5
f 1074/1947/5 1175/1507/5 1150/1506/5 1149/1980/5
f 1078/1949/5 1076/1943/5 1151/1978/5 1152/1976/5
f 1080/1294/5 1078/1949/5 1152/1976/5 1153/1295/5
f 1105/1536/5 1104/1977/5 1158/1950/5 1159/1601/5
f 1104/1977/5 1103/1979/5 1157/1936/5 1158/1950/5
f 1101/1981/5 1102/1544/5 1156/1347/5 1155/1944/5
f 1100/1983/5 1101/1981/5 1155/1944/5 1154/1937/5
f 1103/1979/5 1100/1983/5 1154/1937/5 1157/1936/5
f 1758/2010/5 1756/2011/5 1166/2012/5 1169/2013/5
f 1756/2011/5 1757/2014/5 1167/2015/5 1166/2012/5
f 1757/2014/5 1762/1584/5 1168/1583/5 1167/2015/5
f 1759/2016/5 1758/2010/5 1169/2013/5 1170/2017/5
f 1763/1574/5 1759/2016/5 1170/2017/5 1171/1553/5
f 1761/1593/5 1755/2018/5 1164/1560/5 1165/1568/5
f 1755/2018/5 1754/2019/5 1163/1522/5 1164/1560/5
f 1753/2020/5 1760/1599/5 1162/1550/5 1161/1542/5
f 1752/2021/5 1753/2020/5 1161/1542/5 1160/1523/5
f 1754/2019/5 1752/2021/5 1160/1523/5 1163/1522/5
f 1450/2022/5 1448/2023/5 1306/2024/5 1308/2025/5
f 1448/2023/5 1449/2026/5 1307/2027/5 1306/2024/5
f 1449/2026/5 1456/2028/5 1314/2029/5 1307/2027/5
f 1451/2030/5 1450/2022/5 1308/2025/5 1309/2031/5
f 1457/1780/5 1451/2030/5 1309/2031/5 1315/2032/5
f 1459/1597/5 1455/2033/5 1313/2034/5 1317/2035/5
f 1455/2033/5 1454/2036/5 1312/2037/5 1313/2034/5
f 1453/2038/5 1458/2039/5 1316/2040/5 1311/2041/5
f 1452/2042/5 1453/2038/5 1311/2041/5 1310/2043/5
f 1454/2036/5 1452/2042/5 1310/2043/5 1312/2037/5
f 1447/1594/2 1305/2044/2 1273/2045/2 1425/2046/2
f 1864/1759/2 1304/2047/2 1271/2048/2 1841/1244/2
f 1445/1777/2 1303/2049/2 1265/2050/2 1417/2051/2
f 1862/1830/2 1302/2052/2 1253/2053/2 1823/1328/2
f 1376/2054/4 1443/2055/4 1301/2056/4 1224/2057/4
f 1954/2058/1 1929/2059/1 1300/2060/1 1764/2061/1
f 1444/1926/19 1302/2052/19 1314/2029/19 1456/2028/19
f 1863/1928/18 1303/2049/18 1315/2032/18 1875/2001/18
f 1446/1929/19 1304/2047/19 1316/2040/19 1458/2039/19
f 1778/2062/4 1765/2063/4 1299/2064/4 1372/2065/4
f 1777/2066/4 1442/2067/4 1298/2068/4 1766/2069/4
f 1620/2070/1 1606/2071/1 1297/2072/1 1371/2073/1
f 1776/2074/1 1767/2075/1 1296/2076/1 1370/2077/1
f 1775/2078/1 1441/2079/1 1295/2080/1 1768/2081/1
f 1774/2082/4 1769/2083/4 1294/2084/4 1369/2085/4
f 1773/2086/4 1440/2087/4 1293/2088/4 1770/2089/4
f 1865/1931/21 1305/2044/21 1317/2035/21 1877/2000/21
f 1323/2090/1 1439/2091/1 1292/2092/1 1181/2093/1
f 1428/2094/4 1438/2095/4 1291/2096/4 1276/2097/4
f 1381/2098/4 1437/2099/4 1290/2100/4 1229/2101/4
f 1420/2102/4 1436/2103/4 1289/2104/4 1268/2105/4
f 1419/2106/4 1435/2107/4 1288/2108/4 1267/2109/4
f 1429/2110/4 1434/2111/4 1287/2112/4 1277/2113/4
f 1443/2055/4 1433/2114/4 1286/2115/4 1301/2056/4
f 2737/2116/1 1322/2117/1 1180/2118/1 2734/2119/1
f 1619/2120/4 1324/2121/4 1182/2122/4 1607/2123/4
f 1944/2124/4 1930/2125/4 1285/2126/4 1368/2127/4
f 1471/2128/4 1460/2129/4 1318/2130/4 1461/2131/4
f 1943/2132/4 1432/2133/4 1284/2134/4 1931/2135/4
f 1618/2136/4 1608/2137/4 1223/2138/4 1375/2139/4
f 2053/2140/4 1376/2054/4 1224/2057/4 2050/2141/4
f 1391/2142/1 1377/2143/1 1225/2144/1 1239/2145/1
f 1406/2146/5 1378/101/5 1226/2147/5 1254/2148/5
f 1678/1892/1 892/45/1 1975/48/1 1987/2149/1
f 1386/2150/1 1380/2151/1 1228/2152/1 1234/2153/1
f 1436/2103/4 1381/2098/4 1229/2101/4 1289/2104/4
f 1438/2095/4 1383/2154/4 1231/2155/4 1291/2096/4
f 1617/2156/1 1356/1132/1 1214/2157/1 1609/2158/1
f 1942/2159/1 1932/2160/1 1283/2161/1 1367/2162/1
f 1470/2163/1 1462/2164/1 1319/2165/1 1463/2166/1
f 1941/2167/1 1431/2168/1 1282/2169/1 1933/2170/1
f 1616/2171/1 1610/2172/1 1227/2173/1 1379/2174/1
f 1772/2175/1 1771/2176/1 1281/2177/1 1366/2178/1
f 1469/2179/1 1464/2180/1 1270/2181/1 1422/2182/1
f 1940/2183/1 1934/2184/1 1320/2185/1 1465/2186/1
f 1962/2187/1 1921/2188/1 1280/2189/1 1935/2190/1
f 2395/2191/7 2393/2192/7 1187/2193/7 1329/110/7
f 1335/2194/7 1193/2195/7 1189/2196/7 1331/2197/7
f 1387/2198/1 1384/2199/1 1232/2200/1 1235/2201/1
f 1331/2197/7 1189/2196/7 1192/2202/7 1334/2203/7
f 1337/2204/7 1195/2205/7 1193/2195/7 1335/2194/7
f 1389/2206/1 1386/2150/1 1234/2153/1 1237/2207/1
f 1380/2151/1 1387/2198/1 1235/2201/1 1228/2152/1
f 1384/2199/1 1388/2208/1 1236/2209/1 1232/2200/1
f 1382/2210/7 1230/2211/7 1195/2205/7 1337/2204/7
f 1334/2203/7 1192/2202/7 1198/2212/7 1340/2213/7
f 1382/2214/1 1389/2206/1 1237/2207/1 1230/2215/1
f 1388/2208/1 1391/2142/1 1239/2145/1 1236/2209/1
f 1412/2216/4 1392/2217/4 1240/2218/4 1260/2219/4
f 1414/2220/1 1393/2221/1 1241/2222/1 1262/2223/1
f 1398/2224/1 1394/2225/1 1242/2226/1 1246/2227/1
f 2346/2228/4 1395/2229/4 1243/2230/4 2345/2231/4
f 1400/2232/4 1396/2233/4 1244/2234/4 1248/2235/4
f 2842/2236/1 1397/2237/1 1245/2238/1 2841/2239/1
f 2300/2240/1 1398/2224/1 1246/2227/1 2299/2241/1
f 1395/2229/4 1399/2242/4 1247/2243/4 1243/2230/4
f 2792/2244/4 1400/2232/4 1248/2235/4 2791/2245/4
f 1397/2237/1 1401/2246/1 1249/2247/1 1245/2238/1
f 1415/2248/7 1402/2249/7 1250/2250/7 1263/2251/7
f 1402/2249/12 1403/2252/12 1251/2253/12 1250/2250/12
f 1403/2252/13 1404/1333/13 1252/1332/13 1251/2253/13
f 1504/652/4 919/1826/4 1976/2254/4 1985/2255/4
f 1405/1927/15 1406/2146/15 1254/2148/15 1253/2053/15
f 2523/2256/4 1407/2257/4 1255/2258/4 2520/2259/4
f 2098/2260/1 1408/2261/1 1256/2262/1 2097/2263/1
f 2473/2264/1 1409/2265/1 1257/2266/1 2470/2267/1
f 2686/2268/4 1410/2269/4 1258/2270/4 2685/2271/4
f 1393/2221/1 1411/2272/1 1259/2273/1 1241/2222/1
f 2578/2274/4 1412/2216/4 1260/2219/4 2577/2275/4
f 1392/2217/4 1413/2276/4 1261/2277/4 1240/2218/4
f 2628/2278/1 1414/2220/1 1262/2223/1 2627/2279/1
f 1416/2280/7 1415/2248/7 1263/2251/7 1264/2281/7
f 1418/2282/7 1416/2280/7 1264/2281/7 1266/2283/7
f 1355/2284/5 1417/2051/5 1265/2050/5 1213/2285/5
f 1324/2121/7 1418/2282/7 1266/2283/7 1182/2122/7
f 1434/2111/4 1419/2106/4 1267/2109/4 1287/2112/4
f 1435/2107/4 1420/2102/4 1268/2105/4 1288/2108/4
f 1327/2286/5 1425/2046/5 1273/2045/5 1185/2287/5
f 1423/1930/15 1424/2288/15 1272/2289/15 1271/2048/15
f 1424/2288/5 1422/2182/5 1270/2181/5 1272/2289/5
f 1615/2290/4 1426/2291/4 1274/2292/4 1611/2293/4
f 1939/2294/4 1936/2295/4 1279/2296/4 1364/2297/4
f 1468/2298/4 1466/2299/4 1321/2300/4 1467/2301/4
f 1938/2302/4 1430/2303/4 1278/2304/4 1937/2305/4
f 1614/2306/4 1612/2307/4 1269/2308/4 1421/2309/4
f 1439/2091/1 1427/1578/1 1275/1577/1 1292/2092/1
f 1437/2099/4 1428/2094/4 1276/2097/4 1290/2100/4
f 1433/2114/4 1429/2110/4 1277/2113/4 1286/2115/4
f 1916/2310/2 1912/1464/2 1214/2157/2 1218/2311/2
f 1917/2312/2 1913/2313/2 1215/2314/2 1219/2315/2
f 1913/2313/2 1914/2316/2 1216/2317/2 1215/2314/2
f 1914/2316/2 1915/2318/2 1217/2319/2 1216/2317/2
f 1915/2318/16 1916/2310/16 1218/2311/16 1217/2319/16
f 1918/2320/2 1917/2312/2 1219/2315/2 1220/2321/2
f 1919/2322/2 1918/2320/2 1220/2321/2 1221/2323/2
f 1793/2324/2 1919/2322/2 1221/2323/2 1223/2325/2
f 1839/2326/2 1910/2327/2 1212/2328/2 1269/2329/2
f 1792/2330/3 1909/2331/3 1211/2332/3 1222/2333/3
f 1909/2331/3 1908/2334/3 1210/2335/3 1211/2332/3
f 1910/2327/2 1907/2336/2 1209/2337/2 1212/2328/2
f 1907/2336/2 1906/2338/2 1208/2339/2 1209/2337/2
f 1908/2334/3 1905/2340/3 1207/2341/3 1210/2335/3
f 1902/2342/3 1904/2343/3 1206/2344/3 1204/2345/3
f 1901/2346/16 1903/2347/16 1205/2348/16 1203/2349/16
f 1900/2350/3 1902/2342/3 1204/2345/3 1202/2351/3
f 1899/2352/2 1901/2346/2 1203/2349/2 1201/2353/2
f 1898/2354/3 1900/2350/3 1202/2351/3 1200/2355/3
f 1897/2356/2 1899/2352/2 1201/2353/2 1199/2357/2
f 1905/2340/3 1898/2354/3 1200/2355/3 1207/2341/3
f 1906/2338/2 1897/2356/2 1199/2357/2 1208/2339/2
f 1803/240/4 1233/239/4 1238/2358/4 1808/2359/4
f 2202/2360/3 1895/2361/3 1197/2362/3 2195/2363/3
f 1892/2364/3 1894/2365/3 1196/2366/3 1194/2367/3
f 1888/2368/3 1892/2364/3 1194/2367/3 1190/2369/3
f 1895/2361/3 1889/2370/3 1191/2371/3 1197/2362/3
f 1889/2370/3 1888/2368/3 1190/2369/3 1191/2371/3
f 1882/2372/3 1886/2373/3 1188/2374/3 1184/2375/3
f 1808/2359/4 1238/2358/4 1187/2193/4 1885/1443/4
f 1946/2376/1 1796/1477/1 1226/2147/1 1613/2377/1
f 1903/2347/2 1884/2378/2 1186/2379/2 1205/2348/2
f 1904/2343/3 1882/2372/3 1184/2375/3 1206/2344/3
f 1894/2365/3 1878/2380/3 1180/2381/3 1196/2366/3
f 796/2382/4 680/2383/4 1429/2110/4 1433/2114/4
f 856/2384/4 666/2385/4 1428/2094/4 1437/2099/4
f 872/86/1 669/1171/1 1427/1578/1 1439/2091/1
f 1481/94/4 1614/2306/4 1421/2309/4 25/95/4
f 1883/2386/4 707/2387/4 1430/2303/4 1938/2302/4
f 1383/2154/4 1468/2298/4 1467/2301/4 1231/2155/4
f 28/2388/4 1327/2389/4 1468/2298/4 1383/2154/4
f 1327/2389/4 1185/2390/4 1466/2299/4 1468/2298/4
f 1801/1467/4 1939/2294/4 1364/2297/4 711/1468/4
f 1547/2391/4 654/2392/4 1426/2291/4 1615/2290/4
f 335/88/5 27/87/5 1422/2182/5 1424/2288/5
f 315/669/15 335/88/15 1424/2288/15 1423/1930/15
f 28/1015/5 1035/1014/5 1425/2046/5 1327/2286/5
f 826/2393/4 643/2394/4 1420/2102/4 1435/2107/4
f 816/2395/4 624/2396/4 1419/2106/4 1434/2111/4
f 2/999/7 520/962/7 1418/2282/7 1324/2121/7
f 654/1115/5 1047/1114/5 1417/2051/5 1355/2284/5
f 520/962/7 494/908/7 1416/2280/7 1418/2282/7
f 494/908/7 468/577/7 1415/2248/7 1416/2280/7
f 2610/2397/1 450/2398/1 1414/2220/1 2628/2278/1
f 98/2399/4 444/2400/4 1413/2276/4 1392/2217/4
f 2559/2401/4 423/2402/4 1412/2216/4 2578/2274/4
f 89/2403/1 417/2404/1 1411/2272/1 1393/2221/1
f 2648/2405/4 393/2406/4 1410/2269/4 2686/2268/4
f 2454/2407/1 391/2408/1 1409/2265/1 2473/2264/1
f 2061/2409/1 368/2410/1 1408/2261/1 2098/2260/1
f 2505/2411/4 366/2412/4 1407/2257/4 2523/2256/4
f 1045/1123/15 661/1122/15 1406/2146/15 1405/1927/15
f 307/655/15 327/44/15 1970/673/15 1968/1476/15
f 289/617/13 307/655/13 1404/1333/13 1403/2252/13
f 270/576/12 289/617/12 1403/2252/12 1402/2249/12
f 468/577/7 270/576/7 1402/2249/7 1415/2248/7
f 230/2413/1 268/2414/1 1401/2246/1 1397/2237/1
f 2773/2415/4 252/2416/4 1400/2232/4 2792/2244/4
f 213/2417/4 251/2418/4 1399/2242/4 1395/2229/4
f 2283/2419/1 235/2420/1 1398/2224/1 2300/2240/1
f 2830/2421/1 230/2413/1 1397/2237/1 2842/2236/1
f 252/2416/4 216/2422/4 1396/2233/4 1400/2232/4
f 2335/2423/4 213/2417/4 1395/2229/4 2346/2228/4
f 235/2420/1 199/2424/1 1394/2225/1 1398/2224/1
f 450/2398/1 89/2403/1 1393/2221/1 1414/2220/1
f 423/2402/4 98/2399/4 1392/2217/4 1412/2216/4
f 93/2425/1 151/2426/1 1391/2142/1 1388/2208/1
f 26/2427/1 132/2428/1 1389/2206/1 1382/2214/1
f 57/127/7 1334/2203/7 1340/2213/7 122/197/7
f 26/91/7 1382/2210/7 1337/2204/7 107/92/7
f 46/2429/1 93/2425/1 1388/2208/1 1384/2199/1
f 20/2430/1 80/2431/1 1387/2198/1 1380/2151/1
f 132/2428/1 72/2432/1 1386/2150/1 1389/2206/1
f 107/92/7 1337/2204/7 1335/2194/7 68/208/7
f 44/126/7 1331/2197/7 1334/2203/7 57/127/7
f 80/2431/1 46/2429/1 1384/2199/1 1387/2198/1
f 68/208/7 1335/2194/7 1331/2197/7 44/126/7
f 2358/2433/7 2395/2191/7 1329/110/7 36/109/7
f 1879/1587/1 1940/2183/1 1465/2186/1 1181/2093/1
f 1323/2090/1 1469/2179/1 1422/2182/1 27/87/1
f 1181/2093/1 1465/2186/1 1469/2179/1 1323/2090/1
f 1465/2186/1 1320/2185/1 1464/2180/1 1469/2179/1
f 1627/1606/1 1772/2175/1 1366/2178/1 697/1588/1
f 1545/2434/1 1616/2171/1 1379/2174/1 13/43/1
f 1884/2378/1 708/1471/1 1431/2168/1 1941/2167/1
f 1325/2435/1 1470/2163/1 1463/2166/1 1183/2436/1
f 30/83/1 1328/82/1 1470/2163/1 1325/2435/1
f 1328/82/1 1186/2379/1 1462/2164/1 1470/2163/1
f 1881/2437/1 1942/2159/1 1367/2162/1 701/2438/1
f 1548/1647/1 655/1133/1 1356/1132/1 1617/2156/1
f 876/2439/4 28/2388/4 1383/2154/4 1438/2095/4
f 846/2440/4 21/2441/4 1381/2098/4 1436/2103/4
f 72/2432/1 20/2430/1 1380/2151/1 1386/2150/1
f 1379/2174/1 1227/2173/1 1978/2442/1 1981/2443/1
f 661/1122/5 653/102/5 1378/101/5 1406/2146/5
f 151/2426/1 12/2444/1 1377/2143/1 1391/2142/1
f 2031/2445/4 9/2446/4 1376/2054/4 2053/2140/4
f 1528/1135/4 1618/2136/4 1375/2139/4 652/1136/4
f 1911/2447/4 776/2448/4 1432/2133/4 1943/2132/4
f 1426/2291/4 1471/2128/4 1461/2131/4 1274/2292/4
f 654/2392/4 1355/2449/4 1471/2128/4 1426/2291/4
f 1355/2449/4 1213/2450/4 1460/2129/4 1471/2128/4
f 1844/1225/4 1944/2124/4 1368/2127/4 788/1226/4
f 1575/2451/4 2/999/4 1324/2121/4 1619/2120/4
f 2714/2452/1 5/2453/1 1322/2117/1 2737/2116/1
f 1008/2454/4 796/2382/4 1433/2114/4 1443/2055/4
f 680/2383/4 816/2395/4 1434/2111/4 1429/2110/4
f 624/2396/4 826/2393/4 1435/2107/4 1419/2106/4
f 643/2394/4 846/2440/4 1436/2103/4 1420/2102/4
f 21/2441/4 856/2384/4 1437/2099/4 1381/2098/4
f 666/2385/4 876/2439/4 1438/2095/4 1428/2094/4
f 27/87/1 872/86/1 1439/2091/1 1323/2090/1
f 1659/2455/4 980/2456/4 1440/2087/4 1773/2086/4
f 1725/1750/4 1774/2082/4 1369/2085/4 943/1751/4
f 1632/1470/1 953/1648/1 1441/2079/1 1775/2078/1
f 1629/2457/1 1776/2074/1 1370/2077/1 950/2458/1
f 1543/1589/1 1620/2070/1 1371/2073/1 948/1609/1
f 1631/2459/4 952/2460/4 1442/2067/4 1777/2066/4
f 1682/1899/4 1778/2062/4 1372/2065/4 896/1900/4
f 1029/1345/19 1446/1929/19 1458/2039/19 1174/1346/19
f 659/1562/19 1444/1926/19 1456/2028/19 1096/1563/19
f 9/2446/4 1008/2454/4 1443/2055/4 1376/2054/4
f 664/1778/2 1445/1777/2 1417/2051/2 1047/1114/2
f 528/1595/2 1447/1594/2 1425/2046/2 1035/1014/2
f 1077/1939/5 1073/1938/5 1452/2042/5 1454/2036/5
f 1073/1938/5 1075/1945/5 1453/2038/5 1452/2042/5
f 1075/1945/5 1174/1346/5 1458/2039/5 1453/2038/5
f 1079/1951/5 1077/1939/5 1454/2036/5 1455/2033/5
f 1081/1596/5 1079/1951/5 1455/2033/5 1459/1597/5
f 1099/1779/5 1098/1969/5 1451/2030/5 1457/1780/5
f 1098/1969/5 1097/1971/5 1450/2022/5 1451/2030/5
f 1095/1973/5 1096/1563/5 1456/2028/5 1449/2026/5
f 1094/1975/5 1095/1973/5 1449/2026/5 1448/2023/5
f 1097/1971/5 1094/1975/5 1448/2023/5 1450/2022/5
f 1304/2047/2 1446/1929/2 1423/1930/2 1271/2048/2
f 1302/2052/2 1444/1926/2 1405/1927/2 1253/2053/2
f 1764/2061/1 1300/2060/1 1373/1889/1 1779/1888/1
f 1303/2049/21 1445/1777/21 1457/1780/21 1315/2032/21
f 1305/2044/18 1447/1594/18 1459/1597/18 1317/2035/18
f 1935/2190/1 1280/2189/1 1365/1446/1 1945/1445/1
f 1218/2311/2 1214/2157/2 1356/1132/2 1360/1125/2
f 1219/2315/2 1215/2314/2 1357/1130/2 1361/1118/2
f 1215/2314/2 1216/2317/2 1358/1128/2 1357/1130/2
f 1216/2317/2 1217/2319/2 1359/1124/2 1358/1128/2
f 1217/2319/16 1218/2311/16 1360/1125/16 1359/1124/16
f 1220/2321/2 1219/2315/2 1361/1118/2 1362/1116/2
f 1221/2323/2 1220/2321/2 1362/1116/2 1363/1109/2
f 1223/2325/2 1221/2323/2 1363/1109/2 1375/1108/2
f 1269/2329/2 1212/2328/2 1354/951/2 1421/1010/2
f 1222/2333/3 1211/2332/3 1353/957/3 1374/1000/3
f 1211/2332/3 1210/2335/3 1352/911/3 1353/957/3
f 1212/2328/2 1209/2337/2 1351/917/2 1354/951/2
f 1209/2337/2 1208/2339/2 1350/554/2 1351/917/2
f 1210/2335/3 1207/2341/3 1349/566/3 1352/911/3
f 1204/2345/3 1206/2344/3 1348/49/3 1346/650/3
f 1203/2349/16 1205/2348/16 1347/81/16 1345/644/16
f 1202/2351/3 1204/2345/3 1346/650/3 1344/612/3
f 1201/2353/2 1203/2349/2 1345/644/2 1343/606/2
f 1200/2355/3 1202/2351/3 1344/612/3 1342/567/3
f 1199/2357/2 1201/2353/2 1343/606/2 1341/555/2
f 1207/2341/3 1200/2355/3 1342/567/3 1349/566/3
f 1208/2339/2 1199/2357/2 1341/555/2 1350/554/2
f 1233/239/4 1385/238/4 1390/107/4 1238/2358/4
f 2195/2363/3 1197/2362/3 1339/184/3 2197/300/3
f 1194/2367/3 1196/2366/3 1338/9/3 1336/219/3
f 1190/2369/3 1194/2367/3 1336/219/3 1332/145/3
f 1197/2362/3 1191/2371/3 1333/144/3 1339/184/3
f 1191/2371/3 1190/2369/3 1332/145/3 1333/144/3
f 1184/2375/3 1188/2374/3 1330/116/3 1326/50/3
f 1238/2358/4 1390/107/4 1329/110/4 1187/2193/4
f 1613/2377/1 1226/2147/1 1378/101/1 1621/100/1
f 1205/2348/2 1186/2379/2 1328/82/2 1347/81/2
f 1206/2344/3 1184/2375/3 1326/50/3 1348/49/3
f 1196/2366/3 1180/2381/3 1322/10/3 1338/9/3
f 1300/2060/1 1613/2377/1 1621/100/1 1373/1889/1
f 30/83/1 1325/2435/1 1620/2070/1 1543/1589/1
f 980/2456/4 1575/2451/4 1619/2120/4 1440/2087/4
f 943/1751/4 1369/2085/4 1618/2136/4 1528/1135/4
f 953/1648/1 1548/1647/1 1617/2156/1 1441/2079/1
f 950/2458/1 1370/2077/1 1616/2171/1 1545/2434/1
f 952/2460/4 1547/2391/4 1615/2290/4 1442/2067/4
f 896/1900/4 1372/2065/4 1614/2306/4 1481/94/4
f 1929/2059/1 1946/2376/1 1613/2377/1 1300/2060/1
f 1372/2065/4 1299/2064/4 1612/2307/4 1614/2306/4
f 1442/2067/4 1615/2290/4 1611/2293/4 1298/2068/4
f 1370/2077/1 1296/2076/1 1610/2172/1 1616/2171/1
f 1441/2079/1 1617/2156/1 1609/2158/1 1295/2080/1
f 1369/2085/4 1294/2084/4 1608/2137/4 1618/2136/4
f 1440/2087/4 1619/2120/4 1607/2123/4 1293/2088/4
f 1325/2435/1 1183/2436/1 1606/2071/1 1620/2070/1
f 1169/2013/5 1166/2012/5 1600/1974/5 1602/1970/5
f 1166/2012/5 1167/2015/5 1601/1972/5 1600/1974/5
f 1167/2015/5 1168/1583/5 1604/1564/5 1601/1972/5
f 1170/2017/5 1169/2013/5 1602/1970/5 1603/1968/5
f 1171/1553/5 1170/2017/5 1603/1968/5 1605/1554/5
f 942/1552/2 1599/1551/2 1527/1113/2 1046/1767/2
f 659/1562/2 1598/1561/2 1525/1120/2 1045/1123/2
f 889/1906/4 1027/1629/4 1597/1524/4 1474/22/4
f 1745/1913/4 1780/1916/4 1596/1917/4 1007/1914/4
f 1746/1915/4 1007/1914/4 1595/1909/4 1781/1908/4
f 1743/1894/1 1782/1897/1 1594/1898/1 1006/1895/1
f 1744/1896/1 1006/1895/1 1593/1891/1 1783/1890/1
f 1741/1746/4 1784/1749/4 1592/1752/4 1005/1747/4
f 1742/1748/4 1005/1747/4 1591/1742/4 1785/1741/4
f 328/1821/2 15/99/2 1576/98/2 1580/1725/2
f 469/573/2 271/572/2 1577/1730/2 1581/1722/2
f 271/572/2 290/615/2 1578/1728/2 1577/1730/2
f 290/615/2 308/653/2 1579/1724/2 1578/1728/2
f 308/653/16 328/1821/16 1580/1725/16 1579/1724/16
f 495/910/2 469/573/2 1581/1722/2 1582/1720/2
f 521/960/2 495/910/2 1582/1720/2 1583/1717/2
f 4/15/2 521/960/2 1583/1717/2 1473/1716/2
f 652/1111/2 665/1110/2 1574/1708/2 1523/1714/2
f 8/2461/3 547/2462/3 1573/1710/3 1472/1712/3
f 547/2462/3 519/2463/3 1572/1704/3 1573/1710/3
f 665/1110/2 663/1117/2 1571/1706/2 1574/1708/2
f 663/1117/2 662/1119/2 1570/1688/2 1571/1706/2
f 519/2463/3 485/2464/3 1569/1692/3 1572/1704/3
f 306/2465/3 326/2466/3 1568/1642/3 1566/1702/3
f 658/1127/16 660/1126/16 1567/1646/16 1565/1700/16
f 288/2467/3 306/2465/3 1566/1702/3 1564/1698/3
f 657/1129/2 658/1127/2 1565/1700/2 1563/1696/2
f 275/2468/3 288/2467/3 1564/1698/3 1562/1693/3
f 656/1131/2 657/1129/2 1563/1696/2 1561/1689/2
f 485/2464/3 275/2468/3 1562/1693/3 1569/1692/3
f 662/1119/2 656/1131/2 1561/1689/2 1570/1688/2
f 74/245/4 1483/244/4 1488/1673/4 138/2469/4
f 2167/2470/3 125/2471/3 1559/1682/3 2198/1686/3
f 61/2472/3 100/2473/3 1558/1630/3 1556/1684/3
f 37/2474/3 61/2472/3 1556/1684/3 1552/1679/3
f 125/2471/3 58/2475/3 1553/1678/3 1559/1682/3
f 58/2475/3 37/2474/3 1552/1679/3 1553/1678/3
f 14/2476/3 1/2477/3 1550/1676/3 1546/1643/3
f 138/2469/4 1488/1673/4 1549/114/4 35/113/4
f 1881/2437/1 701/2438/1 1585/1670/1 1947/1669/1
f 1589/1663/1 1622/1666/1 1590/1668/1 1004/1664/1
f 950/2458/1 1545/2434/1 1622/1666/1 1589/1663/1
f 1545/2434/1 13/43/1 1476/42/1 1622/1666/1
f 1629/2457/1 950/2458/1 1589/1663/1 1786/1662/1
f 660/1126/2 655/1133/2 1548/1647/2 1567/1646/2
f 326/2466/3 14/2476/3 1546/1643/3 1568/1642/3
f 100/2473/3 7/2478/3 1542/1631/3 1558/1630/3
f 945/1605/4 1003/1604/4 1541/93/4 1530/1167/4
f 948/1609/1 1002/1608/1 1540/1138/1 1543/1589/1
f 894/1613/4 1001/1612/4 1539/1166/4 1479/78/4
f 937/1617/4 1000/1616/4 1538/77/4 1522/1105/4
f 940/1582/19 1598/1561/19 1604/1564/19 1168/1583/19
f 664/1778/18 1599/1551/18 1605/1554/18 1099/1779/18
f 936/1621/4 999/1620/4 1537/1104/4 1521/1073/4
f 946/1625/4 998/1624/4 1536/1072/4 1531/1177/4
f 1027/1629/4 997/1628/4 1535/1176/4 1597/1524/4
f 1858/1635/4 1948/1492/4 1588/1493/4 996/1636/4
f 1925/1641/4 995/1640/4 1534/1485/4 1949/1484/4
f 1859/1651/1 1950/1463/1 1587/1465/1 994/1652/1
f 1926/1657/1 993/1656/1 1533/1456/1 1951/1455/1
f 1739/1659/1 1787/1451/1 1586/1454/1 992/1660/1
f 1860/1734/4 1952/1224/4 1584/1227/4 990/1735/4
f 1928/1740/4 989/1739/4 1532/1217/4 1953/1216/4
f 997/1628/4 946/1625/4 1531/1177/4 1535/1176/4
f 1001/1612/4 945/1605/4 1530/1167/4 1539/1166/4
f 1002/1608/1 944/1575/1 1529/1139/1 1540/1138/1
f 1591/1742/4 1623/1134/4 1523/1137/4 938/1743/4
f 1005/1747/4 1592/1752/4 1623/1134/4 1591/1742/4
f 1592/1752/4 943/1751/4 1528/1135/4 1623/1134/4
f 941/1756/5 939/1755/5 1524/103/5 1526/1121/5
f 1044/1764/15 941/1756/15 1526/1121/15 1525/1120/15
f 952/1768/5 1046/1767/5 1527/1113/5 1547/1112/5
f 999/1620/4 937/1617/4 1522/1105/4 1537/1104/4
f 998/1624/4 936/1621/4 1521/1073/4 1536/1072/4
f 949/1772/7 935/1771/7 1520/959/7 1544/14/7
f 980/1776/5 1063/1775/5 1519/961/5 1575/998/5
f 1063/1775/5 1064/1932/5 1518/907/5 1519/961/5
f 935/1771/7 932/1782/7 1517/909/7 1520/959/7
f 932/1782/7 931/1784/7 1516/570/7 1517/909/7
f 1064/1932/5 1065/1933/5 1515/574/5 1518/907/5
f 2626/1788/1 929/1787/1 1514/359/1 2629/875/1
f 905/1792/4 928/1791/4 1513/859/4 1490/352/4
f 2576/1796/4 927/1795/4 1512/351/4 2579/839/4
f 906/1800/1 926/1799/1 1511/822/1 1491/360/1
f 2682/1804/4 925/1803/4 1510/795/4 2688/794/4
f 2469/1808/1 924/1807/1 1509/769/1 2475/768/1
f 2094/1812/1 923/1811/1 1508/727/1 2100/726/1
f 2519/1816/4 922/1815/4 1507/709/4 2525/708/4
f 1062/1820/15 921/1819/15 1506/41/15 1505/654/15
f 13/43/1 1379/2174/1 1981/2443/1 1966/672/1
f 1066/1934/5 1062/1820/5 1505/654/5 1503/616/5
f 917/1827/13 919/1826/13 1504/652/13 1502/614/13
f 1067/1935/5 1066/1934/5 1503/616/5 1501/575/5
f 915/1829/12 917/1827/12 1502/614/12 1500/571/12
f 1065/1933/5 1067/1935/5 1501/575/5 1515/574/5
f 931/1784/7 915/1829/7 1500/571/7 1516/570/7
f 910/1837/1 914/1836/1 1499/517/1 1495/459/1
f 2790/1841/4 913/1840/4 1498/416/4 2793/504/4
f 908/1845/4 912/1844/4 1497/490/4 1493/407/4
f 2298/1849/1 911/1848/1 1496/363/1 2301/472/1
f 2840/1851/1 910/1837/1 1495/459/1 2843/458/1
f 913/1840/4 909/1853/4 1494/417/4 1498/416/4
f 2344/1855/4 908/1845/4 1493/407/4 2347/406/4
f 911/1848/1 907/1857/1 1492/364/1 1496/363/1
f 929/1787/1 906/1800/1 1491/360/1 1514/359/1
f 927/1795/4 905/1792/4 1490/352/4 1512/351/4
f 901/1861/1 904/1860/1 1489/29/1 1486/271/1
f 895/1865/1 902/1864/1 1487/251/1 1480/307/1
f 959/1867/7 1554/199/7 1560/305/7 965/1868/7
f 895/1871/7 1480/278/7 1557/205/7 962/1872/7
f 897/1875/1 901/1861/1 1486/271/1 1482/169/1
f 893/1879/1 900/1878/1 1485/168/1 1478/66/1
f 902/1864/1 899/1881/1 1484/65/1 1487/251/1
f 962/1872/7 1557/205/7 1555/120/7 960/1882/7
f 956/1885/7 1551/123/7 1554/199/7 959/1867/7
f 900/1878/1 897/1875/1 1482/169/1 1485/168/1
f 960/1882/7 1555/120/7 1551/123/7 956/1885/7
f 2392/1887/7 2398/111/7 1549/114/7 954/1675/7
f 1373/1889/1 1621/100/1 1524/103/1 939/1755/1
f 1593/1891/1 1624/97/1 1477/46/1 892/45/1
f 1006/1895/1 1594/1898/1 1624/97/1 1593/1891/1
f 1594/1898/1 981/1732/1 1576/98/1 1624/97/1
f 1003/1604/4 896/1900/4 1481/94/4 1541/93/4
f 1000/1616/4 894/1613/4 1479/78/4 1538/77/4
f 899/1881/1 893/1879/1 1478/66/1 1484/65/1
f 1477/46/1 15/99/1 1967/2479/1 1984/47/1
f 921/1819/5 891/1667/5 1476/42/5 1506/41/5
f 904/1860/1 890/1903/1 1475/30/1 1489/29/1
f 2049/1907/4 889/1906/4 1474/22/4 2055/21/4
f 1595/1909/4 1625/13/4 1473/16/4 888/1910/4
f 1007/1914/4 1596/1917/4 1625/13/4 1595/1909/4
f 1596/1917/4 949/1772/4 1544/14/4 1625/13/4
f 2733/1921/1 947/1920/1 1542/2/1 2739/1/1
f 1004/1664/1 1590/1668/1 1787/1451/1 1739/1659/1
f 701/2438/1 1629/2457/1 1786/1662/1 1585/1670/1
f 989/1739/4 1742/1748/4 1785/1741/4 1532/1217/4
f 990/1735/4 1584/1227/4 1784/1749/4 1741/1746/4
f 993/1656/1 1744/1896/1 1783/1890/1 1533/1456/1
f 994/1652/1 1587/1465/1 1782/1897/1 1743/1894/1
f 995/1640/4 1746/1915/4 1781/1908/4 1534/1485/4
f 996/1636/4 1588/1493/4 1780/1916/4 1745/1913/4
f 1280/2189/1 1764/2061/1 1779/1888/1 1365/1446/1
f 711/1468/4 1364/2297/4 1778/2062/4 1682/1899/4
f 707/2387/4 1631/2459/4 1777/2066/4 1430/2303/4
f 701/2438/1 1367/2162/1 1776/2074/1 1629/2457/1
f 708/1471/1 1632/1470/1 1775/2078/1 1431/2168/1
f 788/1226/4 1368/2127/4 1774/2082/4 1725/1750/4
f 776/2448/4 1659/2455/4 1773/2086/4 1432/2133/4
f 948/1609/1 1371/2073/1 1772/2175/1 1627/1606/1
f 1371/2073/1 1297/2072/1 1771/2176/1 1772/2175/1
f 1432/2133/4 1773/2086/4 1770/2089/4 1284/2134/4
f 1368/2127/4 1285/2126/4 1769/2083/4 1774/2082/4
f 1431/2168/1 1775/2078/1 1768/2081/1 1282/2169/1
f 1367/2162/1 1283/2161/1 1767/2075/1 1776/2074/1
f 1430/2303/4 1777/2066/4 1766/2069/4 1278/2304/4
f 1364/2297/4 1279/2296/4 1765/2063/4 1778/2062/4
f 1921/2188/1 1954/2058/1 1764/2061/1 1280/2189/1
f 1115/2005/5 1112/2009/5 1752/2021/5 1754/2019/5
f 1112/2009/5 1113/2007/5 1753/2020/5 1752/2021/5
f 1113/2007/5 1114/1832/5 1760/1599/5 1753/2020/5
f 1116/2003/5 1115/2005/5 1754/2019/5 1755/2018/5
f 1117/1592/5 1116/2003/5 1755/2018/5 1761/1593/5
f 1123/1573/5 1122/1999/5 1759/2016/5 1763/1574/5
f 1122/1999/5 1121/1995/5 1758/2010/5 1759/2016/5
f 1119/1997/5 1120/1761/5 1762/1584/5 1757/2014/5
f 1118/1994/5 1119/1997/5 1757/2014/5 1756/2011/5
f 1121/1995/5 1118/1994/5 1756/2011/5 1758/2010/5
f 786/1572/2 1751/1571/2 1724/1766/2 1059/1252/2
f 940/1582/2 1750/1581/2 1722/1763/2 1044/1764/2
f 768/1591/2 1749/1590/2 1716/1774/2 1057/1278/2
f 920/1549/2 1748/1598/2 1704/1817/2 1062/1820/2
f 699/1482/4 1017/1501/4 1747/1626/4 1675/1905/4
f 2731/1499/1 696/1498/1 1626/1919/1 2740/1918/1
f 1588/1493/4 698/1275/4 1628/1769/4 1780/1916/4
f 1731/1639/4 1788/1912/4 1746/1915/4 995/1640/4
f 795/1490/4 1672/1637/4 1788/1912/4 1731/1639/4
f 1672/1637/4 996/1636/4 1745/1913/4 1788/1912/4
f 1534/1485/4 1781/1908/4 1674/1911/4 695/1486/4
f 2047/1483/4 699/1482/4 1675/1905/4 2056/1904/4
f 730/1396/1 700/1479/1 1676/1902/1 1690/1859/1
f 753/1330/5 702/1453/5 1677/1452/5 1705/1818/5
f 919/1826/4 1703/1825/4 1988/2480/4 1976/2254/4
f 721/1427/1 705/1425/1 1679/1876/1 1685/1880/1
f 855/1475/4 706/1474/4 1680/1610/4 1735/1615/4
f 886/1469/4 711/1468/4 1682/1899/4 1738/1603/4
f 1587/1465/1 777/1234/1 1660/1233/1 1782/1897/1
f 1730/1655/1 1789/1893/1 1744/1896/1 993/1656/1
f 794/1461/1 1671/1653/1 1789/1893/1 1730/1655/1
f 1671/1653/1 994/1652/1 1743/1894/1 1789/1893/1
f 1533/1456/1 1783/1890/1 1678/1892/1 703/1457/1
f 1365/1446/1 1779/1888/1 1721/1754/1 775/1230/1
f 2390/1441/7 2399/1886/7 1633/1444/7 710/1442/7
f 718/1430/7 1639/1883/7 1635/1884/7 713/1433/7
f 722/1424/1 715/1421/1 1683/1874/1 1686/1877/1
f 713/1433/7 1635/1884/7 1638/1866/7 717/1405/7
f 724/1418/7 1641/1873/7 1639/1883/7 718/1430/7
f 728/1402/1 721/1427/1 1685/1880/1 1688/1863/1
f 705/1425/1 722/1424/1 1686/1877/1 1679/1876/1
f 715/1421/1 723/1397/1 1687/1858/1 1683/1874/1
f 709/1417/7 1681/1870/7 1641/1873/7 724/1418/7
f 717/1405/7 1638/1866/7 1644/1869/7 727/1406/7
f 709/1403/1 728/1402/1 1688/1863/1 1681/1862/1
f 723/1397/1 730/1396/1 1690/1859/1 1687/1858/1
f 759/1306/4 731/1303/4 1691/1789/4 1711/1794/4
f 761/1298/1 732/1311/1 1692/1797/1 1713/1786/1
f 737/1384/1 733/1393/1 1693/1856/1 1697/1847/1
f 2343/1391/4 734/1381/4 1694/1842/4 2348/1854/4
f 739/1376/4 735/1389/4 1695/1852/4 1699/1839/4
f 2839/1387/1 736/1373/1 1696/1834/1 2844/1850/1
f 2297/1385/1 737/1384/1 1697/1847/1 2302/1846/1
f 734/1381/4 738/1380/4 1698/1843/4 1694/1842/4
f 2789/1377/4 739/1376/4 1699/1839/4 2794/1838/4
f 736/1373/1 740/1372/1 1700/1835/1 1696/1834/1
f 762/1291/7 743/1361/7 1701/1828/7 1714/1783/7
f 743/1361/12 746/1351/12 1702/1824/12 1701/1828/12
f 746/1351/13 749/1350/13 1703/1825/13 1702/1824/13
f 749/1350/4 1822/1349/4 1991/1901/4 1973/2481/4
f 1056/1331/15 753/1330/15 1705/1818/15 1704/1817/15
f 2517/1327/4 754/1326/4 1706/1814/4 2526/1813/4
f 2092/1323/1 755/1322/1 1707/1810/1 2103/1809/1
f 2467/1319/1 756/1318/1 1708/1806/1 2476/1805/1
f 2680/1315/4 757/1314/4 1709/1802/4 2691/1801/4
f 732/1311/1 758/1310/1 1710/1798/1 1692/1797/1
f 2575/1307/4 759/1306/4 1711/1794/4 2580/1793/4
f 731/1303/4 760/1302/4 1712/1790/4 1691/1789/4
f 2625/1299/1 761/1298/1 1713/1786/1 2630/1785/1
f 767/1281/7 762/1291/7 1714/1783/7 1715/1781/7
f 769/1274/7 767/1281/7 1715/1781/7 1717/1770/7
f 776/1279/5 1057/1278/5 1716/1774/5 1659/1773/5
f 698/1275/7 769/1274/7 1717/1770/7 1628/1769/7
f 825/1263/4 772/1262/4 1718/1618/4 1733/1623/4
f 840/1259/4 773/1258/4 1719/1614/4 1734/1619/4
f 707/1253/5 1059/1252/5 1724/1766/5 1631/1765/5
f 1058/1245/15 783/1231/15 1723/1753/15 1722/1763/15
f 783/1231/5 775/1230/5 1721/1754/5 1723/1753/5
f 1584/1227/4 788/1226/4 1725/1750/4 1784/1749/4
f 1729/1738/4 1790/1745/4 1742/1748/4 989/1739/4
f 792/1222/4 1668/1736/4 1790/1745/4 1729/1738/4
f 1668/1736/4 990/1735/4 1741/1746/4 1790/1745/4
f 1532/1217/4 1785/1741/4 1720/1744/4 774/1218/4
f 885/1215/1 789/1214/1 1726/1576/1 1737/1607/1
f 870/1211/4 790/1210/4 1727/1602/4 1736/1611/4
f 810/1207/4 791/1206/4 1728/1622/4 1732/1627/4
f 1920/1223/4 792/1222/4 1729/1738/4 1955/1737/4
f 1848/1221/4 1956/1733/4 1668/1736/4 792/1222/4
f 1585/1670/1 1786/1662/1 1740/1665/1 991/1671/1
f 1669/1448/1 1791/1658/1 1670/1661/1 793/1449/1
f 991/1671/1 1740/1665/1 1791/1658/1 1669/1448/1
f 1740/1665/1 1004/1664/1 1739/1659/1 1791/1658/1
f 1923/1462/1 794/1461/1 1730/1655/1 1957/1654/1
f 1849/1460/1 1958/1650/1 1671/1653/1 794/1461/1
f 1924/1491/4 795/1490/4 1731/1639/4 1959/1638/4
f 1850/1489/4 1960/1634/4 1672/1637/4 795/1490/4
f 1017/1501/4 810/1207/4 1732/1627/4 1747/1626/4
f 791/1206/4 825/1263/4 1733/1623/4 1728/1622/4
f 772/1262/4 840/1259/4 1734/1619/4 1718/1618/4
f 773/1258/4 855/1475/4 1735/1615/4 1719/1614/4
f 706/1474/4 870/1211/4 1736/1611/4 1680/1610/4
f 697/1588/1 885/1215/1 1737/1607/1 1627/1606/1
f 790/1210/4 886/1469/4 1738/1603/4 1727/1602/4
f 750/1831/19 1748/1598/19 1760/1599/19 1114/1832/19
f 934/1567/18 1749/1590/18 1761/1593/18 1165/1568/18
f 781/1760/25 1750/1581/25 1762/1584/25 1120/1761/25
f 942/1552/21 1751/1571/21 1763/1574/21 1171/1553/21
f 963/1633/3 947/1632/3 1626/1494/3 1642/1413/3
f 973/1645/3 951/1644/3 1630/1436/3 1652/1337/3
f 972/1649/2 953/1648/2 1632/1470/2 1651/1341/2
f 1590/1668/1 891/1667/1 1677/1452/1 1787/1451/1
f 1927/1672/1 991/1671/1 1669/1448/1 1961/1447/1
f 903/1674/4 1689/1399/4 1633/1444/4 954/1675/4
f 951/1644/3 955/1677/3 1634/1437/3 1630/1436/3
f 958/1681/3 957/1680/3 1636/1428/3 1637/1434/3
f 964/1683/3 958/1681/3 1637/1434/3 1643/1409/3
f 957/1680/3 961/1685/3 1640/1412/3 1636/1428/3
f 961/1685/3 963/1633/3 1642/1413/3 1640/1412/3
f 2192/1687/3 964/1683/3 1643/1409/3 2201/1408/3
f 898/243/4 1684/242/4 1689/1399/4 903/1674/4
f 975/1691/2 966/1690/2 1645/1364/2 1654/1286/2
f 974/1695/3 967/1694/3 1646/1362/3 1653/1288/3
f 966/1690/2 968/1697/2 1647/1354/2 1645/1364/2
f 967/1694/3 969/1699/3 1648/1352/3 1646/1362/3
f 968/1697/2 970/1701/2 1649/1340/2 1647/1354/2
f 969/1699/3 971/1703/3 1650/1336/3 1648/1352/3
f 970/1701/16 972/1649/16 1651/1341/16 1649/1340/16
f 971/1703/3 973/1645/3 1652/1337/3 1650/1336/3
f 977/1705/3 974/1695/3 1653/1288/3 1656/1282/3
f 976/1707/2 975/1691/2 1654/1286/2 1655/1284/2
f 979/1709/2 976/1707/2 1655/1284/2 1658/1265/2
f 978/1711/3 977/1705/3 1656/1282/3 1657/1269/3
f 887/1713/3 978/1711/3 1657/1269/3 1673/1268/3
f 938/1715/2 979/1709/2 1658/1265/2 1720/1264/2
f 888/1719/2 988/1718/2 1667/1248/2 1674/1254/2
f 988/1718/2 987/1721/2 1666/1246/2 1667/1248/2
f 987/1721/2 986/1723/2 1665/1236/2 1666/1246/2
f 984/1727/16 985/1726/16 1664/1232/16 1663/1242/16
f 983/1729/2 984/1727/2 1663/1242/2 1662/1240/2
f 982/1731/2 983/1729/2 1662/1240/2 1661/1237/2
f 986/1723/2 982/1731/2 1661/1237/2 1665/1236/2
f 985/1726/2 981/1732/2 1660/1233/2 1664/1232/2
f 1297/2072/1 1927/1672/1 1961/1447/1 1771/2176/1
f 1284/2134/4 1770/2089/4 1960/1634/4 1850/1489/4
f 1285/2126/4 1924/1491/4 1959/1638/4 1769/2083/4
f 1282/2169/1 1768/2081/1 1958/1650/1 1849/1460/1
f 1283/2161/1 1923/1462/1 1957/1654/1 1767/2075/1
f 1278/2304/4 1766/2069/4 1956/1733/4 1848/1221/4
f 1279/2296/4 1920/1223/4 1955/1737/4 1765/2063/4
f 793/1449/1 1670/1661/1 1954/2058/1 1921/2188/1
f 1299/2064/4 1928/1740/4 1953/1216/4 1612/2307/4
f 1298/2068/4 1611/2293/4 1952/1224/4 1860/1734/4
f 1296/2076/1 1926/1657/1 1951/1455/1 1610/2172/1
f 1295/2080/1 1609/2158/1 1950/1463/1 1859/1651/1
f 1294/2084/4 1925/1641/4 1949/1484/4 1608/2137/4
f 1293/2088/4 1607/2123/4 1948/1492/4 1858/1635/4
f 1183/2436/1 1881/2437/1 1947/1669/1 1606/2071/1
f 992/1660/1 1586/1454/1 1946/2376/1 1929/2059/1
f 1320/2185/1 1935/2190/1 1945/1445/1 1464/2180/1
f 1274/2292/4 1461/2131/4 1944/2124/4 1844/1225/4
f 1213/2450/4 1911/2447/4 1943/2132/4 1460/2129/4
f 1183/2436/1 1463/2166/1 1942/2159/1 1881/2437/1
f 1186/2379/1 1884/2378/1 1941/2167/1 1462/2164/1
f 697/1588/1 1366/2178/1 1940/2183/1 1879/1587/1
f 1231/2155/4 1467/2301/4 1939/2294/4 1801/1467/4
f 1185/2390/4 1883/2386/4 1938/2302/4 1466/2299/4
f 725/1414/3 696/1495/3 1878/2380/3 1894/2365/3
f 752/1338/3 704/1439/3 1882/2372/3 1904/2343/3
f 751/1342/2 708/1471/2 1884/2378/2 1903/2347/2
f 1586/1454/1 702/1453/1 1796/1477/1 1946/2376/1
f 729/1398/4 1808/2359/4 1885/1443/4 710/1442/4
f 704/1439/3 712/1438/3 1886/2373/3 1882/2372/3
f 716/1435/3 714/1429/3 1888/2368/3 1889/2370/3
f 726/1410/3 716/1435/3 1889/2370/3 1895/2361/3
f 714/1429/3 719/1415/3 1892/2364/3 1888/2368/3
f 719/1415/3 725/1414/3 1894/2365/3 1892/2364/3
f 2190/1411/3 726/1410/3 1895/2361/3 2202/2360/3
f 720/241/4 1803/240/4 1808/2359/4 729/1398/4
f 764/1287/2 741/1365/2 1897/2356/2 1906/2338/2
f 763/1289/3 742/1363/3 1898/2354/3 1905/2340/3
f 741/1365/2 744/1355/2 1899/2352/2 1897/2356/2
f 742/1363/3 745/1353/3 1900/2350/3 1898/2354/3
f 744/1355/2 747/1343/2 1901/2346/2 1899/2352/2
f 745/1353/3 748/1339/3 1902/2342/3 1900/2350/3
f 747/1343/16 751/1342/16 1903/2347/16 1901/2346/16
f 748/1339/3 752/1338/3 1904/2343/3 1902/2342/3
f 766/1283/3 763/1289/3 1905/2340/3 1908/2334/3
f 765/1285/2 764/1287/2 1906/2338/2 1907/2336/2
f 771/1266/2 765/1285/2 1907/2336/2 1910/2327/2
f 770/1270/3 766/1283/3 1908/2334/3 1909/2331/3
f 694/1271/3 770/1270/3 1909/2331/3 1792/2330/3
f 774/1267/2 771/1266/2 1910/2327/2 1839/2326/2
f 695/1255/2 787/1249/2 1919/2322/2 1793/2324/2
f 787/1249/2 785/1247/2 1918/2320/2 1919/2322/2
f 785/1247/2 784/1239/2 1917/2312/2 1918/2320/2
f 780/1243/16 782/1235/16 1916/2310/16 1915/2318/16
f 779/1241/2 780/1243/2 1915/2318/2 1914/2316/2
f 778/1238/2 779/1241/2 1914/2316/2 1913/2313/2
f 784/1239/2 778/1238/2 1913/2313/2 1917/2312/2
f 782/1235/2 777/1234/2 1912/1464/2 1916/2310/2
f 1466/2299/4 1938/2302/4 1937/2305/4 1321/2300/4
f 1467/2301/4 1321/2300/4 1936/2295/4 1939/2294/4
f 1934/2184/1 1962/2187/1 1935/2190/1 1320/2185/1
f 1281/2177/1 1922/1450/1 1962/2187/1 1934/2184/1
f 1922/1450/1 793/1449/1 1921/2188/1 1962/2187/1
f 1366/2178/1 1281/2177/1 1934/2184/1 1940/2183/1
f 1462/2164/1 1941/2167/1 1933/2170/1 1319/2165/1
f 1463/2166/1 1319/2165/1 1932/2160/1 1942/2159/1
f 1460/2129/4 1943/2132/4 1931/2135/4 1318/2130/4
f 1461/2131/4 1318/2130/4 1930/2125/4 1944/2124/4
f 786/1572/18 1865/1931/18 1877/2000/18 1123/1573/18
f 768/1591/18 1863/1928/18 1875/2001/18 1117/1592/18
f 1670/1661/1 992/1660/1 1929/2059/1 1954/2058/1
f 750/1831/2 1862/1830/2 1823/1328/2 1056/1331/2
f 781/1760/2 1864/1759/2 1841/1244/2 1058/1245/2
f 1308/2025/5 1306/2024/5 1866/2008/5 1868/2004/5
f 1306/2024/5 1307/2027/5 1867/2006/5 1866/2008/5
f 1307/2027/5 1314/2029/5 1874/1833/5 1867/2006/5
f 1309/2031/5 1308/2025/5 1868/2004/5 1869/2002/5
f 1315/2032/5 1309/2031/5 1869/2002/5 1875/2001/5
f 1317/2035/5 1313/2034/5 1873/1998/5 1877/2000/5
f 1313/2034/5 1312/2037/5 1872/1992/5 1873/1998/5
f 1311/2041/5 1316/2040/5 1876/1762/5 1871/1996/5
f 1310/2043/5 1311/2041/5 1871/1996/5 1870/1993/5
f 1312/2037/5 1310/2043/5 1870/1993/5 1872/1992/5
f 1305/2044/2 1865/1931/2 1843/1251/2 1273/2045/2
f 1303/2049/2 1863/1928/2 1835/1277/2 1265/2050/2
f 1224/2057/4 1301/2056/4 1861/1500/4 1794/1481/4
f 1302/2052/19 1862/1830/19 1874/1833/19 1314/2029/19
f 1304/2047/19 1864/1759/19 1876/1762/19 1316/2040/19
f 1765/2063/4 1955/1737/4 1928/1740/4 1299/2064/4
f 1766/2069/4 1298/2068/4 1860/1734/4 1956/1733/4
f 1606/2071/1 1947/1669/1 1927/1672/1 1297/2072/1
f 1767/2075/1 1957/1654/1 1926/1657/1 1296/2076/1
f 1768/2081/1 1295/2080/1 1859/1651/1 1958/1650/1
f 1769/2083/4 1959/1638/4 1925/1641/4 1294/2084/4
f 1770/2089/4 1293/2088/4 1858/1635/4 1960/1634/4
f 1181/2093/1 1292/2092/1 1857/1212/1 1879/1587/1
f 1276/2097/4 1291/2096/4 1856/1466/4 1846/1209/4
f 1229/2101/4 1290/2100/4 1855/1208/4 1799/1473/4
f 1268/2105/4 1289/2104/4 1854/1472/4 1838/1257/4
f 1267/2109/4 1288/2108/4 1853/1256/4 1837/1261/4
f 1277/2113/4 1287/2112/4 1852/1260/4 1847/1205/4
f 1301/2056/4 1286/2115/4 1851/1204/4 1861/1500/4
f 2734/2119/1 1180/2118/1 1878/1497/1 2742/1496/1
f 1607/2123/4 1182/2122/4 1880/1272/4 1948/1492/4
f 1930/2125/4 1963/1488/4 1924/1491/4 1285/2126/4
f 1318/2130/4 1931/2135/4 1963/1488/4 1930/2125/4
f 1931/2135/4 1284/2134/4 1850/1489/4 1963/1488/4
f 1608/2137/4 1949/1484/4 1793/1487/4 1223/2138/4
f 2050/2141/4 1224/2057/4 1794/1481/4 2058/1480/4
f 1239/2145/1 1225/2144/1 1795/1478/1 1809/1395/1
f 1254/2148/5 1226/2147/5 1796/1477/5 1824/1329/5
f 1227/2173/1 1797/1458/1 1990/2482/1 1978/2442/1
f 1234/2153/1 1228/2152/1 1798/1422/1 1804/1426/1
f 1289/2104/4 1229/2101/4 1799/1473/4 1854/1472/4
f 1291/2096/4 1231/2155/4 1801/1467/4 1856/1466/4
f 1609/2158/1 1214/2157/1 1912/1464/1 1950/1463/1
f 1932/2160/1 1964/1459/1 1923/1462/1 1283/2161/1
f 1319/2165/1 1933/2170/1 1964/1459/1 1932/2160/1
f 1933/2170/1 1282/2169/1 1849/1460/1 1964/1459/1
f 1610/2172/1 1951/1455/1 1797/1458/1 1227/2173/1
f 1771/2176/1 1961/1447/1 1922/1450/1 1281/2177/1
f 1464/2180/1 1945/1445/1 1840/1229/1 1270/2181/1
f 2393/2192/7 2402/1440/7 1885/1443/7 1187/2193/7
f 1193/2195/7 1891/1431/7 1887/1432/7 1189/2196/7
f 1235/2201/1 1232/2200/1 1802/1420/1 1805/1423/1
f 1189/2196/7 1887/1432/7 1890/1404/7 1192/2202/7
f 1195/2205/7 1893/1419/7 1891/1431/7 1193/2195/7
f 1237/2207/1 1234/2153/1 1804/1426/1 1807/1401/1
f 1228/2152/1 1235/2201/1 1805/1423/1 1798/1422/1
f 1232/2200/1 1236/2209/1 1806/1394/1 1802/1420/1
f 1230/2211/7 1800/1416/7 1893/1419/7 1195/2205/7
f 1192/2202/7 1890/1404/7 1896/1407/7 1198/2212/7
f 1230/2215/1 1237/2207/1 1807/1401/1 1800/1400/1
f 1236/2209/1 1239/2145/1 1809/1395/1 1806/1394/1
f 1260/2219/4 1240/2218/4 1810/1300/4 1830/1305/4
f 1262/2223/1 1241/2222/1 1811/1308/1 1832/1297/1
f 1246/2227/1 1242/2226/1 1812/1392/1 1816/1383/1
f 2345/2231/4 1243/2230/4 1813/1378/4 2349/1390/4
f 1248/2235/4 1244/2234/4 1814/1388/4 1818/1375/4
f 2841/2239/1 1245/2238/1 1815/1370/1 2845/1386/1
f 2299/2241/1 1246/2227/1 1816/1383/1 2303/1382/1
f 1243/2230/4 1247/2243/4 1817/1379/4 1813/1378/4
f 2791/2245/4 1248/2235/4 1818/1375/4 2795/1374/4
f 1245/2238/1 1249/2247/1 1819/1371/1 1815/1370/1
f 1263/2251/7 1250/2250/7 1820/1360/7 1833/1290/7
f 1250/2250/12 1251/2253/12 1821/1348/12 1820/1360/12
f 1251/2253/13 1252/1332/13 1822/1349/13 1821/1348/13
f 308/653/4 1504/652/4 1985/2255/4 1969/1822/4
f 1253/2053/15 1254/2148/15 1824/1329/15 1823/1328/15
f 2520/2259/4 1255/2258/4 1825/1325/4 2528/1324/4
f 2097/2263/1 1256/2262/1 1826/1321/1 2105/1320/1
f 2470/2267/1 1257/2266/1 1827/1317/1 2478/1316/1
f 2685/2271/4 1258/2270/4 1828/1313/4 2693/1312/4
f 1241/2222/1 1259/2273/1 1829/1309/1 1811/1308/1
f 2577/2275/4 1260/2219/4 1830/1305/4 2581/1304/4
f 1240/2218/4 1261/2277/4 1831/1301/4 1810/1300/4
f 2627/2279/1 1262/2223/1 1832/1297/1 2631/1296/1
f 1264/2281/7 1263/2251/7 1833/1290/7 1834/1280/7
f 1266/2283/7 1264/2281/7 1834/1280/7 1836/1273/7
f 1213/2285/5 1265/2050/5 1835/1277/5 1911/1276/5
f 1182/2122/7 1266/2283/7 1836/1273/7 1880/1272/7
f 1287/2112/4 1267/2109/4 1837/1261/4 1852/1260/4
f 1288/2108/4 1268/2105/4 1838/1257/4 1853/1256/4
f 1185/2287/5 1273/2045/5 1843/1251/5 1883/1250/5
f 1271/2048/15 1272/2289/15 1842/1228/15 1841/1244/15
f 1272/2289/5 1270/2181/5 1840/1229/5 1842/1228/5
f 1611/2293/4 1274/2292/4 1844/1225/4 1952/1224/4
f 1936/2295/4 1965/1220/4 1920/1223/4 1279/2296/4
f 1321/2300/4 1937/2305/4 1965/1220/4 1936/2295/4
f 1937/2305/4 1278/2304/4 1848/1221/4 1965/1220/4
f 1612/2307/4 1953/1216/4 1839/1219/4 1269/2308/4
f 1292/2092/1 1275/1577/1 1845/1213/1 1857/1212/1
f 1290/2100/4 1276/2097/4 1846/1209/4 1855/1208/4
f 1286/2115/4 1277/2113/4 1847/1205/4 1851/1204/4
f 1986/2483/7 1984/47/7 1967/2479/7 1971/1823/7
f 1985/2255/7 1986/2483/7 1971/1823/7 1969/1822/7
f 1991/1901/7 1992/2484/7 1974/2485/7 1973/2481/7
f 1992/2484/7 1990/2482/7 1972/2486/7 1974/2485/7
f 1988/2480/7 1989/2487/7 1977/2488/7 1976/2254/7
f 1989/2487/7 1987/2149/7 1975/48/7 1977/2488/7
f 1983/2489/7 1981/2443/7 1978/2442/7 1980/2490/7
f 1982/1334/7 1983/2489/7 1980/2490/7 1979/1335/7
f 1968/1476/7 1970/673/7 1983/2489/7 1982/1334/7
f 1970/673/7 1966/672/7 1981/2443/7 1983/2489/7
f 1976/2254/7 1977/2488/7 1986/2483/7 1985/2255/7
f 1977/2488/7 1975/48/7 1984/47/7 1986/2483/7
f 1974/2485/7 1972/2486/7 1987/2149/7 1989/2487/7
f 1973/2481/7 1974/2485/7 1989/2487/7 1988/2480/7
f 1980/2490/7 1978/2442/7 1990/2482/7 1992/2484/7
f 1979/1335/7 1980/2490/7 1992/2484/7 1991/1901/7
f 1703/1825/4 749/1350/4 1973/2481/4 1988/2480/4
f 15/99/2 328/1821/2 1971/1823/2 1967/2479/2
f 1797/1458/1 703/1457/1 1972/2486/1 1990/2482/1
f 703/1457/1 1678/1892/1 1987/2149/1 1972/2486/1
f 2010/328/5 2008/483/5 1993/482/5 1995/2491/5
f 2009/329/5 2010/328/5 1995/2491/5 1994/426/5
f 2006/2492/5 2007/434/5 2001/855/5 2000/2493/5
f 2007/434/5 2005/433/5 1999/856/5 2001/855/5
f 1996/853/5 1998/2494/5 2004/2495/5 2002/2496/5
f 1997/335/5 1996/853/5 2002/2496/5 2003/336/5
f 1995/2491/5 1993/482/5 2013/2497/5 2011/481/5
f 1994/426/5 1995/2491/5 2011/481/5 2012/480/5
f 210/392/1 240/477/1 2004/2495/1 1998/2494/1
f 264/428/3 265/431/3 2007/434/3 2006/2492/3
f 454/479/4 60/330/4 1994/426/4 2012/480/4
f 203/394/3 210/392/3 1998/2494/3 1996/853/3
f 240/477/7 238/2498/7 2002/2496/7 2004/2495/7
f 55/131/1 455/852/1 2013/2497/1 1993/482/1
f 414/327/3 412/128/3 2008/483/3 2010/328/3
f 263/432/1 223/449/1 1999/856/1 2005/433/1
f 226/854/7 224/429/7 2000/2493/7 2001/855/7
f 238/2498/7 239/333/7 2003/336/7 2002/2496/7
f 224/429/4 264/428/4 2006/2492/4 2000/2493/4
f 455/852/7 453/478/7 2011/481/7 2013/2497/7
f 1225/2144/1 2051/2499/1 2059/2500/1 1795/1478/1
f 2228/2501/4 2050/2141/4 2058/1480/4 2232/2502/4
f 700/1479/1 2046/2503/1 2057/2504/1 1676/1902/1
f 2226/2505/4 2047/1483/4 2056/1904/4 2231/2506/4
f 2227/2507/4 2049/1907/4 2055/21/4 2230/2508/4
f 890/1903/1 2048/2509/1 2054/2510/1 1475/30/1
f 2218/2511/4 2031/2445/4 2053/2140/4 2229/2512/4
f 12/2444/1 2015/2513/1 2052/2514/1 1377/2143/1
f 1377/2143/1 2052/2514/1 2051/2499/1 1225/2144/1
f 2229/2512/4 2053/2140/4 2050/2141/4 2228/2501/4
f 2231/2506/4 2056/1904/4 2049/1907/4 2227/2507/4
f 1676/1902/1 2057/2504/1 2048/2509/1 890/1903/1
f 2232/2502/4 2058/1480/4 2047/1483/4 2226/2505/4
f 1795/1478/1 2059/2500/1 2046/2503/1 700/1479/1
f 11/995/2 524/966/2 2045/2515/2 2014/2516/2
f 2218/2517/5 2248/2518/5 2044/963/5 2031/996/5
f 2248/2518/5 2247/2519/5 2043/905/5 2044/963/5
f 524/966/2 498/904/2 2042/2520/2 2045/2515/2
f 498/904/2 472/585/2 2041/2521/2 2042/2520/2
f 2247/2519/5 2246/2522/5 2040/578/5 2043/905/5
f 2244/2523/26 2245/2524/26 2039/37/26 2037/656/26
f 311/659/27 331/36/27 2038/2525/27 2036/2526/27
f 2243/2527/5 2244/2523/5 2037/656/5 2035/618/5
f 293/621/2 311/659/2 2036/2526/2 2034/2528/2
f 2242/2529/5 2243/2527/5 2035/618/5 2033/579/5
f 274/584/2 293/621/2 2034/2528/2 2032/2530/2
f 2246/2522/5 2242/2529/5 2033/579/5 2040/578/5
f 472/585/2 274/584/2 2032/2530/2 2041/2521/2
f 1475/30/1 2054/2510/1 2030/2531/1 10/31/1
f 103/28/2 10/27/2 2030/2532/2 2024/2533/2
f 331/36/11 18/35/11 2029/2534/11 2038/2525/11
f 18/35/28 32/105/28 2028/2535/28 2029/2534/28
f 53/139/2 40/138/2 2027/2536/2 2026/2537/2
f 118/189/2 53/139/2 2026/2537/2 2023/2538/2
f 40/138/2 64/216/2 2025/2539/2 2027/2536/2
f 2154/297/2 118/189/2 2023/2538/2 2204/2540/2
f 64/216/2 103/28/2 2024/2533/2 2025/2539/2
f 2256/2541/5 2241/2542/5 2022/186/5 2205/298/5
f 2239/2543/5 2240/2544/5 2021/17/5 2020/217/5
f 2237/2545/5 2239/2543/5 2020/217/5 2018/141/5
f 2241/2542/5 2238/2546/5 2019/140/5 2022/186/5
f 2238/2546/5 2237/2545/5 2018/141/5 2019/140/5
f 2235/2547/29 2236/2548/29 2017/115/29 2016/38/29
f 2245/2524/6 2235/2547/6 2016/38/6 2039/37/6
f 2230/2508/4 2055/21/4 2014/24/4 2233/2549/4
f 2240/2544/5 2234/2550/5 2015/18/5 2021/17/5
f 2124/2551/1 2097/2263/1 2105/1320/1 2128/2552/1
f 1255/2258/4 2096/2553/4 2104/2554/4 1825/1325/4
f 2122/2555/1 2092/1323/1 2103/1809/1 2127/2556/1
f 754/1326/4 2093/2557/4 2102/2558/4 1706/1814/4
f 922/1815/4 2095/2559/4 2101/2560/4 1507/709/4
f 2123/2561/1 2094/1812/1 2100/726/1 2126/2562/1
f 366/2412/4 2081/2563/4 2099/2564/4 1407/2257/4
f 2107/2565/1 2061/2409/1 2098/2260/1 2125/2566/1
f 2125/2566/1 2098/2260/1 2097/2263/1 2124/2551/1
f 1407/2257/4 2099/2564/4 2096/2553/4 1255/2258/4
f 1706/1814/4 2102/2558/4 2095/2559/4 922/1815/4
f 2127/2556/1 2103/1809/1 2094/1812/1 2123/2561/1
f 1825/1325/4 2104/2554/4 2093/2557/4 754/1326/4
f 2128/2552/1 2105/1320/1 2092/1323/1 2122/2555/1
f 366/991/5 540/970/5 2091/2567/5 2081/2568/5
f 2106/2569/2 2144/2570/2 2090/967/2 2060/992/2
f 2144/2570/2 2143/2571/2 2089/901/2 2090/967/2
f 540/970/5 512/900/5 2088/2572/5 2091/2567/5
f 512/900/5 487/703/5 2087/2573/5 2088/2572/5
f 2143/2571/2 2142/2574/2 2086/700/2 2089/901/2
f 2131/2575/2 2130/2576/2 2074/730/2 2075/744/2
f 2208/2577/2 2129/2578/2 2073/742/2 2206/746/2
f 2133/2579/2 2131/2575/2 2075/744/2 2077/739/2
f 2129/2578/2 2132/2580/2 2076/738/2 2073/742/2
f 2132/2580/2 2133/2579/2 2077/739/2 2076/738/2
f 2135/2581/2 2134/2582/2 2078/736/2 2079/734/2
f 2141/2583/2 2135/2581/2 2079/734/2 2085/685/2
f 2130/2576/2 2136/2584/2 2080/731/2 2074/730/2
f 2126/2562/1 2100/726/1 2080/729/1 2136/2585/1
f 2142/2574/2 2138/2586/2 2082/696/2 2086/700/2
f 2138/2586/2 2139/2587/2 2083/692/2 2082/696/2
f 2139/2587/2 2140/2588/2 2084/684/2 2083/692/2
f 2140/2588/2 2141/2583/2 2085/685/2 2084/684/2
f 380/691/5 382/690/5 2072/2589/5 2071/2590/5
f 378/695/5 380/691/5 2071/2590/5 2070/2591/5
f 376/699/5 378/695/5 2070/2591/5 2069/2592/5
f 487/703/5 376/699/5 2069/2592/5 2087/2573/5
f 374/707/5 368/706/5 2061/2593/5 2067/2594/5
f 1507/709/4 2101/2560/4 2060/2595/4 367/710/4
f 382/690/5 369/713/5 2062/2596/5 2072/2589/5
f 369/713/5 370/715/5 2063/2597/5 2062/2596/5
f 372/719/5 371/718/5 2064/2598/5 2065/2599/5
f 375/721/5 372/719/5 2065/2599/5 2068/2600/5
f 371/718/5 373/723/5 2066/2601/5 2064/2598/5
f 373/723/5 374/707/5 2067/2594/5 2066/2601/5
f 2182/725/5 375/721/5 2068/2600/5 2207/2602/5
f 2338/2603/2 2339/2604/2 2141/2583/2 2140/2588/2
f 2337/2605/2 2338/2603/2 2140/2588/2 2139/2587/2
f 2336/2606/2 2337/2605/2 2139/2587/2 2138/2586/2
f 2340/2607/2 2336/2606/2 2138/2586/2 2142/2574/2
f 2324/2608/1 2126/2562/1 2136/2585/1 2334/2609/1
f 2328/2610/2 2334/2611/2 2136/2584/2 2130/2576/2
f 2339/2604/2 2333/2612/2 2135/2581/2 2141/2583/2
f 2333/2612/2 2332/2613/2 2134/2582/2 2135/2581/2
f 2330/2614/2 2331/2615/2 2133/2579/2 2132/2580/2
f 2327/2616/2 2330/2614/2 2132/2580/2 2129/2578/2
f 2331/2615/2 2329/2617/2 2131/2575/2 2133/2579/2
f 2350/2618/2 2327/2616/2 2129/2578/2 2208/2577/2
f 2329/2617/2 2328/2610/2 2130/2576/2 2131/2575/2
f 2341/2619/2 2340/2607/2 2142/2574/2 2143/2571/2
f 2342/2620/2 2341/2619/2 2143/2571/2 2144/2570/2
f 2305/2621/2 2342/2620/2 2144/2570/2 2106/2569/2
f 2326/2622/1 2128/2552/1 2122/2555/1 2320/2623/1
f 2325/2624/1 2127/2556/1 2123/2561/1 2321/2625/1
f 2323/2626/1 2125/2566/1 2124/2551/1 2322/2627/1
f 2306/2628/1 2107/2565/1 2125/2566/1 2323/2626/1
f 2321/2625/1 2123/2561/1 2126/2562/1 2324/2608/1
f 2320/2623/1 2122/2555/1 2127/2556/1 2325/2624/1
f 2322/2627/1 2124/2551/1 2128/2552/1 2326/2622/1
f 2096/2553/4 2147/2629/4 2151/2630/4 2104/2554/4
f 2093/2557/4 2145/2631/4 2150/2632/4 2102/2558/4
f 2095/2559/4 2146/2633/4 2149/2634/4 2101/2560/4
f 2081/2563/4 2137/2635/4 2148/2636/4 2099/2564/4
f 2099/2564/4 2148/2636/4 2147/2629/4 2096/2553/4
f 2102/2558/4 2150/2632/4 2146/2633/4 2095/2559/4
f 2104/2554/4 2151/2630/4 2145/2631/4 2093/2557/4
f 2081/2568/5 2091/2567/5 2121/2637/5 2137/2638/5
f 2091/2567/5 2088/2572/5 2120/2639/5 2121/2637/5
f 2088/2572/5 2087/2573/5 2119/2640/5 2120/2639/5
f 2071/2590/5 2072/2589/5 2118/2641/5 2117/2642/5
f 2070/2591/5 2071/2590/5 2117/2642/5 2116/2643/5
f 2069/2592/5 2070/2591/5 2116/2643/5 2115/2644/5
f 2087/2573/5 2069/2592/5 2115/2644/5 2119/2640/5
f 2067/2594/5 2061/2593/5 2107/2645/5 2113/2646/5
f 2101/2560/4 2149/2634/4 2106/2647/4 2060/2595/4
f 2072/2589/5 2062/2596/5 2108/2648/5 2118/2641/5
f 2062/2596/5 2063/2597/5 2109/2649/5 2108/2648/5
f 2065/2599/5 2064/2598/5 2110/2650/5 2111/2651/5
f 2068/2600/5 2065/2599/5 2111/2651/5 2114/2652/5
f 2064/2598/5 2066/2601/5 2112/2653/5 2110/2650/5
f 2066/2601/5 2067/2594/5 2113/2646/5 2112/2653/5
f 2207/2602/5 2068/2600/5 2114/2652/5 2209/2654/5
f 2406/2655/5 2207/2602/5 2209/2654/5 2408/2656/5
f 2415/2657/2 2350/2618/2 2208/2577/2 2407/2658/2
f 2381/2659/5 2182/725/5 2207/2602/5 2406/2655/5
f 2407/2658/2 2208/2577/2 2206/746/2 2405/2660/2
f 2411/2661/5 2256/2541/5 2205/298/5 2404/2662/5
f 2354/2663/2 2154/297/2 2204/2540/2 2403/2664/2
f 1198/2212/7 1896/1407/7 2203/2665/7 2194/2666/7
f 2389/2667/3 2190/1411/3 2202/2360/3 2401/2668/3
f 2391/2669/3 2192/1687/3 2201/1408/3 2400/2670/3
f 727/1406/7 1644/1869/7 2200/2671/7 2191/2672/7
f 965/1868/7 1560/305/7 2199/2673/7 2193/2674/7
f 2409/2675/3 2167/2470/3 2198/1686/3 2397/2676/3
f 2394/2677/3 2195/2363/3 2197/300/3 2396/2678/3
f 122/197/7 1340/2213/7 2196/2679/7 2158/295/7
f 2401/2668/3 2202/2360/3 2195/2363/3 2394/2677/3
f 1340/2213/7 1198/2212/7 2194/2666/7 2196/2679/7
f 1644/1869/7 965/1868/7 2193/2674/7 2200/2671/7
f 2397/2676/3 2198/1686/3 2192/1687/3 2391/2669/3
f 1896/1407/7 727/1406/7 2191/2672/7 2203/2665/7
f 2400/2670/3 2201/1408/3 2190/1411/3 2389/2667/3
f 2608/2680/2 2607/885/2 2189/192/2 2388/2681/2
f 2372/2682/5 2173/179/5 2188/850/5 2387/2683/5
f 2558/2684/5 2557/848/5 2187/176/5 2386/2685/5
f 2371/2686/2 2172/195/2 2186/813/2 2385/2687/2
f 2697/2688/5 2694/810/5 2185/811/5 2384/2689/5
f 2482/2690/2 2481/788/2 2184/789/2 2383/2691/2
f 2405/2660/2 2206/746/2 2183/747/2 2382/2692/2
f 2532/2693/5 2531/724/5 2182/725/5 2381/2659/5
f 2375/2694/2 2176/438/2 2181/508/2 2380/2695/2
f 2772/2696/5 2771/495/5 2180/447/5 2379/2697/5
f 2373/399/5 2174/388/5 2179/475/5 2378/2698/5
f 2413/2699/2 2281/464/2 2178/395/2 2377/2700/2
f 2379/2697/5 2180/447/5 2177/448/5 2376/2701/5
f 2822/2702/2 2821/435/2 2176/438/2 2375/2694/2
f 2377/2700/2 2178/395/2 2175/396/2 2374/2703/2
f 2414/398/5 2351/385/5 2174/388/5 2373/399/5
f 2352/2704/5 2152/299/5 2171/282/5 2370/2705/5
f 2365/2706/2 2165/285/2 2170/296/2 2369/2707/2
f 2357/112/2 2157/306/2 2169/290/2 2368/2708/2
f 2361/2709/5 2161/293/5 2168/294/5 2367/2710/5
f 2366/2711/5 2166/283/5 2160/288/5 2360/2712/5
f 2364/2713/2 2164/287/2 2159/284/2 2359/2714/2
f 2746/2715/2 2745/302/2 2167/303/2 2409/2716/2
f 2396/2678/3 2197/300/3 2153/301/3 2353/2717/3
f 2404/2662/5 2205/298/5 2152/299/5 2352/2704/5
f 2369/2707/2 2170/296/2 2154/297/2 2354/2663/2
f 2362/2718/2 2162/291/2 2155/286/2 2355/2719/2
f 2363/2720/5 2163/289/5 2156/292/5 2356/2721/5
f 2367/2710/5 2168/294/5 2158/295/5 2358/2433/5
f 2356/2721/5 2156/292/5 2161/293/5 2361/2709/5
f 2368/2708/2 2169/290/2 2162/291/2 2362/2718/2
f 2360/2712/5 2160/288/5 2163/289/5 2363/2720/5
f 2355/2719/2 2155/286/2 2164/287/2 2364/2713/2
f 2359/2714/2 2159/284/2 2165/285/2 2365/2706/2
f 2370/2705/5 2171/282/5 2166/283/5 2366/2711/5
f 2388/2681/2 2189/192/2 2172/195/2 2371/2686/2
f 2386/2685/5 2187/176/5 2173/179/5 2372/2682/5
f 1560/305/7 121/304/7 2157/306/7 2199/2673/7
f 2403/2664/2 2204/2540/2 2257/2722/2 2410/2723/2
f 2412/2724/5 2304/2725/5 2256/2541/5 2411/2661/5
f 2288/2726/5 2283/2727/5 2234/2550/5 2240/2544/5
f 2278/2728/4 2230/2508/4 2233/2549/4 2282/2729/4
f 2293/2730/6 2284/2731/6 2235/2547/6 2245/2524/6
f 2109/2649/30 2408/2656/30 2430/2732/30 2421/2733/30
f 2286/2734/5 2285/2735/5 2237/2545/5 2238/2546/5
f 2289/2736/5 2286/2734/5 2238/2546/5 2241/2542/5
f 2285/2735/5 2287/2737/5 2239/2543/5 2237/2545/5
f 2287/2737/5 2288/2726/5 2240/2544/5 2239/2543/5
f 2304/2725/5 2289/2736/5 2241/2542/5 2256/2541/5
f 2294/2738/5 2290/2739/5 2242/2529/5 2246/2522/5
f 2290/2739/5 2291/2740/5 2243/2527/5 2242/2529/5
f 2291/2740/5 2292/2741/5 2244/2523/5 2243/2527/5
f 2292/2741/31 2293/2730/31 2245/2524/31 2244/2523/31
f 2295/2742/5 2294/2738/5 2246/2522/5 2247/2519/5
f 2296/2743/5 2295/2742/5 2247/2519/5 2248/2518/5
f 2266/2744/5 2296/2743/5 2248/2518/5 2218/2517/5
f 2280/2745/4 2232/2502/4 2226/2505/4 2274/2746/4
f 2279/2747/4 2231/2506/4 2227/2507/4 2275/2748/4
f 2277/2749/4 2229/2512/4 2228/2501/4 2276/2750/4
f 2266/2751/4 2218/2511/4 2229/2512/4 2277/2749/4
f 2275/2748/4 2227/2507/4 2230/2508/4 2278/2728/4
f 2274/2746/4 2226/2505/4 2231/2506/4 2279/2747/4
f 2276/2750/4 2228/2501/4 2232/2502/4 2280/2745/4
f 2051/2499/1 2251/2752/1 2255/2753/1 2059/2500/1
f 2046/2503/1 2249/2754/1 2254/2755/1 2057/2504/1
f 2048/2509/1 2250/2756/1 2253/2757/1 2054/2510/1
f 2015/2513/1 2234/2758/1 2252/2759/1 2052/2514/1
f 2052/2514/1 2252/2759/1 2251/2752/1 2051/2499/1
f 2057/2504/1 2254/2755/1 2250/2756/1 2048/2509/1
f 2059/2500/1 2255/2753/1 2249/2754/1 2046/2503/1
f 2014/2516/2 2045/2515/2 2225/2760/2 2233/2761/2
f 2045/2515/2 2042/2520/2 2224/2762/2 2225/2760/2
f 2042/2520/2 2041/2521/2 2223/2763/2 2224/2762/2
f 2036/2526/32 2038/2525/32 2222/2764/32 2221/2765/32
f 2034/2528/2 2036/2526/2 2221/2765/2 2220/2766/2
f 2032/2530/2 2034/2528/2 2220/2766/2 2219/2767/2
f 2041/2521/2 2032/2530/2 2219/2767/2 2223/2763/2
f 2054/2510/1 2253/2757/1 2217/2768/1 2030/2531/1
f 2024/2533/2 2030/2532/2 2217/2769/2 2211/2770/2
f 2038/2525/11 2029/2534/11 2216/2771/11 2222/2764/11
f 2029/2534/33 2028/2535/33 2215/2772/33 2216/2771/33
f 2026/2537/2 2027/2536/2 2214/2773/2 2213/2774/2
f 2023/2538/2 2026/2537/2 2213/2774/2 2210/2775/2
f 2027/2536/2 2025/2539/2 2212/2776/2 2214/2773/2
f 2204/2540/2 2023/2538/2 2210/2775/2 2257/2722/2
f 2025/2539/2 2024/2533/2 2211/2770/2 2212/2776/2
f 1247/2243/4 2276/2750/4 2280/2745/4 1817/1379/4
f 738/1380/4 2274/2746/4 2279/2747/4 1698/1843/4
f 912/1844/4 2275/2748/4 2278/2728/4 1497/490/4
f 251/2418/4 2266/2751/4 2277/2749/4 1399/2242/4
f 1399/2242/4 2277/2749/4 2276/2750/4 1247/2243/4
f 1698/1843/4 2279/2747/4 2275/2748/4 912/1844/4
f 1817/1379/4 2280/2745/4 2274/2746/4 738/1380/4
f 251/1025/5 536/527/5 2296/2743/5 2266/2744/5
f 536/527/5 508/1030/5 2295/2742/5 2296/2743/5
f 508/1030/5 482/661/5 2294/2738/5 2295/2742/5
f 323/930/34 343/489/34 2293/2730/34 2292/2741/34
f 303/931/5 323/930/5 2292/2741/5 2291/2740/5
f 285/660/5 303/931/5 2291/2740/5 2290/2739/5
f 482/661/5 285/660/5 2290/2739/5 2294/2738/5
f 2179/475/5 242/474/5 2289/2736/5 2304/2725/5
f 240/477/5 241/476/5 2288/2726/5 2287/2737/5
f 238/2498/5 240/477/5 2287/2737/5 2285/2735/5
f 242/474/5 239/333/5 2286/2734/5 2289/2736/5
f 239/333/5 238/2498/5 2285/2735/5 2286/2734/5
f 2236/2548/35 2235/2547/35 2422/2777/35 2423/2778/35
f 343/489/6 236/488/6 2284/2731/6 2293/2730/6
f 1497/490/4 2278/2728/4 2282/2729/4 234/491/4
f 241/476/5 235/492/5 2283/2727/5 2288/2726/5
f 2378/2698/5 2179/475/5 2304/2725/5 2412/2724/5
f 2410/2723/2 2257/2722/2 2281/464/2 2413/2699/2
f 2251/2752/1 2299/2241/1 2303/1382/1 2255/2753/1
f 2249/2754/1 2297/1385/1 2302/1846/1 2254/2755/1
f 2250/2756/1 2298/1849/1 2301/472/1 2253/2757/1
f 2234/2758/1 2283/2419/1 2300/2240/1 2252/2759/1
f 2252/2759/1 2300/2240/1 2299/2241/1 2251/2752/1
f 2254/2755/1 2302/1846/1 2298/1849/1 2250/2756/1
f 2255/2753/1 2303/1382/1 2297/1385/1 2249/2754/1
f 2233/2761/2 2225/2760/2 2273/941/2 2282/1024/2
f 2225/2760/2 2224/2762/2 2272/929/2 2273/941/2
f 2224/2762/2 2223/2763/2 2271/531/2 2272/929/2
f 2221/2765/36 2222/2764/36 2270/470/36 2269/628/36
f 2220/2766/2 2221/2765/2 2269/628/2 2268/593/2
f 2219/2767/2 2220/2766/2 2268/593/2 2267/532/2
f 2223/2763/2 2219/2767/2 2267/532/2 2271/531/2
f 2253/2757/1 2301/472/1 2265/473/1 2217/2768/1
f 2211/2770/2 2217/2769/2 2265/471/2 2259/463/2
f 2222/2764/11 2216/2771/11 2264/468/11 2270/470/11
f 2216/2771/37 2215/2772/37 2263/469/37 2264/468/37
f 2213/2774/2 2214/2773/2 2262/466/2 2261/467/2
f 2210/2775/2 2213/2774/2 2261/467/2 2258/465/2
f 2214/2773/2 2212/2776/2 2260/462/2 2262/466/2
f 2257/2722/2 2210/2775/2 2258/465/2 2281/464/2
f 2212/2776/2 2211/2770/2 2259/463/2 2260/462/2
f 2408/2656/5 2209/2654/5 2351/385/5 2414/398/5
f 2374/2703/2 2175/396/2 2350/2618/2 2415/2657/2
f 1242/2226/1 2322/2627/1 2326/2622/1 1812/1392/1
f 733/1393/1 2320/2623/1 2325/2624/1 1693/1856/1
f 907/1857/1 2321/2625/1 2324/2608/1 1492/364/1
f 199/2424/1 2306/2628/1 2323/2626/1 1394/2225/1
f 1394/2225/1 2323/2626/1 2322/2627/1 1242/2226/1
f 1693/1856/1 2325/2624/1 2321/2625/1 907/1857/1
f 1812/1392/1 2326/2622/1 2320/2623/1 733/1393/1
f 198/1017/2 531/947/2 2342/2620/2 2305/2621/2
f 531/947/2 503/922/2 2341/2619/2 2342/2620/2
f 503/922/2 477/545/2 2340/2607/2 2341/2619/2
f 205/384/2 204/370/2 2328/2610/2 2329/2617/2
f 2175/396/2 202/382/2 2327/2616/2 2350/2618/2
f 208/379/2 205/384/2 2329/2617/2 2331/2615/2
f 202/382/2 207/380/2 2330/2614/2 2327/2616/2
f 207/380/2 208/379/2 2331/2615/2 2330/2614/2
f 211/373/2 209/376/2 2332/2613/2 2333/2612/2
f 338/374/2 211/373/2 2333/2612/2 2339/2604/2
f 204/370/2 212/369/2 2334/2611/2 2328/2610/2
f 1492/364/1 2324/2608/1 2334/2609/1 212/365/1
f 477/545/2 280/544/2 2336/2606/2 2340/2607/2
f 280/544/2 298/599/2 2337/2605/2 2336/2606/2
f 298/599/2 318/637/2 2338/2603/2 2337/2605/2
f 318/637/2 338/374/2 2339/2604/2 2338/2603/2
f 2147/2629/4 2345/2231/4 2349/1390/4 2151/2630/4
f 2145/2631/4 2343/1391/4 2348/1854/4 2150/2632/4
f 2146/2633/4 2344/1855/4 2347/406/4 2149/2634/4
f 2137/2635/4 2335/2423/4 2346/2228/4 2148/2636/4
f 2148/2636/4 2346/2228/4 2345/2231/4 2147/2629/4
f 2150/2632/4 2348/1854/4 2344/1855/4 2146/2633/4
f 2151/2630/4 2349/1390/4 2343/1391/4 2145/2631/4
f 2137/2638/5 2121/2637/5 2319/946/5 2335/1018/5
f 2121/2637/5 2120/2639/5 2318/923/5 2319/946/5
f 2120/2639/5 2119/2640/5 2317/540/5 2318/923/5
f 2117/2642/5 2118/2641/5 2316/402/5 2315/635/5
f 2116/2643/5 2117/2642/5 2315/635/5 2314/597/5
f 2115/2644/5 2116/2643/5 2314/597/5 2313/541/5
f 2119/2640/5 2115/2644/5 2313/541/5 2317/540/5
f 2113/2646/5 2107/2645/5 2306/410/5 2311/390/5
f 2149/2634/4 2347/406/4 2305/409/4 2106/2647/4
f 2118/2641/5 2108/2648/5 2307/403/5 2316/402/5
f 237/485/38 201/484/38 2417/2779/38 2419/2780/38
f 2111/2651/5 2110/2650/5 2308/393/5 2309/397/5
f 2114/2652/5 2111/2651/5 2309/397/5 2312/386/5
f 2110/2650/5 2112/2653/5 2310/389/5 2308/393/5
f 2112/2653/5 2113/2646/5 2311/390/5 2310/389/5
f 2209/2654/5 2114/2652/5 2312/386/5 2351/385/5
f 209/376/2 2374/2703/2 2415/2657/2 2332/2613/2
f 2412/2724/9 2411/2661/9 2431/2781/9 2432/2782/9
f 2215/2772/2 2410/2723/2 2413/2699/2 2263/469/2
f 236/488/30 237/485/30 2419/2780/30 2418/2783/30
f 2028/2535/2 2403/2664/2 2410/2723/2 2215/2772/2
f 2372/2682/1 2387/2683/1 2641/2784/1 2639/2785/1
f 441/338/2 2388/2681/2 2371/2686/2 77/339/2
f 152/268/5 2370/2705/5 2366/2711/5 94/160/5
f 48/162/2 2359/2714/2 2365/2706/2 91/163/2
f 33/246/2 2355/2719/2 2364/2713/2 84/247/2
f 47/161/5 2360/2712/5 2363/2720/5 81/235/5
f 138/2469/2 2368/2708/2 2362/2718/2 74/245/2
f 34/236/5 2356/2721/5 2361/2709/5 73/237/5
f 133/108/5 2367/2710/5 2358/2433/5 36/109/5
f 81/235/5 2363/2720/5 2356/2721/5 34/236/5
f 74/245/2 2362/2718/2 2355/2719/2 33/246/2
f 147/269/2 2369/2707/2 2354/2663/2 32/105/2
f 2017/115/5 2404/2662/5 2352/2704/5 31/104/5
f 1330/116/3 2396/2678/3 2353/2717/3 3/117/3
f 2701/118/2 2746/2715/2 2409/2716/2 1/119/2
f 84/247/2 2364/2713/2 2359/2714/2 48/162/2
f 94/160/5 2366/2711/5 2360/2712/5 47/161/5
f 73/237/5 2361/2709/5 2367/2710/5 133/108/5
f 35/113/2 2357/112/2 2368/2708/2 138/2469/2
f 91/163/2 2365/2706/2 2369/2707/2 147/269/2
f 31/104/5 2352/2704/5 2370/2705/5 152/268/5
f 2378/2698/9 2412/2724/9 2432/2782/9 2429/2786/9
f 248/375/2 2377/2700/2 2374/2703/2 209/376/2
f 2801/451/2 2822/2702/2 2375/2694/2 219/452/2
f 2754/503/3 2753/2787/3 2854/2788/3 2855/2789/3
f 2263/469/2 2413/2699/2 2377/2700/2 248/375/2
f 2373/399/9 2378/2698/9 2429/2786/9 2428/400/9
f 2772/2696/1 2379/2697/1 2853/2790/1 2856/2791/1
f 219/452/2 2375/2694/2 2380/2695/2 255/513/2
f 2487/714/5 2532/2693/5 2381/2659/5 370/715/5
f 2078/736/2 2405/2660/2 2382/2692/2 363/737/2
f 2437/778/2 2482/2690/2 2383/2691/2 396/779/2
f 2666/800/5 2697/2688/5 2384/2689/5 389/801/5
f 77/339/2 2371/2686/2 2385/2687/2 426/818/2
f 2558/2684/1 2386/2685/1 2640/2792/1 2644/2793/1
f 2633/2794/7 2612/2795/7 2646/2796/7 2647/2797/7
f 2589/880/2 2608/2680/2 2388/2681/2 441/338/2
f 1634/1437/3 2400/2670/3 2389/2667/3 712/1438/3
f 1550/1676/3 2397/2676/3 2391/2669/3 955/1677/3
f 1886/2373/3 2401/2668/3 2394/2677/3 1188/2374/3
f 1188/2374/3 2394/2677/3 2396/2678/3 1330/116/3
f 1/2477/3 2409/2675/3 2397/2676/3 1550/1676/3
f 955/1677/3 2391/2669/3 2400/2670/3 1634/1437/3
f 712/1438/3 2389/2667/3 2401/2668/3 1886/2373/3
f 32/105/2 2354/2663/2 2403/2664/2 2028/2535/2
f 2236/2548/5 2411/2661/5 2404/2662/5 2017/115/5
f 2134/2582/2 2407/2658/2 2405/2660/2 2078/736/2
f 370/715/5 2381/2659/5 2406/2655/5 2063/2597/5
f 2332/2613/2 2415/2657/2 2407/2658/2 2134/2582/2
f 2063/2597/5 2406/2655/5 2408/2656/5 2109/2649/5
f 2194/2666/7 2203/2665/7 2402/1440/7 2393/2192/7
f 2191/2672/7 2200/2671/7 2399/1886/7 2390/1441/7
f 2193/2674/7 2199/2673/7 2398/111/7 2392/1887/7
f 2158/295/7 2196/2679/7 2395/2191/7 2358/2433/7
f 2196/2679/7 2194/2666/7 2393/2192/7 2395/2191/7
f 2200/2671/7 2193/2674/7 2392/1887/7 2399/1886/7
f 2203/2665/7 2191/2672/7 2390/1441/7 2402/1440/7
f 2199/2673/7 2157/306/7 2357/112/7 2398/111/7
f 2426/2798/5 2427/2799/5 2417/2779/5 2416/2800/5
f 2424/2801/39 2425/2802/39 2423/2778/39 2422/2777/39
f 2418/2783/40 2419/2780/40 2425/2802/40 2424/2801/40
f 2420/2803/5 2421/2733/5 2427/2799/5 2426/2798/5
f 2421/2733/5 2430/2732/5 2433/401/5 2427/2799/5
f 2419/2780/5 2429/2786/5 2432/2782/5 2425/2802/5
f 2425/2802/5 2432/2782/5 2431/2781/5 2423/2778/5
f 2427/2799/5 2433/401/5 2428/400/5 2417/2779/5
f 2417/2779/5 2428/400/5 2429/2786/5 2419/2780/5
f 2307/403/38 2108/2648/38 2420/2803/38 2426/2798/38
f 200/404/38 2307/403/38 2426/2798/38 2416/2800/38
f 201/484/41 200/404/41 2416/2800/41 2417/2779/41
f 2235/2547/42 2284/2731/42 2424/2801/42 2422/2777/42
f 2284/2731/42 236/488/42 2418/2783/42 2424/2801/42
f 2108/2648/30 2109/2649/30 2421/2733/30 2420/2803/30
f 2411/2661/41 2236/2548/41 2423/2778/41 2431/2781/41
f 2408/2656/9 2414/398/9 2433/401/9 2430/2732/9
f 389/801/5 2384/2689/5 2483/2804/5 2452/2805/5
f 2562/2806/2 2583/2807/2 2482/2690/2 2437/778/2
f 2583/2807/2 2582/2808/2 2481/788/2 2482/2690/2
f 2384/2689/5 2185/811/5 2480/2809/5 2483/2804/5
f 1258/2270/4 2471/2810/4 2479/2811/4 1828/1313/4
f 2552/2812/1 2470/2267/1 2478/1316/1 2556/2813/1
f 757/1314/4 2466/2814/4 2477/2815/4 1709/1802/4
f 2550/2816/1 2467/1319/1 2476/1805/1 2555/2817/1
f 2551/2818/1 2469/1808/1 2475/768/1 2554/2819/1
f 925/1803/4 2468/2820/4 2474/2821/4 1510/795/4
f 2541/2822/1 2454/2407/1 2473/2264/1 2553/2823/1
f 393/2406/4 2434/2824/4 2472/2825/4 1410/2269/4
f 1410/2269/4 2472/2825/4 2471/2810/4 1258/2270/4
f 2553/2823/1 2473/2264/1 2470/2267/1 2552/2812/1
f 2555/2817/1 2476/1805/1 2469/1808/1 2551/2818/1
f 1709/1802/4 2477/2815/4 2468/2820/4 925/1803/4
f 2556/2813/1 2478/1316/1 2467/1319/1 2550/2816/1
f 1828/1313/4 2479/2811/4 2466/2814/4 757/1314/4
f 2542/2826/2 2574/2827/2 2465/973/2 2455/986/2
f 393/989/5 541/972/5 2464/2828/5 2434/2829/5
f 541/972/5 513/898/5 2463/2830/5 2464/2828/5
f 2574/2827/2 2573/2831/2 2462/895/2 2465/973/2
f 2573/2831/2 2572/2832/2 2461/766/2 2462/895/2
f 513/898/5 488/765/5 2460/2833/5 2463/2830/5
f 386/809/5 385/793/5 2448/2834/5 2449/2835/5
f 2185/811/5 384/807/5 2447/2836/5 2480/2809/5
f 388/804/5 386/809/5 2449/2835/5 2451/2837/5
f 384/807/5 387/805/5 2450/2838/5 2447/2836/5
f 387/805/5 388/804/5 2451/2837/5 2450/2838/5
f 390/799/5 389/801/5 2452/2805/5 2453/2839/5
f 409/750/5 390/799/5 2453/2839/5 2459/2840/5
f 1510/795/4 2474/2821/4 2455/2841/4 392/796/4
f 385/793/5 391/792/5 2454/2842/5 2448/2834/5
f 488/765/5 403/761/5 2456/2843/5 2460/2833/5
f 403/761/5 405/757/5 2457/2844/5 2456/2843/5
f 405/757/5 407/751/5 2458/2845/5 2457/2844/5
f 407/751/5 409/750/5 2459/2840/5 2458/2845/5
f 2582/2808/2 2567/2846/2 2442/784/2 2481/788/2
f 2565/2847/2 2566/2848/2 2441/772/2 2440/786/2
f 2563/2849/2 2565/2847/2 2440/786/2 2438/781/2
f 2567/2846/2 2564/2850/2 2439/780/2 2442/784/2
f 2564/2850/2 2563/2849/2 2438/781/2 2439/780/2
f 2561/2851/2 2562/2806/2 2437/778/2 2436/776/2
f 2571/2852/2 2561/2851/2 2436/776/2 2446/753/2
f 2566/2848/2 2560/2853/2 2435/773/2 2441/772/2
f 2554/2819/1 2475/768/1 2435/771/1 2560/2854/1
f 2572/2832/2 2568/2855/2 2443/762/2 2461/766/2
f 2568/2855/2 2569/2856/2 2444/758/2 2443/762/2
f 2569/2856/2 2570/2857/2 2445/752/2 2444/758/2
f 2570/2857/2 2571/2852/2 2446/753/2 2445/752/2
f 363/737/2 2382/2692/2 2533/2858/2 2502/2859/2
f 2612/2795/5 2633/2794/5 2532/2693/5 2487/714/5
f 2633/2794/5 2632/2860/5 2531/724/5 2532/2693/5
f 2382/2692/2 2183/747/2 2530/2861/2 2533/2858/2
f 1256/2262/1 2521/2862/1 2529/2863/1 1826/1321/1
f 2602/2864/4 2520/2259/4 2528/1324/4 2606/2865/4
f 755/1322/1 2516/2866/1 2527/2867/1 1707/1810/1
f 2600/2868/4 2517/1327/4 2526/1813/4 2605/2869/4
f 2601/2870/4 2519/1816/4 2525/708/4 2604/2871/4
f 923/1811/1 2518/2872/1 2524/2873/1 1508/727/1
f 2592/2874/4 2505/2411/4 2523/2256/4 2603/2875/4
f 368/2410/1 2485/2876/1 2522/2877/1 1408/2261/1
f 1408/2261/1 2522/2877/1 2521/2862/1 1256/2262/1
f 2603/2875/4 2523/2256/4 2520/2259/4 2602/2864/4
f 2605/2869/4 2526/1813/4 2519/1816/4 2601/2870/4
f 1707/1810/1 2527/2867/1 2518/2872/1 923/1811/1
f 2606/2865/4 2528/1324/4 2517/1327/4 2600/2868/4
f 1826/1321/1 2529/2863/1 2516/2866/1 755/1322/1
f 2592/2878/5 2624/2879/5 2515/969/5 2505/990/5
f 367/993/2 539/968/2 2514/2880/2 2484/2881/2
f 539/968/2 511/902/2 2513/2882/2 2514/2880/2
f 2624/2879/5 2623/2883/5 2512/899/5 2515/969/5
f 2623/2883/5 2622/2884/5 2511/702/5 2512/899/5
f 511/902/2 486/701/2 2510/2885/2 2513/2882/2
f 360/745/2 359/733/2 2498/2886/2 2499/2887/2
f 2183/747/2 358/743/2 2497/2888/2 2530/2861/2
f 362/740/2 360/745/2 2499/2887/2 2501/2889/2
f 358/743/2 361/741/2 2500/2890/2 2497/2888/2
f 361/741/2 362/740/2 2501/2889/2 2500/2890/2
f 364/735/2 363/737/2 2502/2859/2 2503/2891/2
f 383/686/2 364/735/2 2503/2891/2 2509/2892/2
f 359/733/2 365/732/2 2504/2893/2 2498/2886/2
f 1508/727/1 2524/2873/1 2504/2894/1 365/728/1
f 486/701/2 377/697/2 2506/2895/2 2510/2885/2
f 377/697/2 379/693/2 2507/2896/2 2506/2895/2
f 379/693/2 381/687/2 2508/2897/2 2507/2896/2
f 381/687/2 383/686/2 2509/2892/2 2508/2897/2
f 2632/2860/5 2617/2898/5 2492/720/5 2531/724/5
f 2615/2899/5 2616/2900/5 2491/704/5 2490/722/5
f 2613/2901/5 2615/2899/5 2490/722/5 2488/717/5
f 2617/2898/5 2614/2902/5 2489/716/5 2492/720/5
f 2614/2902/5 2613/2901/5 2488/717/5 2489/716/5
f 2611/2903/5 2612/2795/5 2487/714/5 2486/712/5
f 2621/2904/5 2611/2903/5 2486/712/5 2496/689/5
f 2604/2871/4 2525/708/4 2484/711/4 2609/2905/4
f 2616/2900/5 2610/2906/5 2485/705/5 2491/704/5
f 2622/2884/5 2618/2907/5 2493/698/5 2511/702/5
f 2618/2907/5 2619/2908/5 2494/694/5 2493/698/5
f 2619/2908/5 2620/2909/5 2495/688/5 2494/694/5
f 2620/2909/5 2621/2904/5 2496/689/5 2495/688/5
f 434/827/2 435/820/2 2571/2852/2 2570/2857/2
f 433/826/2 434/827/2 2570/2857/2 2569/2856/2
f 432/824/2 433/826/2 2569/2856/2 2568/2855/2
f 490/825/2 432/824/2 2568/2855/2 2572/2832/2
f 1511/822/1 2554/2819/1 2560/2854/1 424/823/1
f 430/814/2 424/821/2 2560/2853/2 2566/2848/2
f 435/820/2 425/819/2 2561/2851/2 2571/2852/2
f 425/819/2 426/818/2 2562/2806/2 2561/2851/2
f 428/817/2 427/816/2 2563/2849/2 2564/2850/2
f 431/812/2 428/817/2 2564/2850/2 2567/2846/2
f 427/816/2 429/815/2 2565/2847/2 2563/2849/2
f 429/815/2 430/814/2 2566/2848/2 2565/2847/2
f 2186/813/2 431/812/2 2567/2846/2 2582/2808/2
f 515/894/2 490/825/2 2572/2832/2 2573/2831/2
f 543/975/2 515/894/2 2573/2831/2 2574/2827/2
f 418/985/2 543/975/2 2574/2827/2 2542/2826/2
f 1829/1309/1 2556/2813/1 2550/2816/1 758/1310/1
f 1710/1798/1 2555/2817/1 2551/2818/1 926/1799/1
f 1411/2272/1 2553/2823/1 2552/2812/1 1259/2273/1
f 417/2404/1 2541/2822/1 2553/2823/1 1411/2272/1
f 926/1799/1 2551/2818/1 2554/2819/1 1511/822/1
f 758/1310/1 2550/2816/1 2555/2817/1 1710/1798/1
f 1259/2273/1 2552/2812/1 2556/2813/1 1829/1309/1
f 2385/2687/2 2186/813/2 2582/2808/2 2583/2807/2
f 426/818/2 2385/2687/2 2583/2807/2 2562/2806/2
f 2452/2805/5 2483/2804/5 2558/2684/5 2539/2910/5
f 2483/2804/5 2480/2809/5 2557/848/5 2558/2684/5
f 2471/2810/4 2577/2275/4 2581/1304/4 2479/2811/4
f 2466/2814/4 2575/1307/4 2580/1793/4 2477/2815/4
f 2468/2820/4 2576/1796/4 2579/839/4 2474/2821/4
f 2434/2824/4 2559/2401/4 2578/2274/4 2472/2825/4
f 2472/2825/4 2578/2274/4 2577/2275/4 2471/2810/4
f 2477/2815/4 2580/1793/4 2576/1796/4 2468/2820/4
f 2479/2811/4 2581/1304/4 2575/1307/4 2466/2814/4
f 2434/2829/5 2464/2828/5 2549/976/5 2559/982/5
f 2464/2828/5 2463/2830/5 2548/892/5 2549/976/5
f 2463/2830/5 2460/2833/5 2547/835/5 2548/892/5
f 2449/2835/5 2448/2834/5 2535/837/5 2536/847/5
f 2480/2809/5 2447/2836/5 2534/846/5 2557/848/5
f 2451/2837/5 2449/2835/5 2536/847/5 2538/845/5
f 2447/2836/5 2450/2838/5 2537/844/5 2534/846/5
f 2450/2838/5 2451/2837/5 2538/845/5 2537/844/5
f 2453/2839/5 2452/2805/5 2539/2910/5 2540/841/5
f 2459/2840/5 2453/2839/5 2540/841/5 2546/829/5
f 2474/2821/4 2579/839/4 2542/840/4 2455/2841/4
f 2448/2834/5 2454/2842/5 2541/838/5 2535/837/5
f 2460/2833/5 2456/2843/5 2543/833/5 2547/835/5
f 2456/2843/5 2457/2844/5 2544/831/5 2543/833/5
f 2457/2844/5 2458/2845/5 2545/828/5 2544/831/5
f 2458/2845/5 2459/2840/5 2546/829/5 2545/828/5
f 460/601/5 461/600/5 2621/2904/5 2620/2909/5
f 459/866/5 460/601/5 2620/2909/5 2619/2908/5
f 458/868/5 459/866/5 2619/2908/5 2618/2907/5
f 492/919/5 458/868/5 2618/2907/5 2622/2884/5
f 456/851/5 450/861/5 2610/2906/5 2616/2900/5
f 1513/859/4 2604/2871/4 2609/2905/4 449/860/4
f 461/600/5 451/857/5 2611/2903/5 2621/2904/5
f 416/348/4 2540/841/4 2643/2911/4 2636/2912/4
f 454/479/5 453/478/5 2613/2901/5 2614/2902/5
f 457/849/5 454/479/5 2614/2902/5 2617/2898/5
f 453/478/5 455/852/5 2615/2899/5 2613/2901/5
f 455/852/5 456/851/5 2616/2900/5 2615/2899/5
f 2188/850/5 457/849/5 2617/2898/5 2632/2860/5
f 517/546/5 492/919/5 2622/2884/5 2623/2883/5
f 545/547/5 517/546/5 2623/2883/5 2624/2879/5
f 444/981/5 545/547/5 2624/2879/5 2592/2878/5
f 1831/1301/4 2606/2865/4 2600/2868/4 760/1302/4
f 1712/1790/4 2605/2869/4 2601/2870/4 928/1791/4
f 1413/2276/4 2603/2875/4 2602/2864/4 1261/2277/4
f 444/2400/4 2592/2874/4 2603/2875/4 1413/2276/4
f 928/1791/4 2601/2870/4 2604/2871/4 1513/859/4
f 760/1302/4 2600/2868/4 2605/2869/4 1712/1790/4
f 1261/2277/4 2602/2864/4 2606/2865/4 1831/1301/4
f 2387/2683/5 2188/850/5 2632/2860/5 2633/2794/5
f 2540/841/3 2539/2910/3 2642/2913/3 2643/2911/3
f 2502/2859/2 2533/2858/2 2608/2680/2 2589/880/2
f 2533/2858/2 2530/2861/2 2607/885/2 2608/2680/2
f 2521/2862/1 2627/2279/1 2631/1296/1 2529/2863/1
f 2516/2866/1 2625/1299/1 2630/1785/1 2527/2867/1
f 2518/2872/1 2626/1788/1 2629/875/1 2524/2873/1
f 2485/2876/1 2610/2397/1 2628/2278/1 2522/2877/1
f 2522/2877/1 2628/2278/1 2627/2279/1 2521/2862/1
f 2527/2867/1 2630/1785/1 2626/1788/1 2518/2872/1
f 2529/2863/1 2631/1296/1 2625/1299/1 2516/2866/1
f 2484/2881/2 2514/2880/2 2599/977/2 2609/978/2
f 2514/2880/2 2513/2882/2 2598/890/2 2599/977/2
f 2513/2882/2 2510/2885/2 2597/874/2 2598/890/2
f 2499/2887/2 2498/2886/2 2585/877/2 2586/884/2
f 2530/2861/2 2497/2888/2 2584/883/2 2607/885/2
f 2501/2889/2 2499/2887/2 2586/884/2 2588/882/2
f 2497/2888/2 2500/2890/2 2587/881/2 2584/883/2
f 2500/2890/2 2501/2889/2 2588/882/2 2587/881/2
f 2503/2891/2 2502/2859/2 2589/880/2 2590/879/2
f 2509/2892/2 2503/2891/2 2590/879/2 2596/871/2
f 2498/2886/2 2504/2893/2 2591/878/2 2585/877/2
f 2524/2873/1 2629/875/1 2591/876/1 2504/2894/1
f 2510/2885/2 2506/2895/2 2593/873/2 2597/874/2
f 2506/2895/2 2507/2896/2 2594/872/2 2593/873/2
f 2507/2896/2 2508/2897/2 2595/870/2 2594/872/2
f 2508/2897/2 2509/2892/2 2596/871/2 2595/870/2
f 2643/2911/5 2642/2913/5 2635/2914/5 2636/2912/5
f 2635/2914/5 2640/2792/5 2639/2785/5 2634/842/5
f 2642/2913/5 2644/2793/5 2640/2792/5 2635/2914/5
f 2634/842/5 2639/2785/5 2641/2784/5 2638/843/5
f 2637/2915/5 2638/843/5 2646/2796/5 2645/2916/5
f 2638/843/5 2641/2784/5 2647/2797/5 2646/2796/5
f 451/857/3 452/342/3 2638/843/3 2637/2915/3
f 415/889/7 416/348/7 2636/2912/7 2635/2914/7
f 2386/2685/1 2372/2682/1 2639/2785/1 2640/2792/1
f 78/341/4 415/889/4 2635/2914/4 2634/842/4
f 2539/2910/3 2558/2684/3 2644/2793/3 2642/2913/3
f 2387/2683/1 2633/2794/1 2647/2797/1 2641/2784/1
f 2611/2903/4 451/857/4 2637/2915/4 2645/2916/4
f 2612/2795/7 2611/2903/7 2645/2916/7 2646/2796/7
f 2828/2917/5 2847/2918/5 2697/2688/5 2666/800/5
f 396/779/2 2383/2691/2 2696/2919/2 2651/2920/2
f 2383/2691/2 2184/789/2 2695/2921/2 2696/2919/2
f 2847/2918/5 2846/2922/5 2694/810/5 2697/2688/5
f 2816/2923/4 2685/2271/4 2693/1312/4 2820/2924/4
f 1257/2266/1 2684/2925/1 2692/2926/1 1827/1317/1
f 2814/2927/4 2680/1315/4 2691/1801/4 2819/2928/4
f 756/1318/1 2681/2929/1 2690/2930/1 1708/1806/1
f 924/1807/1 2683/2931/1 2689/2932/1 1509/769/1
f 2815/2933/4 2682/1804/4 2688/794/4 2818/2934/4
f 391/2408/1 2668/2935/1 2687/2936/1 1409/2265/1
f 2798/2937/4 2648/2405/4 2686/2268/4 2817/2938/4
f 2817/2938/4 2686/2268/4 2685/2271/4 2816/2923/4
f 1409/2265/1 2687/2936/1 2684/2925/1 1257/2266/1
f 1708/1806/1 2690/2930/1 2683/2931/1 924/1807/1
f 2819/2928/4 2691/1801/4 2682/1804/4 2815/2933/4
f 1827/1317/1 2692/2926/1 2681/2929/1 756/1318/1
f 2820/2924/4 2693/1312/4 2680/1315/4 2814/2927/4
f 392/987/2 542/974/2 2679/2939/2 2669/2940/2
f 2798/2941/5 2838/2942/5 2678/971/5 2648/988/5
f 2838/2942/5 2837/2943/5 2677/897/5 2678/971/5
f 542/974/2 514/896/2 2676/2944/2 2679/2939/2
f 514/896/2 489/767/2 2675/2945/2 2676/2944/2
f 2837/2943/5 2836/2946/5 2674/764/5 2677/897/5
f 2825/2947/5 2824/2948/5 2662/790/5 2663/808/5
f 2846/2922/5 2823/2949/5 2661/806/5 2694/810/5
f 2827/2950/5 2825/2947/5 2663/808/5 2665/803/5
f 2823/2949/5 2826/2951/5 2664/802/5 2661/806/5
f 2826/2951/5 2827/2950/5 2665/803/5 2664/802/5
f 2829/499/5 2828/2917/5 2666/800/5 2667/798/5
f 2835/2952/5 2829/499/5 2667/798/5 2673/749/5
f 2818/2934/4 2688/794/4 2669/797/4 2831/2953/4
f 2824/2948/5 2830/2954/5 2668/791/5 2662/790/5
f 2836/2946/5 2832/2955/5 2670/760/5 2674/764/5
f 2832/2955/5 2833/2956/5 2671/756/5 2670/760/5
f 2833/2956/5 2834/2957/5 2672/748/5 2671/756/5
f 2834/2957/5 2835/2952/5 2673/749/5 2672/748/5
f 406/755/2 408/754/2 2660/2958/2 2659/2959/2
f 404/759/2 406/755/2 2659/2959/2 2658/2960/2
f 402/763/2 404/759/2 2658/2960/2 2657/2961/2
f 489/767/2 402/763/2 2657/2961/2 2675/2945/2
f 1509/769/1 2689/2932/1 2649/2962/1 394/770/1
f 400/775/2 394/774/2 2649/2963/2 2655/2964/2
f 408/754/2 395/777/2 2650/2965/2 2660/2958/2
f 395/777/2 396/779/2 2651/2920/2 2650/2965/2
f 398/783/2 397/782/2 2652/2966/2 2653/2967/2
f 401/785/2 398/783/2 2653/2967/2 2656/2968/2
f 397/782/2 399/787/2 2654/2969/2 2652/2966/2
f 399/787/2 400/775/2 2655/2964/2 2654/2969/2
f 2184/789/2 401/785/2 2656/2968/2 2695/2921/2
f 3/117/5 2353/2717/5 2747/2970/5 2712/2971/5
f 2776/2972/2 2797/2973/2 2746/2715/2 2701/118/2
f 2797/2973/2 2796/2974/2 2745/302/2 2746/2715/2
f 2353/2717/5 2153/301/5 2744/2975/5 2747/2970/5
f 1222/2976/4 2735/2977/4 2743/2978/4 1792/2979/4
f 2766/2980/1 2734/2119/1 2742/1496/1 2770/2981/1
f 694/2982/4 2730/2983/4 2741/2984/4 1673/2985/4
f 2764/2986/1 2731/1499/1 2740/1918/1 2769/2987/1
f 2765/2988/1 2733/1921/1 2739/1/1 2768/2989/1
f 887/2990/4 2732/2991/4 2738/2992/4 1472/2993/4
f 2755/2994/1 2714/2452/1 2737/2116/1 2767/2995/1
f 6/2996/4 2698/2997/4 2736/2998/4 1374/2999/4
f 1374/2999/4 2736/2998/4 2735/2977/4 1222/2976/4
f 2767/2995/1 2737/2116/1 2734/2119/1 2766/2980/1
f 2769/2987/1 2740/1918/1 2733/1921/1 2765/2988/1
f 1673/2985/4 2741/2984/4 2732/2991/4 887/2990/4
f 2770/2981/1 2742/1496/1 2731/1499/1 2764/2986/1
f 1792/2979/4 2743/2978/4 2730/2983/4 694/2982/4
f 6/1001/5 522/958/5 2729/3000/5 2698/3001/5
f 2756/3002/2 2788/3003/2 2728/955/2 2715/1002/2
f 2788/3003/2 2787/3004/2 2727/913/2 2728/955/2
f 522/958/5 496/912/5 2726/3005/5 2729/3000/5
f 496/912/5 470/569/5 2725/3006/5 2726/3005/5
f 2787/3004/2 2786/3007/2 2724/562/2 2727/913/2
f 2784/3008/2 2785/3009/2 2723/53/2 2721/648/2
f 309/651/5 329/52/5 2722/3010/5 2720/3011/5
f 2783/3012/2 2784/3008/2 2721/648/2 2719/610/2
f 291/613/5 309/651/5 2720/3011/5 2718/3013/5
f 2782/3014/2 2783/3012/2 2719/610/2 2717/563/2
f 272/568/5 291/613/5 2718/3013/5 2716/3015/5
f 2786/3007/2 2782/3014/2 2717/563/2 2724/562/2
f 470/569/5 272/568/5 2716/3015/5 2725/3006/5
f 102/12/5 5/11/5 2714/3016/5 2708/3017/5
f 1472/2993/4 2738/2992/4 2715/3018/4 8/3019/4
f 329/52/5 16/51/5 2713/3020/5 2722/3010/5
f 16/51/5 3/117/5 2712/2971/5 2713/3020/5
f 52/147/5 39/146/5 2711/3021/5 2710/3022/5
f 117/185/5 52/147/5 2710/3022/5 2707/3023/5
f 39/146/5 63/220/5 2709/3024/5 2711/3021/5
f 2153/301/5 117/185/5 2707/3023/5 2744/2975/5
f 63/220/5 102/12/5 2708/3017/5 2709/3024/5
f 2796/2974/2 2781/3025/2 2706/182/2 2745/302/2
f 2779/3026/2 2780/3027/2 2705/5/2 2704/221/2
f 2777/3028/2 2779/3026/2 2704/221/2 2702/149/2
f 2781/3025/2 2778/3029/2 2703/148/2 2706/182/2
f 2778/3029/2 2777/3028/2 2702/149/2 2703/148/2
f 2775/3030/2 2776/2972/2 2701/118/2 2700/54/2
f 2785/3009/2 2775/3030/2 2700/54/2 2723/53/2
f 2780/3027/2 2774/3031/2 2699/6/2 2705/5/2
f 2768/2989/1 2739/1/1 2699/4/1 2774/3032/1
f 1499/517/1 2768/2989/1 2774/3032/1 253/518/1
f 259/509/2 253/516/2 2774/3031/2 2780/3027/2
f 345/515/2 254/514/2 2775/3030/2 2785/3009/2
f 254/514/2 255/513/2 2776/2972/2 2775/3030/2
f 257/512/2 256/511/2 2777/3028/2 2778/3029/2
f 260/507/2 257/512/2 2778/3029/2 2781/3025/2
f 256/511/2 258/510/2 2779/3026/2 2777/3028/2
f 258/510/2 259/509/2 2780/3027/2 2779/3026/2
f 2181/508/2 260/507/2 2781/3025/2 2796/2974/2
f 484/522/2 287/521/2 2782/3014/2 2786/3007/2
f 287/521/2 305/587/2 2783/3012/2 2782/3014/2
f 305/587/2 325/623/2 2784/3008/2 2783/3012/2
f 325/623/2 345/515/2 2785/3009/2 2784/3008/2
f 510/935/2 484/522/2 2786/3007/2 2787/3004/2
f 538/937/2 510/935/2 2787/3004/2 2788/3003/2
f 269/1027/2 538/937/2 2788/3003/2 2756/3002/2
f 1819/1371/1 2770/2981/1 2764/2986/1 740/1372/1
f 1700/1835/1 2769/2987/1 2765/2988/1 914/1836/1
f 1401/2246/1 2767/2995/1 2766/2980/1 1249/2247/1
f 268/2414/1 2755/2994/1 2767/2995/1 1401/2246/1
f 914/1836/1 2765/2988/1 2768/2989/1 1499/517/1
f 740/1372/1 2764/2986/1 2769/2987/1 1700/1835/1
f 1249/2247/1 2766/2980/1 2770/2981/1 1819/1371/1
f 2380/2695/2 2181/508/2 2796/2974/2 2797/2973/2
f 255/513/2 2380/2695/2 2797/2973/2 2776/2972/2
f 2712/2971/5 2747/2970/5 2772/2696/5 2753/2787/5
f 2747/2970/5 2744/2975/5 2771/495/5 2772/2696/5
f 2735/2977/4 2791/2245/4 2795/1374/4 2743/2978/4
f 2730/2983/4 2789/1377/4 2794/1838/4 2741/2984/4
f 2732/2991/4 2790/1841/4 2793/504/4 2738/2992/4
f 2698/2997/4 2773/2415/4 2792/2244/4 2736/2998/4
f 2736/2998/4 2792/2244/4 2791/2245/4 2735/2977/4
f 2741/2984/4 2794/1838/4 2790/1841/4 2732/2991/4
f 2743/2978/4 2795/1374/4 2789/1377/4 2730/2983/4
f 2698/3001/5 2729/3000/5 2763/938/5 2773/1026/5
f 2729/3000/5 2726/3005/5 2762/934/5 2763/938/5
f 2726/3005/5 2725/3006/5 2761/523/5 2762/934/5
f 2720/3011/5 2722/3010/5 2760/502/5 2759/624/5
f 2718/3013/5 2720/3011/5 2759/624/5 2758/588/5
f 2716/3015/5 2718/3013/5 2758/588/5 2757/524/5
f 2725/3006/5 2716/3015/5 2757/524/5 2761/523/5
f 2708/3017/5 2714/3016/5 2755/506/5 2749/494/5
f 2738/2992/4 2793/504/4 2756/505/4 2715/3018/4
f 2722/3010/5 2713/3020/5 2754/503/5 2760/502/5
f 2713/3020/5 2712/2971/5 2753/2787/5 2754/503/5
f 2710/3022/5 2711/3021/5 2752/497/5 2751/498/5
f 2707/3023/5 2710/3022/5 2751/498/5 2748/496/5
f 2711/3021/5 2709/3024/5 2750/493/5 2752/497/5
f 2744/2975/5 2707/3023/5 2748/496/5 2771/495/5
f 2709/3024/5 2708/3017/5 2749/494/5 2750/493/5
f 320/537/5 340/423/5 2835/2952/5 2834/2957/5
f 300/1041/5 320/537/5 2834/2957/5 2833/2956/5
f 282/1042/5 300/1041/5 2833/2956/5 2832/2955/5
f 479/1043/5 282/1042/5 2832/2955/5 2836/2946/5
f 222/415/5 230/414/5 2830/2954/5 2824/2948/5
f 1494/417/4 2818/2934/4 2831/2953/4 231/418/4
f 340/423/5 229/422/5 2829/499/5 2835/2952/5
f 227/680/4 266/679/4 2850/3033/4 2848/3034/4
f 224/429/5 226/854/5 2827/2950/5 2826/2951/5
f 220/430/5 224/429/5 2826/2951/5 2823/2949/5
f 226/854/5 223/449/5 2825/2947/5 2827/2950/5
f 2177/448/5 220/430/5 2823/2949/5 2846/2922/5
f 223/449/5 222/415/5 2824/2948/5 2825/2947/5
f 505/631/5 479/1043/5 2836/2946/5 2837/2943/5
f 533/632/5 505/631/5 2837/2943/5 2838/2942/5
f 216/1021/5 533/632/5 2838/2942/5 2798/2941/5
f 1814/1388/4 2820/2924/4 2814/2927/4 735/1389/4
f 1695/1852/4 2819/2928/4 2815/2933/4 909/1853/4
f 1396/2233/4 2817/2938/4 2816/2923/4 1244/2234/4
f 216/2422/4 2798/2937/4 2817/2938/4 1396/2233/4
f 909/1853/4 2815/2933/4 2818/2934/4 1494/417/4
f 735/1389/4 2814/2927/4 2819/2928/4 1695/1852/4
f 1244/2234/4 2816/2923/4 2820/2924/4 1814/1388/4
f 2376/2701/5 2177/448/5 2846/2922/5 2847/2918/5
f 2847/2918/7 2828/2917/7 2857/3035/7 2859/3036/7
f 2651/2920/2 2696/2919/2 2822/2702/2 2801/451/2
f 2696/2919/2 2695/2921/2 2821/435/2 2822/2702/2
f 2684/2925/1 2841/2239/1 2845/1386/1 2692/2926/1
f 2681/2929/1 2839/1387/1 2844/1850/1 2690/2930/1
f 2683/2931/1 2840/1851/1 2843/458/1 2689/2932/1
f 2668/2935/1 2830/2421/1 2842/2236/1 2687/2936/1
f 2687/2936/1 2842/2236/1 2841/2239/1 2684/2925/1
f 2690/2930/1 2844/1850/1 2840/1851/1 2683/2931/1
f 2692/2926/1 2845/1386/1 2839/1387/1 2681/2929/1
f 2669/2940/2 2679/2939/2 2813/943/2 2831/1022/2
f 2679/2939/2 2676/2944/2 2812/927/2 2813/943/2
f 2676/2944/2 2675/2945/2 2811/535/2 2812/927/2
f 2659/2959/2 2660/2958/2 2810/454/2 2809/630/2
f 2658/2960/2 2659/2959/2 2809/630/2 2808/595/2
f 2657/2961/2 2658/2960/2 2808/595/2 2807/536/2
f 2675/2945/2 2657/2961/2 2807/536/2 2811/535/2
f 2689/2932/1 2843/458/1 2799/461/1 2649/2962/1
f 2655/2964/2 2649/2963/2 2799/456/2 2805/440/2
f 2660/2958/2 2650/2965/2 2800/450/2 2810/454/2
f 2650/2965/2 2651/2920/2 2801/451/2 2800/450/2
f 2653/2967/2 2652/2966/2 2802/443/2 2803/445/2
f 2656/2968/2 2653/2967/2 2803/445/2 2806/436/2
f 2652/2966/2 2654/2969/2 2804/439/2 2802/443/2
f 2654/2969/2 2655/2964/2 2805/440/2 2804/439/2
f 2695/2921/2 2656/2968/2 2806/436/2 2821/435/2
f 2855/2789/5 2854/2788/5 2850/3033/5 2851/3037/5
f 2850/3033/5 2853/2790/5 2852/3038/5 2848/3034/5
f 2854/2788/5 2856/2791/5 2853/2790/5 2850/3033/5
f 2849/500/5 2848/3034/5 2857/3035/5 2858/501/5
f 2848/3034/5 2852/3038/5 2859/3036/5 2857/3035/5
f 267/421/1 229/422/1 2849/500/1 2851/3037/1
f 267/421/4 2754/503/4 2855/2789/4 2851/3037/4
f 229/422/3 227/680/3 2848/3034/3 2849/500/3
f 266/679/7 267/421/7 2851/3037/7 2850/3033/7
f 2753/2787/3 2772/2696/3 2856/2791/3 2854/2788/3
f 2376/2701/1 2847/2918/1 2859/3036/1 2852/3038/1
f 2379/2697/1 2376/2701/1 2852/3038/1 2853/2790/1
f 2828/2917/7 2829/499/7 2858/501/7 2857/3035/7
l 593 592
l 594 593
l 595 594
l 596 595
l 597 596
l 598 597
l 599 598
l 600 599
l 601 600
l 602 601
l 603 602
l 604 603
l 605 604
l 606 605
l 607 606
l 608 607
l 609 608
l 610 609
l 611 610
l 612 611
l 613 612
l 614 613
l 615 614
l 616 615
l 617 616
l 618 617
l 619 618
l 620 619
l 621 620
l 622 621
l 623 622
l 592 623
o furtun_Cylinder
v -0.118116 1.631226 -0.702720
v -0.118128 0.145145 -0.701387
v -0.122810 1.631226 -0.703182
v -0.123090 0.145145 -0.701876
v -0.127325 1.631226 -0.704552
v -0.127862 0.145145 -0.703324
v -0.131485 1.631226 -0.706776
v -0.132259 0.145145 -0.705674
v -0.135132 1.631226 -0.709768
v -0.136114 0.145145 -0.708838
v -0.138124 1.631226 -0.713415
v -0.139277 0.145145 -0.712692
v -0.140348 1.631226 -0.717575
v -0.141628 0.145145 -0.717090
v -0.141717 1.631226 -0.722089
v -0.143075 0.145145 -0.721861
v -0.142180 1.631226 -0.726784
v -0.143564 0.145145 -0.726824
v -0.141717 1.631226 -0.731479
v -0.143075 0.145145 -0.731786
v -0.140348 1.631226 -0.735993
v -0.141628 0.145145 -0.736558
v -0.138124 1.631226 -0.740153
v -0.139277 0.145145 -0.740955
v -0.135132 1.631226 -0.743800
v -0.136114 0.145145 -0.744810
v -0.131485 1.631226 -0.746793
v -0.132259 0.145145 -0.747973
v -0.127325 1.631226 -0.749016
v -0.127862 0.145145 -0.750324
v -0.122810 1.631226 -0.750386
v -0.123090 0.145145 -0.751771
v -0.118116 1.631226 -0.750848
v -0.118128 0.145145 -0.752260
v -0.113421 1.631226 -0.750386
v -0.113165 0.145145 -0.751771
v -0.108907 1.631226 -0.749016
v -0.108394 0.145145 -0.750324
v -0.104747 1.631226 -0.746793
v -0.103996 0.145145 -0.747973
v -0.101100 1.631226 -0.743800
v -0.100142 0.145145 -0.744810
v -0.098107 1.631226 -0.740153
v -0.096978 0.145145 -0.740955
v -0.095884 1.631226 -0.735993
v -0.094628 0.145145 -0.736558
v -0.094514 1.631226 -0.731479
v -0.093180 0.145145 -0.731786
v -0.094052 1.631226 -0.726784
v -0.092692 0.145145 -0.726824
v -0.094514 1.631226 -0.722089
v -0.093180 0.145145 -0.721861
v -0.095884 1.631226 -0.717575
v -0.094628 0.145145 -0.717090
v -0.098107 1.631226 -0.713415
v -0.096978 0.145145 -0.712692
v -0.101100 1.631226 -0.709768
v -0.100142 0.145145 -0.708838
v -0.104747 1.631226 -0.706776
v -0.103996 0.145145 -0.705674
v -0.108907 1.631226 -0.704552
v -0.108394 0.145145 -0.703324
v -0.113421 1.631226 -0.703182
v -0.113165 0.145145 -0.701876
v -0.118121 0.952488 -0.702111
v -0.122938 0.952488 -0.702585
v -0.127570 0.952488 -0.703990
v -0.131839 0.952488 -0.706272
v -0.135581 0.952488 -0.709343
v -0.138652 0.952488 -0.713084
v -0.140933 0.952488 -0.717353
v -0.142338 0.952488 -0.721985
v -0.142813 0.952488 -0.726802
v -0.142338 0.952488 -0.731619
v -0.140933 0.952488 -0.736251
v -0.138652 0.952488 -0.740520
v -0.135581 0.952488 -0.744262
v -0.131839 0.952488 -0.747333
v -0.127570 0.952488 -0.749614
v -0.122938 0.952488 -0.751019
v -0.118121 0.952488 -0.751494
v -0.113304 0.952488 -0.751019
v -0.108672 0.952488 -0.749614
v -0.104403 0.952488 -0.747333
v -0.100662 0.952488 -0.744262
v -0.097591 0.952488 -0.740520
v -0.095309 0.952488 -0.736251
v -0.093904 0.952488 -0.731619
v -0.093430 0.952488 -0.726802
v -0.093904 0.952488 -0.721985
v -0.095309 0.952488 -0.717353
v -0.097591 0.952488 -0.713084
v -0.100662 0.952488 -0.709343
v -0.104403 0.952488 -0.706272
v -0.108672 0.952488 -0.703990
v -0.113304 0.952488 -0.702585
v -0.122758 1.324339 -0.780500
v -0.127222 1.324339 -0.781854
v -0.131336 1.324339 -0.784053
v -0.134942 1.324339 -0.787012
v -0.137902 1.324339 -0.790618
v -0.140101 1.324339 -0.794732
v -0.141455 1.324339 -0.799196
v -0.141912 1.324339 -0.803839
v -0.141455 1.324339 -0.808481
v -0.140101 1.324339 -0.812945
v -0.137902 1.324339 -0.817059
v -0.134942 1.324339 -0.820665
v -0.131336 1.324339 -0.823625
v -0.127222 1.324339 -0.825824
v -0.122758 1.324339 -0.827178
v -0.118116 1.324339 -0.827635
v -0.113473 1.324339 -0.827178
v -0.109009 1.324339 -0.825824
v -0.104895 1.324339 -0.823625
v -0.101289 1.324339 -0.820665
v -0.098330 1.324339 -0.817059
v -0.096131 1.324339 -0.812945
v -0.094777 1.324339 -0.808481
v -0.094319 1.324339 -0.803839
v -0.094777 1.324339 -0.799196
v -0.096131 1.324339 -0.794732
v -0.098330 1.324339 -0.790618
v -0.101289 1.324339 -0.787012
v -0.104895 1.324339 -0.784053
v -0.108356 1.324339 -0.782052
v -0.114127 1.324339 -0.780302
v -0.118116 1.324339 -0.780042
v -0.122758 1.472023 -0.725745
v -0.127222 1.472023 -0.727099
v -0.131336 1.472023 -0.729298
v -0.134942 1.472023 -0.732258
v -0.137902 1.472023 -0.735864
v -0.140101 1.472023 -0.739978
v -0.141455 1.472023 -0.744442
v -0.141912 1.472023 -0.749084
v -0.141455 1.472023 -0.753727
v -0.140101 1.472023 -0.758191
v -0.137902 1.472023 -0.762305
v -0.134942 1.472023 -0.765911
v -0.131336 1.472023 -0.768870
v -0.127222 1.472023 -0.771069
v -0.122758 1.472023 -0.772423
v -0.118116 1.472023 -0.772881
v -0.113473 1.472023 -0.772423
v -0.109009 1.472023 -0.771069
v -0.104895 1.472023 -0.768870
v -0.101289 1.472023 -0.765911
v -0.098330 1.472023 -0.762305
v -0.096131 1.472023 -0.758191
v -0.094777 1.472023 -0.753727
v -0.094319 1.472023 -0.749084
v -0.094777 1.472023 -0.744442
v -0.096131 1.472023 -0.739978
v -0.098330 1.472023 -0.735864
v -0.101289 1.472023 -0.732258
v -0.104895 1.472023 -0.729298
v -0.108356 1.472023 -0.727297
v -0.114127 1.472023 -0.725547
v -0.118116 1.472023 -0.725288
v -0.111164 1.631226 -0.703867
v -0.110780 0.145145 -0.702600
v -0.110988 0.952488 -0.703288
v -0.111164 1.324339 -0.780922
v -0.111164 1.472023 -0.726167
v -0.122810 1.551624 -0.703182
v -0.127325 1.551624 -0.704552
v -0.131485 1.551624 -0.706776
v -0.135132 1.551624 -0.709768
v -0.138124 1.551624 -0.713415
v -0.140348 1.551624 -0.717575
v -0.141717 1.551624 -0.722089
v -0.142180 1.551624 -0.726784
v -0.141717 1.551624 -0.731479
v -0.140348 1.551624 -0.735993
v -0.138124 1.551624 -0.740153
v -0.135132 1.551624 -0.743800
v -0.131485 1.551624 -0.746793
v -0.127325 1.551624 -0.749016
v -0.122810 1.551624 -0.750386
v -0.118116 1.551624 -0.750848
v -0.113421 1.551624 -0.750386
v -0.108907 1.551624 -0.749016
v -0.104747 1.551624 -0.746793
v -0.101100 1.551624 -0.743800
v -0.098107 1.551624 -0.740153
v -0.095884 1.551624 -0.735993
v -0.094514 1.551624 -0.731479
v -0.094052 1.551624 -0.726784
v -0.094514 1.551624 -0.722089
v -0.095884 1.551624 -0.717575
v -0.098107 1.551624 -0.713415
v -0.101100 1.551624 -0.709768
v -0.104747 1.551624 -0.706776
v -0.108907 1.551624 -0.704552
v -0.113421 1.551624 -0.703182
v -0.118116 1.551624 -0.702720
v -0.111164 1.551624 -0.703867
v -0.118116 1.115789 -0.725268
v -0.122762 1.115789 -0.725726
v -0.127230 1.115789 -0.727081
v -0.131348 1.115789 -0.729282
v -0.134957 1.115790 -0.732244
v -0.137919 1.115790 -0.735853
v -0.140120 1.115790 -0.739971
v -0.141475 1.115790 -0.744438
v -0.141933 1.115790 -0.749085
v -0.141475 1.115790 -0.753731
v -0.140120 1.115790 -0.758199
v -0.137919 1.115790 -0.762317
v -0.134957 1.115790 -0.765926
v -0.131348 1.115790 -0.768888
v -0.127230 1.115790 -0.771089
v -0.122762 1.115790 -0.772444
v -0.118116 1.115790 -0.772902
v -0.113470 1.115790 -0.772444
v -0.109002 1.115790 -0.771089
v -0.104884 1.115790 -0.768888
v -0.101275 1.115790 -0.765926
v -0.098313 1.115790 -0.762317
v -0.096112 1.115790 -0.758199
v -0.094757 1.115790 -0.753731
v -0.094299 1.115790 -0.749085
v -0.094757 1.115790 -0.744438
v -0.096112 1.115789 -0.739971
v -0.098313 1.115789 -0.735853
v -0.101275 1.115789 -0.732244
v -0.104884 1.115789 -0.729282
v -0.108348 1.115789 -0.727279
v -0.114123 1.115789 -0.725527
v -0.111158 1.115789 -0.726148
v -0.122758 1.211623 -0.758199
v -0.127222 1.211623 -0.759554
v -0.131336 1.211623 -0.761753
v -0.134942 1.211623 -0.764712
v -0.137902 1.211623 -0.768318
v -0.140101 1.211624 -0.772432
v -0.141455 1.211624 -0.776896
v -0.141912 1.211624 -0.781539
v -0.141455 1.211624 -0.786181
v -0.140101 1.211624 -0.790645
v -0.137902 1.211624 -0.794759
v -0.134942 1.211624 -0.798365
v -0.131336 1.211624 -0.801325
v -0.127222 1.211624 -0.803524
v -0.122758 1.211624 -0.804878
v -0.118116 1.211624 -0.805335
v -0.113473 1.211624 -0.804878
v -0.109009 1.211624 -0.803524
v -0.104895 1.211624 -0.801325
v -0.101289 1.211624 -0.798365
v -0.098330 1.211624 -0.794759
v -0.096131 1.211624 -0.790645
v -0.094777 1.211624 -0.786181
v -0.094319 1.211623 -0.781539
v -0.094777 1.211623 -0.776896
v -0.096131 1.211623 -0.772432
v -0.098330 1.211623 -0.768318
v -0.101289 1.211623 -0.764712
v -0.104895 1.211623 -0.761753
v -0.108356 1.211623 -0.759752
v -0.114127 1.211623 -0.758001
v -0.111164 1.211623 -0.758622
v -0.118116 1.211623 -0.757742
v -0.118128 0.939239 -0.701387
v -0.123090 0.939239 -0.701876
v -0.127862 0.939239 -0.703324
v -0.132259 0.939239 -0.705674
v -0.136114 0.939239 -0.708838
v -0.139277 0.939239 -0.712692
v -0.141628 0.939239 -0.717090
v -0.143075 0.939239 -0.721861
v -0.143564 0.939239 -0.726824
v -0.143075 0.939239 -0.731786
v -0.141628 0.939239 -0.736558
v -0.139277 0.939239 -0.740955
v -0.136114 0.939239 -0.744810
v -0.132259 0.939239 -0.747973
v -0.127862 0.939239 -0.750324
v -0.123090 0.939239 -0.751771
v -0.118128 0.939239 -0.752260
v -0.113165 0.939239 -0.751771
v -0.108394 0.939239 -0.750324
v -0.103996 0.939239 -0.747973
v -0.100142 0.939239 -0.744810
v -0.096978 0.939239 -0.740955
v -0.094628 0.939239 -0.736558
v -0.093180 0.939239 -0.731786
v -0.092692 0.939239 -0.726824
v -0.093180 0.939239 -0.721861
v -0.094628 0.939239 -0.717090
v -0.096978 0.939239 -0.712692
v -0.100142 0.939239 -0.708838
v -0.103996 0.939239 -0.705674
v -0.108394 0.939239 -0.703324
v -0.113165 0.939239 -0.701876
v -0.110780 0.939239 -0.702600
v -0.118116 0.993982 -0.702651
v -0.122825 0.993982 -0.703115
v -0.127352 0.993982 -0.704488
v -0.131525 0.993982 -0.706719
v -0.135182 0.993982 -0.709720
v -0.138184 0.993982 -0.713378
v -0.140414 0.993982 -0.717550
v -0.141788 0.993982 -0.722078
v -0.142251 0.993982 -0.726786
v -0.141788 0.993982 -0.731495
v -0.140414 0.993982 -0.736022
v -0.138184 0.993982 -0.740195
v -0.135182 0.993982 -0.743852
v -0.131525 0.993982 -0.746854
v -0.127352 0.993982 -0.749084
v -0.122825 0.993982 -0.750457
v -0.118116 0.993982 -0.750921
v -0.113408 0.993982 -0.750457
v -0.108880 0.993982 -0.749084
v -0.104708 0.993982 -0.746854
v -0.101050 0.993982 -0.743852
v -0.098049 0.993982 -0.740195
v -0.095819 0.993982 -0.736022
v -0.094445 0.993982 -0.731495
v -0.093982 0.993982 -0.726786
v -0.094445 0.993982 -0.722078
v -0.095819 0.993982 -0.717550
v -0.098049 0.993982 -0.713378
v -0.101051 0.993982 -0.709720
v -0.104708 0.993982 -0.706719
v -0.108880 0.993982 -0.704488
v -0.113408 0.993982 -0.703115
v -0.111144 0.993982 -0.703802
v -0.123038 0.948737 -0.702121
v -0.127761 0.948737 -0.703554
v -0.132114 0.948737 -0.705881
v -0.135930 0.948737 -0.709012
v -0.139061 0.948737 -0.712828
v -0.141388 0.948737 -0.717181
v -0.142821 0.948737 -0.721904
v -0.143305 0.948737 -0.726816
v -0.142821 0.948737 -0.731728
v -0.141388 0.948737 -0.736452
v -0.139061 0.948737 -0.740805
v -0.135930 0.948737 -0.744621
v -0.132114 0.948737 -0.747752
v -0.127761 0.948737 -0.750079
v -0.123038 0.948737 -0.751511
v -0.118126 0.948737 -0.751995
v -0.113213 0.948737 -0.751511
v -0.108490 0.948737 -0.750079
v -0.104137 0.948737 -0.747752
v -0.100321 0.948737 -0.744621
v -0.097190 0.948737 -0.740805
v -0.094863 0.948737 -0.736452
v -0.093430 0.948737 -0.731728
v -0.092947 0.948737 -0.726816
v -0.093430 0.948737 -0.721904
v -0.094863 0.948737 -0.717181
v -0.097190 0.948737 -0.712828
v -0.100321 0.948737 -0.709012
v -0.104137 0.948737 -0.705881
v -0.108490 0.948737 -0.703554
v -0.113213 0.948737 -0.702121
v -0.110852 0.948737 -0.702838
v -0.118126 0.948737 -0.701637
v -0.123063 0.947823 -0.702005
v -0.127809 0.947823 -0.703445
v -0.132183 0.947823 -0.705783
v -0.136017 0.947823 -0.708930
v -0.139163 0.947823 -0.712764
v -0.141501 0.947823 -0.717138
v -0.142941 0.947823 -0.721884
v -0.143427 0.947823 -0.726820
v -0.142941 0.947823 -0.731756
v -0.141501 0.947823 -0.736502
v -0.139163 0.947823 -0.740876
v -0.136017 0.947823 -0.744710
v -0.132183 0.947823 -0.747856
v -0.127809 0.947823 -0.750194
v -0.123062 0.947823 -0.751634
v -0.118127 0.947823 -0.752120
v -0.113191 0.947823 -0.751634
v -0.108444 0.947823 -0.750194
v -0.104070 0.947823 -0.747856
v -0.100236 0.947823 -0.744710
v -0.097090 0.947823 -0.740876
v -0.094752 0.947823 -0.736502
v -0.093312 0.947823 -0.731756
v -0.092826 0.947823 -0.726820
v -0.093312 0.947823 -0.721884
v -0.094752 0.947823 -0.717138
v -0.097090 0.947823 -0.712764
v -0.100236 0.947823 -0.708930
v -0.104070 0.947823 -0.705783
v -0.108445 0.947823 -0.703445
v -0.113191 0.947823 -0.702005
v -0.110818 0.947823 -0.702725
v -0.118127 0.947823 -0.701519
v -0.118123 0.950281 -0.701900
v -0.122982 0.950281 -0.702379
v -0.127655 0.950281 -0.703796
v -0.131961 0.950281 -0.706098
v -0.135736 0.950281 -0.709196
v -0.138833 0.950281 -0.712970
v -0.141135 0.950281 -0.717277
v -0.142553 0.950281 -0.721949
v -0.143031 0.950281 -0.726808
v -0.142553 0.950281 -0.731668
v -0.141135 0.950281 -0.736340
v -0.138833 0.950281 -0.740647
v -0.135736 0.950281 -0.744421
v -0.131961 0.950281 -0.747519
v -0.127655 0.950281 -0.749820
v -0.122982 0.950281 -0.751238
v -0.118123 0.950281 -0.751716
v -0.113264 0.950281 -0.751238
v -0.108591 0.950281 -0.749820
v -0.104285 0.950281 -0.747519
v -0.100511 0.950281 -0.744421
v -0.097413 0.950281 -0.740647
v -0.095111 0.950281 -0.736340
v -0.093694 0.950281 -0.731668
v -0.093215 0.950281 -0.726808
v -0.093694 0.950281 -0.721949
v -0.095111 0.950281 -0.717277
v -0.097413 0.950281 -0.712970
v -0.100511 0.950281 -0.709196
v -0.104285 0.950281 -0.706098
v -0.108591 0.950281 -0.703796
v -0.113264 0.950281 -0.702379
v -0.110928 0.950281 -0.703088
v -0.118116 1.392422 -0.757742
v -0.122758 1.392422 -0.758199
v -0.127222 1.392422 -0.759554
v -0.131336 1.392422 -0.761753
v -0.134942 1.392422 -0.764712
v -0.137902 1.392422 -0.768318
v -0.140101 1.392422 -0.772432
v -0.141455 1.392422 -0.776896
v -0.141912 1.392422 -0.781539
v -0.141455 1.392422 -0.786181
v -0.140101 1.392422 -0.790645
v -0.137902 1.392422 -0.794759
v -0.134942 1.392422 -0.798365
v -0.131336 1.392422 -0.801325
v -0.127222 1.392422 -0.803524
v -0.122758 1.392422 -0.804878
v -0.118116 1.392422 -0.805335
v -0.113473 1.392422 -0.804878
v -0.109009 1.392422 -0.803524
v -0.104895 1.392422 -0.801325
v -0.101289 1.392422 -0.798365
v -0.098330 1.392422 -0.794759
v -0.096131 1.392422 -0.790645
v -0.094777 1.392422 -0.786181
v -0.094319 1.392422 -0.781539
v -0.094777 1.392422 -0.776896
v -0.096131 1.392422 -0.772432
v -0.098330 1.392422 -0.768318
v -0.101289 1.392422 -0.764712
v -0.104895 1.392422 -0.761753
v -0.108356 1.392422 -0.759752
v -0.114127 1.392422 -0.758001
v -0.111164 1.392422 -0.758622
v -0.122758 1.273020 -0.780500
v -0.127222 1.273020 -0.781854
v -0.131336 1.273020 -0.784053
v -0.134942 1.273020 -0.787012
v -0.137902 1.273020 -0.790618
v -0.140101 1.273020 -0.794732
v -0.141455 1.273020 -0.799196
v -0.141912 1.273020 -0.803839
v -0.141455 1.273020 -0.808481
v -0.140101 1.273020 -0.812945
v -0.137902 1.273020 -0.817059
v -0.134942 1.273020 -0.820665
v -0.131336 1.273020 -0.823625
v -0.127222 1.273020 -0.825824
v -0.122758 1.273020 -0.827178
v -0.118116 1.273020 -0.827635
v -0.113473 1.273020 -0.827178
v -0.109009 1.273020 -0.825824
v -0.104895 1.273020 -0.823625
v -0.101289 1.273020 -0.820665
v -0.098330 1.273020 -0.817059
v -0.096131 1.273020 -0.812945
v -0.094777 1.273020 -0.808481
v -0.094319 1.273020 -0.803839
v -0.094777 1.273020 -0.799196
v -0.096131 1.273020 -0.794732
v -0.098330 1.273020 -0.790618
v -0.101289 1.273020 -0.787012
v -0.104895 1.273020 -0.784053
v -0.108356 1.273020 -0.782052
v -0.114127 1.273020 -0.780302
v -0.111164 1.273020 -0.780922
v -0.118116 1.273020 -0.780042
vt 1.000000 0.875000
vt 0.968750 0.875000
vt 0.968750 1.000000
vt 1.000000 1.000000
vt 0.937500 0.875000
vt 0.937500 1.000000
vt 0.906250 0.875000
vt 0.906250 1.000000
vt 0.875000 0.875000
vt 0.875000 1.000000
vt 0.843750 0.875000
vt 0.843750 1.000000
vt 0.812500 0.875000
vt 0.812500 1.000000
vt 0.781250 0.875000
vt 0.781250 1.000000
vt 0.750000 0.875000
vt 0.750000 1.000000
vt 0.718750 0.875000
vt 0.718750 1.000000
vt 0.687500 0.875000
vt 0.687500 1.000000
vt 0.656250 0.875000
vt 0.656250 1.000000
vt 0.625000 0.875000
vt 0.625000 1.000000
vt 0.593750 0.875000
vt 0.593750 1.000000
vt 0.562500 0.875000
vt 0.562500 1.000000
vt 0.531250 0.875000
vt 0.531250 1.000000
vt 0.500000 0.875000
vt 0.500000 1.000000
vt 0.468750 0.875000
vt 0.468750 1.000000
vt 0.437500 0.875000
vt 0.437500 1.000000
vt 0.406250 0.875000
vt 0.406250 1.000000
vt 0.375000 0.875000
vt 0.375000 1.000000
vt 0.343750 0.875000
vt 0.343750 1.000000
vt 0.312500 0.875000
vt 0.312500 1.000000
vt 0.281250 0.875000
vt 0.281250 1.000000
vt 0.250000 0.875000
vt 0.250000 1.000000
vt 0.218750 0.875000
vt 0.218750 1.000000
vt 0.187500 0.875000
vt 0.187500 1.000000
vt 0.156250 0.875000
vt 0.156250 1.000000
vt 0.125000 0.875000
vt 0.125000 1.000000
vt 0.093750 0.875000
vt 0.093750 1.000000
vt 0.062500 0.875000
vt 0.062500 1.000000
vt 0.296822 0.485388
vt 0.341844 0.471731
vt 0.383337 0.449553
vt 0.419706 0.419706
vt 0.449553 0.383337
vt 0.471731 0.341844
vt 0.485388 0.296822
vt 0.490000 0.250000
vt 0.485388 0.203178
vt 0.471731 0.158156
vt 0.449553 0.116663
vt 0.419706 0.080294
vt 0.383337 0.050447
vt 0.341844 0.028269
vt 0.296822 0.014612
vt 0.250000 0.010000
vt 0.203178 0.014612
vt 0.158156 0.028269
vt 0.116663 0.050447
vt 0.080294 0.080294
vt 0.050447 0.116663
vt 0.028269 0.158156
vt 0.014611 0.203179
vt 0.010000 0.250000
vt 0.014612 0.296822
vt 0.028269 0.341844
vt 0.050447 0.383337
vt 0.080295 0.419706
vt 0.116663 0.449553
vt 0.158156 0.471731
vt 0.180667 0.478560
vt 0.203179 0.485389
vt 0.250000 0.490000
vt 0.046875 0.875000
vt 0.031250 0.875000
vt 0.031250 1.000000
vt 0.046875 1.000000
vt 0.000000 0.875000
vt 0.000000 1.000000
vt 0.750000 0.490000
vt 0.703179 0.485389
vt 0.680668 0.478560
vt 0.658156 0.471731
vt 0.616663 0.449553
vt 0.580295 0.419706
vt 0.550447 0.383337
vt 0.528269 0.341844
vt 0.514612 0.296822
vt 0.510000 0.250000
vt 0.514611 0.203179
vt 0.528269 0.158156
vt 0.550447 0.116663
vt 0.580294 0.080294
vt 0.616663 0.050447
vt 0.658156 0.028269
vt 0.703178 0.014612
vt 0.750000 0.010000
vt 0.796822 0.014612
vt 0.841844 0.028269
vt 0.883337 0.050447
vt 0.919706 0.080294
vt 0.949553 0.116663
vt 0.971731 0.158156
vt 0.985388 0.203178
vt 0.990000 0.250000
vt 0.985388 0.296822
vt 0.971731 0.341844
vt 0.949553 0.383337
vt 0.919706 0.419706
vt 0.883337 0.449553
vt 0.841844 0.471731
vt 0.796822 0.485388
vt 0.031250 0.718750
vt 0.000000 0.718750
vt 0.000000 0.750000
vt 0.031250 0.750000
vt 0.046875 0.718750
vt 0.046875 0.750000
vt 0.093750 0.718750
vt 0.062500 0.718750
vt 0.062500 0.750000
vt 0.093750 0.750000
vt 0.125000 0.718750
vt 0.125000 0.750000
vt 0.156250 0.718750
vt 0.156250 0.750000
vt 0.187500 0.718750
vt 0.187500 0.750000
vt 0.218750 0.718750
vt 0.218750 0.750000
vt 0.250000 0.718750
vt 0.250000 0.750000
vt 0.281250 0.718750
vt 0.281250 0.750000
vt 0.312500 0.718750
vt 0.312500 0.750000
vt 0.343750 0.718750
vt 0.343750 0.750000
vt 0.375000 0.718750
vt 0.375000 0.750000
vt 0.406250 0.718750
vt 0.406250 0.750000
vt 0.437500 0.718750
vt 0.437500 0.750000
vt 0.468750 0.718750
vt 0.468750 0.750000
vt 0.500000 0.718750
vt 0.500000 0.750000
vt 0.531250 0.718750
vt 0.531250 0.750000
vt 0.562500 0.718750
vt 0.562500 0.750000
vt 0.593750 0.718750
vt 0.593750 0.750000
vt 0.625000 0.718750
vt 0.625000 0.750000
vt 0.656250 0.718750
vt 0.656250 0.750000
vt 0.687500 0.718750
vt 0.687500 0.750000
vt 0.718750 0.718750
vt 0.718750 0.750000
vt 0.750000 0.718750
vt 0.750000 0.750000
vt 0.781250 0.718750
vt 0.781250 0.750000
vt 0.812500 0.718750
vt 0.812500 0.750000
vt 0.843750 0.718750
vt 0.843750 0.750000
vt 0.875000 0.718750
vt 0.875000 0.750000
vt 0.906250 0.718750
vt 0.906250 0.750000
vt 0.937500 0.718750
vt 0.937500 0.750000
vt 0.968750 0.718750
vt 0.968750 0.750000
vt 1.000000 0.718750
vt 1.000000 0.750000
vt 1.000000 0.593750
vt 0.968750 0.593750
vt 0.968750 0.625000
vt 1.000000 0.625000
vt 0.937500 0.593750
vt 0.937500 0.625000
vt 0.906250 0.593750
vt 0.906250 0.625000
vt 0.875000 0.593750
vt 0.875000 0.625000
vt 0.843750 0.593750
vt 0.843750 0.625000
vt 0.812500 0.593750
vt 0.812500 0.625000
vt 0.781250 0.593750
vt 0.781250 0.625000
vt 0.750000 0.593750
vt 0.750000 0.625000
vt 0.718750 0.593750
vt 0.718750 0.625000
vt 0.687500 0.593750
vt 0.687500 0.625000
vt 0.656250 0.593750
vt 0.656250 0.625000
vt 0.625000 0.593750
vt 0.625000 0.625000
vt 0.593750 0.593750
vt 0.593750 0.625000
vt 0.562500 0.593750
vt 0.562500 0.625000
vt 0.531250 0.593750
vt 0.531250 0.625000
vt 0.500000 0.593750
vt 0.500000 0.625000
vt 0.468750 0.593750
vt 0.468750 0.625000
vt 0.437500 0.593750
vt 0.437500 0.625000
vt 0.406250 0.593750
vt 0.406250 0.625000
vt 0.375000 0.593750
vt 0.375000 0.625000
vt 0.343750 0.593750
vt 0.343750 0.625000
vt 0.312500 0.593750
vt 0.312500 0.625000
vt 0.281250 0.593750
vt 0.281250 0.625000
vt 0.250000 0.593750
vt 0.250000 0.625000
vt 0.218750 0.593750
vt 0.218750 0.625000
vt 0.187500 0.593750
vt 0.187500 0.625000
vt 0.156250 0.593750
vt 0.156250 0.625000
vt 0.125000 0.593750
vt 0.125000 0.625000
vt 0.093750 0.593750
vt 0.093750 0.625000
vt 0.062500 0.593750
vt 0.062500 0.625000
vt 0.046875 0.593750
vt 0.031250 0.593750
vt 0.031250 0.625000
vt 0.046875 0.625000
vt 0.000000 0.593750
vt 0.000000 0.625000
vt 0.031250 0.531250
vt 0.000000 0.531250
vt 0.000000 0.562500
vt 0.031250 0.562500
vt 0.046875 0.531250
vt 0.046875 0.562500
vt 0.093750 0.531250
vt 0.062500 0.531250
vt 0.062500 0.562500
vt 0.093750 0.562500
vt 0.125000 0.531250
vt 0.125000 0.562500
vt 0.156250 0.531250
vt 0.156250 0.562500
vt 0.187500 0.531250
vt 0.187500 0.562500
vt 0.218750 0.531250
vt 0.218750 0.562500
vt 0.250000 0.531250
vt 0.250000 0.562500
vt 0.281250 0.531250
vt 0.281250 0.562500
vt 0.312500 0.531250
vt 0.312500 0.562500
vt 0.343750 0.531250
vt 0.343750 0.562500
vt 0.375000 0.531250
vt 0.375000 0.562500
vt 0.406250 0.531250
vt 0.406250 0.562500
vt 0.437500 0.531250
vt 0.437500 0.562500
vt 0.468750 0.531250
vt 0.468750 0.562500
vt 0.500000 0.531250
vt 0.500000 0.562500
vt 0.531250 0.531250
vt 0.531250 0.562500
vt 0.562500 0.531250
vt 0.562500 0.562500
vt 0.593750 0.531250
vt 0.593750 0.562500
vt 0.625000 0.531250
vt 0.625000 0.562500
vt 0.656250 0.531250
vt 0.656250 0.562500
vt 0.687500 0.531250
vt 0.687500 0.562500
vt 0.718750 0.531250
vt 0.718750 0.562500
vt 0.750000 0.531250
vt 0.750000 0.562500
vt 0.781250 0.531250
vt 0.781250 0.562500
vt 0.812500 0.531250
vt 0.812500 0.562500
vt 0.843750 0.531250
vt 0.843750 0.562500
vt 0.875000 0.531250
vt 0.875000 0.562500
vt 0.906250 0.531250
vt 0.906250 0.562500
vt 0.937500 0.531250
vt 0.937500 0.562500
vt 0.968750 0.531250
vt 0.968750 0.562500
vt 1.000000 0.531250
vt 1.000000 0.562500
vt 0.062500 0.500000
vt 0.046875 0.500000
vt 1.000000 0.500000
vt 0.968750 0.500000
vt 0.937500 0.500000
vt 0.906250 0.500000
vt 0.875000 0.500000
vt 0.843750 0.500000
vt 0.812500 0.500000
vt 0.781250 0.500000
vt 0.750000 0.500000
vt 0.718750 0.500000
vt 0.687500 0.500000
vt 0.656250 0.500000
vt 0.625000 0.500000
vt 0.593750 0.500000
vt 0.562500 0.500000
vt 0.531250 0.500000
vt 0.500000 0.500000
vt 0.468750 0.500000
vt 0.437500 0.500000
vt 0.406250 0.500000
vt 0.375000 0.500000
vt 0.343750 0.500000
vt 0.312500 0.500000
vt 0.281250 0.500000
vt 0.250000 0.500000
vt 0.218750 0.500000
vt 0.187500 0.500000
vt 0.156250 0.500000
vt 0.125000 0.500000
vt 0.093750 0.500000
vt 0.031250 0.500000
vt 0.000000 0.500000
vt 0.062500 0.656250
vt 0.046875 0.656250
vt 0.046875 0.687500
vt 0.062500 0.687500
vt 1.000000 0.656250
vt 0.968750 0.656250
vt 0.968750 0.687500
vt 1.000000 0.687500
vt 0.937500 0.656250
vt 0.937500 0.687500
vt 0.906250 0.656250
vt 0.906250 0.687500
vt 0.875000 0.656250
vt 0.875000 0.687500
vt 0.843750 0.656250
vt 0.843750 0.687500
vt 0.812500 0.656250
vt 0.812500 0.687500
vt 0.781250 0.656250
vt 0.781250 0.687500
vt 0.750000 0.656250
vt 0.750000 0.687500
vt 0.718750 0.656250
vt 0.718750 0.687500
vt 0.687500 0.656250
vt 0.687500 0.687500
vt 0.656250 0.656250
vt 0.656250 0.687500
vt 0.625000 0.656250
vt 0.625000 0.687500
vt 0.593750 0.656250
vt 0.593750 0.687500
vt 0.562500 0.656250
vt 0.562500 0.687500
vt 0.531250 0.656250
vt 0.531250 0.687500
vt 0.500000 0.656250
vt 0.500000 0.687500
vt 0.468750 0.656250
vt 0.468750 0.687500
vt 0.437500 0.656250
vt 0.437500 0.687500
vt 0.406250 0.656250
vt 0.406250 0.687500
vt 0.375000 0.656250
vt 0.375000 0.687500
vt 0.343750 0.656250
vt 0.343750 0.687500
vt 0.312500 0.656250
vt 0.312500 0.687500
vt 0.281250 0.656250
vt 0.281250 0.687500
vt 0.250000 0.656250
vt 0.250000 0.687500
vt 0.218750 0.656250
vt 0.218750 0.687500
vt 0.187500 0.656250
vt 0.187500 0.687500
vt 0.156250 0.656250
vt 0.156250 0.687500
vt 0.125000 0.656250
vt 0.125000 0.687500
vt 0.093750 0.656250
vt 0.093750 0.687500
vt 0.031250 0.656250
vt 0.031250 0.687500
vt 0.000000 0.656250
vt 0.000000 0.687500
vt 0.031250 0.640625
vt 0.000000 0.640625
vt 0.046875 0.640625
vt 0.093750 0.640625
vt 0.062500 0.640625
vt 0.125000 0.640625
vt 0.156250 0.640625
vt 0.187500 0.640625
vt 0.218750 0.640625
vt 0.250000 0.640625
vt 0.281250 0.640625
vt 0.312500 0.640625
vt 0.343750 0.640625
vt 0.375000 0.640625
vt 0.406250 0.640625
vt 0.437500 0.640625
vt 0.468750 0.640625
vt 0.500000 0.640625
vt 0.531250 0.640625
vt 0.562500 0.640625
vt 0.593750 0.640625
vt 0.625000 0.640625
vt 0.656250 0.640625
vt 0.687500 0.640625
vt 0.718750 0.640625
vt 0.750000 0.640625
vt 0.781250 0.640625
vt 0.812500 0.640625
vt 0.843750 0.640625
vt 0.875000 0.640625
vt 0.906250 0.640625
vt 0.937500 0.640625
vt 0.968750 0.640625
vt 1.000000 0.640625
vt 0.062500 0.843750
vt 0.046875 0.843750
vt 0.031250 0.843750
vt 0.000000 0.843750
vt 0.093750 0.843750
vt 0.125000 0.843750
vt 0.156250 0.843750
vt 0.187500 0.843750
vt 0.218750 0.843750
vt 0.250000 0.843750
vt 0.281250 0.843750
vt 0.312500 0.843750
vt 0.343750 0.843750
vt 0.375000 0.843750
vt 0.406250 0.843750
vt 0.437500 0.843750
vt 0.468750 0.843750
vt 0.500000 0.843750
vt 0.531250 0.843750
vt 0.562500 0.843750
vt 0.593750 0.843750
vt 0.625000 0.843750
vt 0.656250 0.843750
vt 0.687500 0.843750
vt 0.718750 0.843750
vt 0.750000 0.843750
vt 0.781250 0.843750
vt 0.812500 0.843750
vt 0.843750 0.843750
vt 0.875000 0.843750
vt 0.906250 0.843750
vt 0.937500 0.843750
vt 0.968750 0.843750
vt 1.000000 0.843750
vt 1.000000 0.781250
vt 0.968750 0.781250
vt 0.968750 0.812500
vt 1.000000 0.812500
vt 0.937500 0.781250
vt 0.937500 0.812500
vt 0.906250 0.781250
vt 0.906250 0.812500
vt 0.875000 0.781250
vt 0.875000 0.812500
vt 0.843750 0.781250
vt 0.843750 0.812500
vt 0.812500 0.781250
vt 0.812500 0.812500
vt 0.781250 0.781250
vt 0.781250 0.812500
vt 0.750000 0.781250
vt 0.750000 0.812500
vt 0.718750 0.781250
vt 0.718750 0.812500
vt 0.687500 0.781250
vt 0.687500 0.812500
vt 0.656250 0.781250
vt 0.656250 0.812500
vt 0.625000 0.781250
vt 0.625000 0.812500
vt 0.593750 0.781250
vt 0.593750 0.812500
vt 0.562500 0.781250
vt 0.562500 0.812500
vt 0.531250 0.781250
vt 0.531250 0.812500
vt 0.500000 0.781250
vt 0.500000 0.812500
vt 0.468750 0.781250
vt 0.468750 0.812500
vt 0.437500 0.781250
vt 0.437500 0.812500
vt 0.406250 0.781250
vt 0.406250 0.812500
vt 0.375000 0.781250
vt 0.375000 0.812500
vt 0.343750 0.781250
vt 0.343750 0.812500
vt 0.312500 0.781250
vt 0.312500 0.812500
vt 0.281250 0.781250
vt 0.281250 0.812500
vt 0.250000 0.781250
vt 0.250000 0.812500
vt 0.218750 0.781250
vt 0.218750 0.812500
vt 0.187500 0.781250
vt 0.187500 0.812500
vt 0.156250 0.781250
vt 0.156250 0.812500
vt 0.125000 0.781250
vt 0.125000 0.812500
vt 0.093750 0.781250
vt 0.093750 0.812500
vt 0.062500 0.781250
vt 0.062500 0.812500
vt 0.046875 0.781250
vt 0.031250 0.781250
vt 0.031250 0.812500
vt 0.046875 0.812500
vt 0.000000 0.781250
vt 0.000000 0.812500
vn 0.0000 0.0232 0.9997
vn -0.1950 0.0232 0.9805
vn -0.1420 -0.6857 0.7139
vn 0.0000 -0.6857 0.7279
vn -0.3826 0.0233 0.9236
vn -0.2785 -0.6857 0.6725
vn -0.5554 0.0234 0.8312
vn -0.4044 -0.6857 0.6052
vn -0.7069 0.0235 0.7069
vn -0.5147 -0.6857 0.5147
vn -0.8312 0.0237 0.5554
vn -0.6052 -0.6857 0.4044
vn -0.9236 0.0238 0.3825
vn -0.6725 -0.6857 0.2785
vn -0.9805 0.0239 0.1950
vn -0.7139 -0.6857 0.1420
vn -0.9997 0.0240 -0.0000
vn -0.7279 -0.6857 0.0000
vn -0.9805 0.0242 -0.1950
vn -0.7139 -0.6857 -0.1420
vn -0.9236 0.0243 -0.3826
vn -0.6725 -0.6857 -0.2785
vn -0.8312 0.0244 -0.5554
vn -0.6052 -0.6857 -0.4044
vn -0.7069 0.0245 -0.7069
vn -0.5147 -0.6857 -0.5147
vn -0.5554 0.0245 -0.8312
vn -0.4044 -0.6857 -0.6052
vn -0.3825 0.0246 -0.9236
vn -0.2785 -0.6857 -0.6725
vn -0.1950 0.0246 -0.9805
vn -0.1420 -0.6857 -0.7139
vn 0.0000 0.0245 -0.9997
vn 0.0000 -0.6857 -0.7279
vn 0.1950 0.0245 -0.9805
vn 0.1420 -0.6857 -0.7139
vn 0.3825 0.0244 -0.9236
vn 0.2785 -0.6857 -0.6725
vn 0.5554 0.0243 -0.8312
vn 0.4044 -0.6857 -0.6052
vn 0.7069 0.0242 -0.7069
vn 0.5147 -0.6857 -0.5147
vn 0.8312 0.0240 -0.5554
vn 0.6052 -0.6857 -0.4044
vn 0.9236 0.0239 -0.3826
vn 0.6725 -0.6857 -0.2785
vn 0.9805 0.0238 -0.1951
vn 0.7139 -0.6857 -0.1420
vn 0.9997 0.0237 -0.0000
vn 0.7279 -0.6857 0.0000
vn 0.9805 0.0235 0.1950
vn 0.7139 -0.6857 0.1420
vn 0.9236 0.0234 0.3825
vn 0.6725 -0.6857 0.2785
vn 0.8312 0.0233 0.5554
vn 0.6052 -0.6857 0.4044
vn 0.7069 0.0232 0.7069
vn 0.5147 -0.6857 0.5147
vn 0.5554 0.0232 0.8312
vn 0.4044 -0.6857 0.6052
vn 0.3826 0.0231 0.9236
vn 0.2785 -0.6857 0.6725
vn 0.2052 -0.7071 0.6767
vn 0.1420 -0.6857 0.7139
vn 0.2902 0.0230 0.9567
vn 0.1950 0.0231 0.9805
vn 0.0000 0.6857 0.7279
vn 0.1420 0.6857 0.7139
vn 0.2052 0.7071 0.6767
vn 0.2785 0.6857 0.6725
vn 0.4044 0.6857 0.6052
vn 0.5147 0.6857 0.5147
vn 0.6052 0.6857 0.4044
vn 0.6725 0.6857 0.2785
vn 0.7139 0.6857 0.1420
vn 0.7279 0.6857 0.0000
vn 0.7139 0.6857 -0.1420
vn 0.6725 0.6857 -0.2785
vn 0.6052 0.6857 -0.4044
vn 0.5147 0.6857 -0.5147
vn 0.4044 0.6857 -0.6052
vn 0.2785 0.6857 -0.6725
vn 0.1420 0.6857 -0.7139
vn 0.0000 0.6857 -0.7279
vn -0.1420 0.6857 -0.7139
vn -0.2785 0.6857 -0.6725
vn -0.4044 0.6857 -0.6052
vn -0.5147 0.6857 -0.5147
vn -0.6052 0.6857 -0.4044
vn -0.6725 0.6857 -0.2785
vn -0.7139 0.6857 -0.1420
vn -0.7279 0.6857 0.0000
vn -0.7139 0.6857 0.1420
vn -0.6725 0.6857 0.2785
vn -0.6052 0.6857 0.4044
vn -0.5147 0.6857 0.5147
vn -0.4044 0.6857 0.6052
vn -0.2785 0.6857 0.6725
vn -0.1420 0.6857 0.7139
vn 0.1778 0.0961 0.9793
vn -0.0037 0.0975 0.9952
vn 0.0000 0.0697 0.9976
vn 0.1946 0.0697 0.9784
vn 0.2882 0.0937 0.9529
vn 0.2896 0.0691 0.9546
vn 0.5544 0.0826 0.8281
vn 0.3941 0.0896 0.9147
vn 0.3817 0.0697 0.9216
vn 0.5542 0.0697 0.8294
vn 0.7025 0.0723 0.7080
vn 0.7053 0.0699 0.7054
vn 0.8274 0.0590 0.5584
vn 0.8294 0.0701 0.5542
vn 0.9210 0.0436 0.3871
vn 0.9215 0.0704 0.3818
vn 0.9793 0.0267 0.2004
vn 0.9783 0.0708 0.1947
vn 0.9999 0.0090 0.0056
vn 0.9974 0.0712 0.0001
vn 0.9818 -0.0089 -0.1896
vn 0.9783 0.0716 -0.1945
vn 0.9255 -0.0261 -0.3777
vn 0.9215 0.0720 -0.3816
vn 0.8333 -0.0420 -0.5511
vn 0.8293 0.0724 -0.5540
vn 0.7088 -0.0560 -0.7031
vn 0.7053 0.0728 -0.7051
vn 0.5569 -0.0674 -0.8278
vn 0.5541 0.0732 -0.8292
vn 0.3836 -0.0758 -0.9204
vn 0.3817 0.0735 -0.9214
vn 0.1955 -0.0810 -0.9773
vn 0.1946 0.0737 -0.9781
vn 0.0000 -0.0828 -0.9966
vn 0.0000 0.0739 -0.9973
vn -0.1955 -0.0810 -0.9773
vn -0.1945 0.0739 -0.9781
vn -0.3836 -0.0758 -0.9204
vn -0.3816 0.0739 -0.9213
vn -0.5569 -0.0673 -0.8278
vn -0.5541 0.0739 -0.8292
vn -0.7088 -0.0559 -0.7031
vn -0.7052 0.0737 -0.7051
vn -0.8333 -0.0419 -0.5511
vn -0.8292 0.0735 -0.5540
vn -0.9256 -0.0260 -0.3777
vn -0.9214 0.0732 -0.3816
vn -0.9818 -0.0087 -0.1896
vn -0.9782 0.0728 -0.1945
vn -0.9999 0.0091 0.0056
vn -0.9973 0.0724 0.0001
vn -0.9793 0.0268 0.2004
vn -0.9782 0.0720 0.1947
vn -0.9210 0.0437 0.3871
vn -0.9214 0.0716 0.3818
vn -0.8274 0.0591 0.5584
vn -0.8293 0.0712 0.5542
vn -0.7025 0.0724 0.7080
vn -0.7053 0.0708 0.7054
vn -0.5511 0.0832 0.8303
vn -0.5541 0.0704 0.8294
vn -0.3791 0.0912 0.9208
vn -0.3817 0.0701 0.9216
vn -0.1931 0.0960 0.9764
vn -0.1946 0.0699 0.9784
vn -0.0157 -0.3452 0.9384
vn -0.1840 -0.3394 0.9225
vn -0.1946 -0.1562 0.9684
vn -0.0166 -0.1588 0.9872
vn -0.3633 -0.3216 0.8744
vn -0.3819 -0.1473 0.9124
vn -0.5326 -0.2921 0.7943
vn -0.5552 -0.1327 0.8211
vn -0.6858 -0.2510 0.6831
vn -0.7075 -0.1128 0.6976
vn -0.8161 -0.1991 0.5426
vn -0.8328 -0.0882 0.5465
vn -0.9160 -0.1379 0.3768
vn -0.9257 -0.0598 0.3735
vn -0.9788 -0.0699 0.1923
vn -0.9822 -0.0288 0.1854
vn -1.0000 0.0017 -0.0022
vn -0.9999 0.0032 -0.0099
vn -0.9778 0.0730 -0.1964
vn -0.9783 0.0349 -0.2044
vn -0.9142 0.1404 -0.3803
vn -0.9185 0.0647 -0.3901
vn -0.8139 0.2006 -0.5452
vn -0.8236 0.0914 -0.5598
vn -0.6838 0.2516 -0.6849
vn -0.6978 0.1142 -0.7071
vn -0.5310 0.2918 -0.7955
vn -0.5464 0.1323 -0.8270
vn -0.3622 0.3207 -0.8751
vn -0.3754 0.1455 -0.9153
vn -0.1834 0.3381 -0.9230
vn -0.1910 0.1534 -0.9695
vn 0.0000 0.3439 -0.9390
vn 0.0000 0.1561 -0.9877
vn 0.1834 0.3381 -0.9230
vn 0.1910 0.1534 -0.9695
vn 0.3622 0.3207 -0.8751
vn 0.3754 0.1455 -0.9153
vn 0.5310 0.2918 -0.7955
vn 0.5464 0.1323 -0.8270
vn 0.6838 0.2516 -0.6849
vn 0.6978 0.1142 -0.7071
vn 0.8139 0.2006 -0.5452
vn 0.8236 0.0914 -0.5598
vn 0.9142 0.1404 -0.3803
vn 0.9185 0.0647 -0.3901
vn 0.9778 0.0730 -0.1964
vn 0.9783 0.0349 -0.2044
vn 1.0000 0.0017 -0.0022
vn 0.9999 0.0032 -0.0099
vn 0.9788 -0.0699 0.1923
vn 0.9822 -0.0288 0.1854
vn 0.9160 -0.1379 0.3768
vn 0.9257 -0.0598 0.3735
vn 0.8161 -0.1991 0.5426
vn 0.8328 -0.0882 0.5465
vn 0.6858 -0.2510 0.6831
vn 0.7075 -0.1128 0.6976
vn 0.5460 -0.2890 0.7863
vn 0.5682 -0.1312 0.8123
vn 0.4166 -0.3137 0.8532
vn 0.4363 -0.1432 0.8883
vn 0.2745 -0.3319 0.9025
vn 0.1273 -0.3423 0.9309
vn 0.1345 -0.1573 0.9783
vn 0.2893 -0.1523 0.9450
vn 0.1769 -0.1344 0.9750
vn -0.0037 -0.1364 0.9906
vn -0.0113 -0.3245 0.9458
vn 0.1415 -0.3211 0.9364
vn 0.2866 -0.1313 0.9490
vn 0.2744 -0.3115 0.9097
vn 0.5515 -0.1148 0.8262
vn 0.3916 -0.1249 0.9116
vn 0.4057 -0.2965 0.8646
vn 0.5434 -0.2732 0.7937
vn 0.6995 -0.0997 0.7076
vn 0.6856 -0.2378 0.6880
vn 0.8250 -0.0799 0.5595
vn 0.8150 -0.1901 0.5473
vn 0.9194 -0.0568 0.3892
vn 0.9145 -0.1338 0.3818
vn 0.9786 -0.0312 0.2031
vn 0.9777 -0.0709 0.1978
vn 0.9999 -0.0041 0.0085
vn 1.0000 -0.0042 0.0035
vn 0.9821 0.0233 -0.1868
vn 0.9796 0.0628 -0.1911
vn 0.9257 0.0498 -0.3749
vn 0.9178 0.1268 -0.3763
vn 0.8331 0.0742 -0.5481
vn 0.8190 0.1845 -0.5433
vn 0.7081 0.0954 -0.6996
vn 0.6894 0.2337 -0.6856
vn 0.5560 0.1126 -0.8235
vn 0.5362 0.2729 -0.7987
vn 0.3826 0.1253 -0.9153
vn 0.3663 0.3011 -0.8804
vn 0.1950 0.1331 -0.9717
vn 0.1857 0.3181 -0.9297
vn 0.0000 0.1357 -0.9907
vn 0.0000 0.3238 -0.9461
vn -0.1950 0.1331 -0.9717
vn -0.1857 0.3181 -0.9297
vn -0.3826 0.1253 -0.9153
vn -0.3663 0.3011 -0.8804
vn -0.5560 0.1126 -0.8235
vn -0.5362 0.2729 -0.7987
vn -0.7081 0.0954 -0.6996
vn -0.6894 0.2337 -0.6856
vn -0.8331 0.0742 -0.5481
vn -0.8190 0.1845 -0.5433
vn -0.9257 0.0498 -0.3749
vn -0.9178 0.1268 -0.3763
vn -0.9821 0.0233 -0.1868
vn -0.9796 0.0628 -0.1911
vn -0.9999 -0.0041 0.0085
vn -1.0000 -0.0042 0.0035
vn -0.9786 -0.0312 0.2031
vn -0.9777 -0.0709 0.1978
vn -0.9194 -0.0568 0.3892
vn -0.9145 -0.1338 0.3818
vn -0.8250 -0.0799 0.5595
vn -0.8150 -0.1901 0.5473
vn -0.6995 -0.0997 0.7076
vn -0.6856 -0.2378 0.6880
vn -0.5481 -0.1156 0.8284
vn -0.5330 -0.2756 0.7999
vn -0.3768 -0.1271 0.9175
vn -0.3640 -0.3027 0.8808
vn -0.1918 -0.1342 0.9722
vn -0.1845 -0.3191 0.9296
vn 0.4177 0.3008 0.8573
vn 0.2752 0.3182 0.9072
vn 0.2802 0.2409 0.9292
vn 0.4129 0.2289 0.8815
vn -0.0157 0.3309 0.9435
vn -0.1845 0.3253 0.9274
vn -0.1884 0.2469 0.9505
vn -0.0116 0.2514 0.9678
vn -0.3642 0.3083 0.8788
vn -0.3708 0.2339 0.8987
vn -0.5335 0.2800 0.7981
vn -0.5412 0.2123 0.8136
vn -0.6864 0.2409 0.6862
vn -0.6933 0.1827 0.6971
vn -0.8161 0.1915 0.5453
vn -0.8207 0.1457 0.5524
vn -0.9155 0.1334 0.3794
vn -0.9175 0.1024 0.3842
vn -0.9784 0.0688 0.1950
vn -0.9785 0.0544 0.1990
vn -1.0000 0.0006 0.0007
vn -1.0000 0.0038 0.0045
vn -0.9787 -0.0676 -0.1938
vn -0.9806 -0.0471 -0.1904
vn -0.9161 -0.1325 -0.3784
vn -0.9213 -0.0960 -0.3769
vn -0.8167 -0.1909 -0.5445
vn -0.8254 -0.1405 -0.5468
vn -0.6870 -0.2405 -0.6857
vn -0.6980 -0.1789 -0.6933
vn -0.5340 -0.2799 -0.7978
vn -0.5453 -0.2099 -0.8115
vn -0.3645 -0.3084 -0.8786
vn -0.3738 -0.2325 -0.8979
vn -0.1848 -0.3255 -0.9273
vn -0.1899 -0.2463 -0.9504
vn 0.0000 -0.3312 -0.9435
vn 0.0000 -0.2509 -0.9680
vn 0.1848 -0.3255 -0.9273
vn 0.1899 -0.2463 -0.9504
vn 0.3645 -0.3084 -0.8786
vn 0.3738 -0.2325 -0.8979
vn 0.5340 -0.2799 -0.7978
vn 0.5453 -0.2099 -0.8115
vn 0.6870 -0.2405 -0.6857
vn 0.6980 -0.1789 -0.6933
vn 0.8167 -0.1909 -0.5445
vn 0.8254 -0.1405 -0.5468
vn 0.9161 -0.1325 -0.3784
vn 0.9213 -0.0960 -0.3769
vn 0.9787 -0.0676 -0.1938
vn 0.9806 -0.0471 -0.1904
vn 1.0000 0.0006 0.0007
vn 1.0000 0.0038 0.0045
vn 0.9784 0.0688 0.1950
vn 0.9785 0.0544 0.1990
vn 0.9155 0.1334 0.3794
vn 0.9175 0.1024 0.3842
vn 0.8161 0.1915 0.5453
vn 0.8207 0.1457 0.5524
vn 0.6864 0.2409 0.6862
vn 0.6933 0.1827 0.6971
vn 0.5471 0.2772 0.7898
vn 0.5517 0.2104 0.8071
vn 0.1277 0.3283 0.9359
vn 0.1446 0.2488 0.9577
vn 0.1342 0.1731 0.9757
vn -0.0165 0.1748 0.9844
vn 0.2888 0.1677 0.9426
vn 0.5675 0.1447 0.8105
vn 0.4356 0.1578 0.8862
vn 0.7070 0.1245 0.6962
vn 0.8325 0.0973 0.5454
vn 0.9257 0.0659 0.3725
vn 0.9823 0.0316 0.1845
vn 0.9999 -0.0039 -0.0108
vn 0.9779 -0.0390 -0.2052
vn 0.9177 -0.0719 -0.3907
vn 0.8224 -0.1013 -0.5599
vn 0.6963 -0.1261 -0.7065
vn 0.5450 -0.1458 -0.8256
vn 0.3742 -0.1601 -0.9134
vn 0.1904 -0.1686 -0.9671
vn 0.0000 -0.1715 -0.9852
vn -0.1904 -0.1686 -0.9671
vn -0.3742 -0.1601 -0.9134
vn -0.5450 -0.1458 -0.8256
vn -0.6963 -0.1261 -0.7065
vn -0.8224 -0.1013 -0.5599
vn -0.9177 -0.0719 -0.3907
vn -0.9779 -0.0390 -0.2052
vn -0.9999 -0.0039 -0.0108
vn -0.9823 0.0316 0.1845
vn -0.9257 0.0659 0.3725
vn -0.8325 0.0973 0.5454
vn -0.7070 0.1244 0.6962
vn -0.5545 0.1463 0.8192
vn -0.3814 0.1622 0.9101
vn -0.1942 0.1719 0.9658
vn 0.0175 -0.9990 0.0415
vn 0.0309 -0.9943 0.1021
vn 0.0085 -0.9990 0.0442
vn -0.0005 -0.9990 0.0451
vn 0.0255 -0.9990 0.0372
vn 0.0327 -0.9990 0.0314
vn 0.0387 -0.9989 0.0244
vn 0.0432 -0.9989 0.0163
vn 0.0462 -0.9989 0.0074
vn 0.0473 -0.9989 -0.0018
vn 0.0467 -0.9988 -0.0111
vn 0.0442 -0.9988 -0.0202
vn 0.0400 -0.9988 -0.0288
vn 0.0341 -0.9987 -0.0364
vn 0.0268 -0.9987 -0.0427
vn 0.0183 -0.9987 -0.0474
vn 0.0092 -0.9987 -0.0504
vn -0.0005 -0.9987 -0.0514
vn -0.0103 -0.9987 -0.0505
vn -0.0196 -0.9987 -0.0477
vn -0.0281 -0.9987 -0.0431
vn -0.0356 -0.9987 -0.0368
vn -0.0417 -0.9987 -0.0291
vn -0.0460 -0.9987 -0.0206
vn -0.0485 -0.9987 -0.0114
vn -0.0493 -0.9988 -0.0018
vn -0.0480 -0.9988 0.0077
vn -0.0450 -0.9988 0.0166
vn -0.0404 -0.9989 0.0247
vn -0.0342 -0.9989 0.0319
vn -0.0268 -0.9989 0.0377
vn -0.0187 -0.9989 0.0418
vn -0.0098 -0.9990 0.0443
vn 0.0049 -0.9822 0.1876
vn -0.0347 -0.9821 0.1848
vn 0.1929 -0.1483 -0.9699
vn 0.0000 -0.1480 -0.9890
vn -0.0668 -0.9823 0.1751
vn 0.3784 -0.1488 -0.9136
vn -0.1053 -0.9821 0.1560
vn 0.5493 -0.1494 -0.8221
vn -0.1347 -0.9820 0.1324
vn 0.6991 -0.1502 -0.6991
vn -0.1583 -0.9818 0.1045
vn 0.8219 -0.1509 -0.5492
vn -0.1759 -0.9816 0.0738
vn 0.9132 -0.1518 -0.3782
vn -0.1866 -0.9816 0.0408
vn 0.9693 -0.1527 -0.1928
vn -0.1919 -0.9814 0.0017
vn 0.9881 -0.1536 0.0000
vn -0.1880 -0.9814 -0.0394
vn 0.9690 -0.1544 0.1928
vn -0.1784 -0.9811 -0.0746
vn 0.9127 -0.1551 0.3781
vn -0.1636 -0.9810 -0.1046
vn 0.8213 -0.1557 0.5488
vn -0.1411 -0.9809 -0.1336
vn 0.6984 -0.1562 0.6984
vn -0.1173 -0.9807 -0.1562
vn 0.5487 -0.1565 0.8212
vn -0.0808 -0.9810 -0.1764
vn 0.3779 -0.1567 0.9124
vn -0.0352 -0.9808 -0.1916
vn 0.1927 -0.1567 0.9687
vn 0.0023 -0.9809 -0.1945
vn 0.0000 -0.1565 0.9876
vn 0.0381 -0.9808 -0.1910
vn -0.1927 -0.1562 0.9687
vn 0.0732 -0.9810 -0.1795
vn -0.3780 -0.1557 0.9126
vn 0.1102 -0.9812 -0.1582
vn -0.5488 -0.1551 0.8214
vn 0.1416 -0.9811 -0.1317
vn -0.6986 -0.1544 0.6986
vn 0.1623 -0.9814 -0.1029
vn -0.8216 -0.1535 0.5490
vn 0.1766 -0.9815 -0.0740
vn -0.9130 -0.1527 0.3782
vn 0.1865 -0.9817 -0.0393
vn -0.9694 -0.1518 0.1928
vn 0.1895 -0.9819 0.0016
vn -0.9885 -0.1509 0.0000
vn 0.1847 -0.9819 0.0407
vn -0.9697 -0.1502 -0.1928
vn 0.1739 -0.9820 0.0736
vn -0.9135 -0.1494 -0.3783
vn 0.1562 -0.9822 0.1040
vn -0.8222 -0.1488 -0.5494
vn 0.1407 -0.9819 0.1266
vn -0.6993 -0.1483 -0.6993
vn 0.1105 -0.9825 0.1502
vn -0.5494 -0.1480 -0.8223
vn 0.0703 -0.9823 0.1733
vn -0.3785 -0.1478 -0.9137
vn 0.0259 -0.9919 0.1240
vn 0.0327 -0.9822 0.1849
vn -0.1929 -0.1478 -0.9700
vn -0.2871 -0.1472 -0.9465
usemtl None
s 1
f 3124/3039/43 3125/3040/44 2863/3041/45 2861/3042/46
f 3125/3040/44 3126/3043/47 2865/3044/48 2863/3041/45
f 3126/3043/47 3127/3045/49 2867/3046/50 2865/3044/48
f 3127/3045/49 3128/3047/51 2869/3048/52 2867/3046/50
f 3128/3047/51 3129/3049/53 2871/3050/54 2869/3048/52
f 3129/3049/53 3130/3051/55 2873/3052/56 2871/3050/54
f 3130/3051/55 3131/3053/57 2875/3054/58 2873/3052/56
f 3131/3053/57 3132/3055/59 2877/3056/60 2875/3054/58
f 3132/3055/59 3133/3057/61 2879/3058/62 2877/3056/60
f 3133/3057/61 3134/3059/63 2881/3060/64 2879/3058/62
f 3134/3059/63 3135/3061/65 2883/3062/66 2881/3060/64
f 3135/3061/65 3136/3063/67 2885/3064/68 2883/3062/66
f 3136/3063/67 3137/3065/69 2887/3066/70 2885/3064/68
f 3137/3065/69 3138/3067/71 2889/3068/72 2887/3066/70
f 3138/3067/71 3139/3069/73 2891/3070/74 2889/3068/72
f 3139/3069/73 3140/3071/75 2893/3072/76 2891/3070/74
f 3140/3071/75 3141/3073/77 2895/3074/78 2893/3072/76
f 3141/3073/77 3142/3075/79 2897/3076/80 2895/3074/78
f 3142/3075/79 3143/3077/81 2899/3078/82 2897/3076/80
f 3143/3077/81 3144/3079/83 2901/3080/84 2899/3078/82
f 3144/3079/83 3145/3081/85 2903/3082/86 2901/3080/84
f 3145/3081/85 3146/3083/87 2905/3084/88 2903/3082/86
f 3146/3083/87 3147/3085/89 2907/3086/90 2905/3084/88
f 3147/3085/89 3148/3087/91 2909/3088/92 2907/3086/90
f 3148/3087/91 3149/3089/93 2911/3090/94 2909/3088/92
f 3149/3089/93 3150/3091/95 2913/3092/96 2911/3090/94
f 3150/3091/95 3151/3093/97 2915/3094/98 2913/3092/96
f 3151/3093/97 3152/3095/99 2917/3096/100 2915/3094/98
f 3152/3095/99 3153/3097/101 2919/3098/102 2917/3096/100
f 3153/3097/101 3154/3099/103 2921/3100/104 2919/3098/102
f 2863/3101/45 2865/3102/48 2867/3103/50 2869/3104/52 2871/3105/54 2873/3106/56 2875/3107/58 2877/3108/60 2879/3109/62 2881/3110/64 2883/3111/66 2885/3112/68 2887/3113/70 2889/3114/72 2891/3115/74 2893/3116/76 2895/3117/78 2897/3118/80 2899/3119/82 2901/3120/84 2903/3121/86 2905/3122/88 2907/3123/90 2909/3124/92 2911/3125/94 2913/3126/96 2915/3127/98 2917/3128/100 2919/3129/102 2921/3130/104 3021/3131/105 2923/3132/106 2861/3133/46
f 3156/3134/107 3155/3135/108 2923/3136/106 3021/3137/105
f 3155/3135/108 3124/3138/43 2861/3139/46 2923/3136/106
f 2860/3140/109 2922/3141/110 3020/3142/111 2920/3143/112 2918/3144/113 2916/3145/114 2914/3146/115 2912/3147/116 2910/3148/117 2908/3149/118 2906/3150/119 2904/3151/120 2902/3152/121 2900/3153/122 2898/3154/123 2896/3155/124 2894/3156/125 2892/3157/126 2890/3158/127 2888/3159/128 2886/3160/129 2884/3161/130 2882/3162/131 2880/3163/132 2878/3164/133 2876/3165/134 2874/3166/135 2872/3167/136 2870/3168/137 2868/3169/138 2866/3170/139 2864/3171/140 2862/3172/141
f 3188/3173/142 3157/3174/143 2924/3175/144 2955/3176/145
f 3189/3177/146 3188/3173/142 2955/3176/145 3022/3178/147
f 3186/3179/148 3187/3180/149 2954/3181/150 2953/3182/151
f 3185/3183/152 3186/3179/148 2953/3182/151 2952/3184/153
f 3184/3185/154 3185/3183/152 2952/3184/153 2951/3186/155
f 3183/3187/156 3184/3185/154 2951/3186/155 2950/3188/157
f 3182/3189/158 3183/3187/156 2950/3188/157 2949/3190/159
f 3181/3191/160 3182/3189/158 2949/3190/159 2948/3192/161
f 3180/3193/162 3181/3191/160 2948/3192/161 2947/3194/163
f 3179/3195/164 3180/3193/162 2947/3194/163 2946/3196/165
f 3178/3197/166 3179/3195/164 2946/3196/165 2945/3198/167
f 3177/3199/168 3178/3197/166 2945/3198/167 2944/3200/169
f 3176/3201/170 3177/3199/168 2944/3200/169 2943/3202/171
f 3175/3203/172 3176/3201/170 2943/3202/171 2942/3204/173
f 3174/3205/174 3175/3203/172 2942/3204/173 2941/3206/175
f 3173/3207/176 3174/3205/174 2941/3206/175 2940/3208/177
f 3172/3209/178 3173/3207/176 2940/3208/177 2939/3210/179
f 3171/3211/180 3172/3209/178 2939/3210/179 2938/3212/181
f 3170/3213/182 3171/3211/180 2938/3212/181 2937/3214/183
f 3169/3215/184 3170/3213/182 2937/3214/183 2936/3216/185
f 3168/3217/186 3169/3215/184 2936/3216/185 2935/3218/187
f 3167/3219/188 3168/3217/186 2935/3218/187 2934/3220/189
f 3166/3221/190 3167/3219/188 2934/3220/189 2933/3222/191
f 3165/3223/192 3166/3221/190 2933/3222/191 2932/3224/193
f 3164/3225/194 3165/3223/192 2932/3224/193 2931/3226/195
f 3163/3227/196 3164/3225/194 2931/3226/195 2930/3228/197
f 3162/3229/198 3163/3227/196 2930/3228/197 2929/3230/199
f 3161/3231/200 3162/3229/198 2929/3230/199 2928/3232/201
f 3160/3233/202 3161/3231/200 2928/3232/201 2927/3234/203
f 3159/3235/204 3160/3233/202 2927/3234/203 2926/3236/205
f 3158/3237/206 3159/3235/204 2926/3236/205 2925/3238/207
f 3157/3239/143 3158/3237/206 2925/3238/207 2924/3240/144
f 3289/3241/208 3290/3242/209 2956/3243/210 2987/3244/211
f 3290/3242/209 3291/3245/212 2957/3246/213 2956/3243/210
f 3291/3245/212 3292/3247/214 2958/3248/215 2957/3246/213
f 3292/3247/214 3293/3249/216 2959/3250/217 2958/3248/215
f 3293/3249/216 3294/3251/218 2960/3252/219 2959/3250/217
f 3294/3251/218 3295/3253/220 2961/3254/221 2960/3252/219
f 3295/3253/220 3296/3255/222 2962/3256/223 2961/3254/221
f 3296/3255/222 3297/3257/224 2963/3258/225 2962/3256/223
f 3297/3257/224 3298/3259/226 2964/3260/227 2963/3258/225
f 3298/3259/226 3299/3261/228 2965/3262/229 2964/3260/227
f 3299/3261/228 3300/3263/230 2966/3264/231 2965/3262/229
f 3300/3263/230 3301/3265/232 2967/3266/233 2966/3264/231
f 3301/3265/232 3302/3267/234 2968/3268/235 2967/3266/233
f 3302/3267/234 3303/3269/236 2969/3270/237 2968/3268/235
f 3303/3269/236 3304/3271/238 2970/3272/239 2969/3270/237
f 3304/3271/238 3305/3273/240 2971/3274/241 2970/3272/239
f 3305/3273/240 3306/3275/242 2972/3276/243 2971/3274/241
f 3306/3275/242 3307/3277/244 2973/3278/245 2972/3276/243
f 3307/3277/244 3308/3279/246 2974/3280/247 2973/3278/245
f 3308/3279/246 3309/3281/248 2975/3282/249 2974/3280/247
f 3309/3281/248 3310/3283/250 2976/3284/251 2975/3282/249
f 3310/3283/250 3311/3285/252 2977/3286/253 2976/3284/251
f 3311/3285/252 3312/3287/254 2978/3288/255 2977/3286/253
f 3312/3287/254 3313/3289/256 2979/3290/257 2978/3288/255
f 3313/3289/256 3314/3291/258 2980/3292/259 2979/3290/257
f 3314/3291/258 3315/3293/260 2981/3294/261 2980/3292/259
f 3315/3293/260 3316/3295/262 2982/3296/263 2981/3294/261
f 3316/3295/262 3317/3297/264 2983/3298/265 2982/3296/263
f 3317/3297/264 3318/3299/266 2984/3300/267 2983/3298/265
f 3318/3299/266 3319/3301/268 2985/3302/269 2984/3300/267
f 3321/3303/270 3320/3304/271 2986/3305/272 3023/3306/273
f 3320/3304/271 3289/3307/208 2987/3308/211 2986/3305/272
f 3055/3309/274 3056/3310/275 3019/3311/276 3018/3312/277
f 3057/3313/278 3055/3309/274 3018/3312/277 3024/3314/279
f 3053/3315/280 3054/3316/281 3017/3317/282 3016/3318/283
f 3052/3319/284 3053/3315/280 3016/3318/283 3015/3320/285
f 3051/3321/286 3052/3319/284 3015/3320/285 3014/3322/287
f 3050/3323/288 3051/3321/286 3014/3322/287 3013/3324/289
f 3049/3325/290 3050/3323/288 3013/3324/289 3012/3326/291
f 3048/3327/292 3049/3325/290 3012/3326/291 3011/3328/293
f 3047/3329/294 3048/3327/292 3011/3328/293 3010/3330/295
f 3046/3331/296 3047/3329/294 3010/3330/295 3009/3332/297
f 3045/3333/298 3046/3331/296 3009/3332/297 3008/3334/299
f 3044/3335/300 3045/3333/298 3008/3334/299 3007/3336/301
f 3043/3337/302 3044/3335/300 3007/3336/301 3006/3338/303
f 3042/3339/304 3043/3337/302 3006/3338/303 3005/3340/305
f 3041/3341/306 3042/3339/304 3005/3340/305 3004/3342/307
f 3040/3343/308 3041/3341/306 3004/3342/307 3003/3344/309
f 3039/3345/310 3040/3343/308 3003/3344/309 3002/3346/311
f 3038/3347/312 3039/3345/310 3002/3346/311 3001/3348/313
f 3037/3349/314 3038/3347/312 3001/3348/313 3000/3350/315
f 3036/3351/316 3037/3349/314 3000/3350/315 2999/3352/317
f 3035/3353/318 3036/3351/316 2999/3352/317 2998/3354/319
f 3034/3355/320 3035/3353/318 2998/3354/319 2997/3356/321
f 3033/3357/322 3034/3355/320 2997/3356/321 2996/3358/323
f 3032/3359/324 3033/3357/322 2996/3358/323 2995/3360/325
f 3031/3361/326 3032/3359/324 2995/3360/325 2994/3362/327
f 3030/3363/328 3031/3361/326 2994/3362/327 2993/3364/329
f 3029/3365/330 3030/3363/328 2993/3364/329 2992/3366/331
f 3028/3367/332 3029/3365/330 2992/3366/331 2991/3368/333
f 3027/3369/334 3028/3367/332 2991/3368/333 2990/3370/335
f 3026/3371/336 3027/3369/334 2990/3370/335 2989/3372/337
f 3025/3373/338 3026/3371/336 2989/3372/337 2988/3374/339
f 3056/3375/275 3025/3373/338 2988/3374/339 3019/3376/276
f 3054/3316/281 3057/3313/278 3024/3314/279 3017/3317/282
f 3319/3301/268 3321/3303/270 3023/3306/273 2985/3302/269
f 3187/3180/149 3189/3177/146 3022/3178/147 2954/3181/150
f 3154/3099/103 3156/3134/107 3021/3137/105 2921/3100/104
f 2920/3377/112 3020/3378/111 3057/3313/278 3054/3316/281
f 2860/3379/109 2862/3380/141 3025/3373/338 3056/3375/275
f 2862/3380/141 2864/3381/140 3026/3371/336 3025/3373/338
f 2864/3381/140 2866/3382/139 3027/3369/334 3026/3371/336
f 2866/3382/139 2868/3383/138 3028/3367/332 3027/3369/334
f 2868/3383/138 2870/3384/137 3029/3365/330 3028/3367/332
f 2870/3384/137 2872/3385/136 3030/3363/328 3029/3365/330
f 2872/3385/136 2874/3386/135 3031/3361/326 3030/3363/328
f 2874/3386/135 2876/3387/134 3032/3359/324 3031/3361/326
f 2876/3387/134 2878/3388/133 3033/3357/322 3032/3359/324
f 2878/3388/133 2880/3389/132 3034/3355/320 3033/3357/322
f 2880/3389/132 2882/3390/131 3035/3353/318 3034/3355/320
f 2882/3390/131 2884/3391/130 3036/3351/316 3035/3353/318
f 2884/3391/130 2886/3392/129 3037/3349/314 3036/3351/316
f 2886/3392/129 2888/3393/128 3038/3347/312 3037/3349/314
f 2888/3393/128 2890/3394/127 3039/3345/310 3038/3347/312
f 2890/3394/127 2892/3395/126 3040/3343/308 3039/3345/310
f 2892/3395/126 2894/3396/125 3041/3341/306 3040/3343/308
f 2894/3396/125 2896/3397/124 3042/3339/304 3041/3341/306
f 2896/3397/124 2898/3398/123 3043/3337/302 3042/3339/304
f 2898/3398/123 2900/3399/122 3044/3335/300 3043/3337/302
f 2900/3399/122 2902/3400/121 3045/3333/298 3044/3335/300
f 2902/3400/121 2904/3401/120 3046/3331/296 3045/3333/298
f 2904/3401/120 2906/3402/119 3047/3329/294 3046/3331/296
f 2906/3402/119 2908/3403/118 3048/3327/292 3047/3329/294
f 2908/3403/118 2910/3404/117 3049/3325/290 3048/3327/292
f 2910/3404/117 2912/3405/116 3050/3323/288 3049/3325/290
f 2912/3405/116 2914/3406/115 3051/3321/286 3050/3323/288
f 2914/3406/115 2916/3407/114 3052/3319/284 3051/3321/286
f 2916/3407/114 2918/3408/113 3053/3315/280 3052/3319/284
f 2918/3408/113 2920/3377/112 3054/3316/281 3053/3315/280
f 3020/3378/111 2922/3409/110 3055/3309/274 3057/3313/278
f 2922/3409/110 2860/3410/109 3056/3310/275 3055/3309/274
f 3120/3411/340 3122/3412/341 3090/3413/342 3088/3414/343
f 3123/3415/344 3091/3416/345 3059/3417/346 3058/3418/347
f 3091/3416/345 3092/3419/348 3060/3420/349 3059/3417/346
f 3092/3419/348 3093/3421/350 3061/3422/351 3060/3420/349
f 3093/3421/350 3094/3423/352 3062/3424/353 3061/3422/351
f 3094/3423/352 3095/3425/354 3063/3426/355 3062/3424/353
f 3095/3425/354 3096/3427/356 3064/3428/357 3063/3426/355
f 3096/3427/356 3097/3429/358 3065/3430/359 3064/3428/357
f 3097/3429/358 3098/3431/360 3066/3432/361 3065/3430/359
f 3098/3431/360 3099/3433/362 3067/3434/363 3066/3432/361
f 3099/3433/362 3100/3435/364 3068/3436/365 3067/3434/363
f 3100/3435/364 3101/3437/366 3069/3438/367 3068/3436/365
f 3101/3437/366 3102/3439/368 3070/3440/369 3069/3438/367
f 3102/3439/368 3103/3441/370 3071/3442/371 3070/3440/369
f 3103/3441/370 3104/3443/372 3072/3444/373 3071/3442/371
f 3104/3443/372 3105/3445/374 3073/3446/375 3072/3444/373
f 3105/3445/374 3106/3447/376 3074/3448/377 3073/3446/375
f 3106/3447/376 3107/3449/378 3075/3450/379 3074/3448/377
f 3107/3449/378 3108/3451/380 3076/3452/381 3075/3450/379
f 3108/3451/380 3109/3453/382 3077/3454/383 3076/3452/381
f 3109/3453/382 3110/3455/384 3078/3456/385 3077/3454/383
f 3110/3455/384 3111/3457/386 3079/3458/387 3078/3456/385
f 3111/3457/386 3112/3459/388 3080/3460/389 3079/3458/387
f 3112/3459/388 3113/3461/390 3081/3462/391 3080/3460/389
f 3113/3461/390 3114/3463/392 3082/3464/393 3081/3462/391
f 3114/3463/392 3115/3465/394 3083/3466/395 3082/3464/393
f 3115/3465/394 3116/3467/396 3084/3468/397 3083/3466/395
f 3116/3467/396 3117/3469/398 3085/3470/399 3084/3468/397
f 3117/3469/398 3118/3471/400 3086/3472/401 3085/3470/399
f 3118/3471/400 3119/3473/402 3087/3474/403 3086/3472/401
f 3119/3473/402 3120/3411/340 3088/3414/343 3087/3474/403
f 3122/3412/341 3121/3475/404 3089/3476/405 3090/3413/342
f 3121/3475/404 3123/3477/344 3058/3478/347 3089/3476/405
f 3352/3479/406 3354/3480/407 3123/3477/344 3121/3475/404
f 3353/3481/408 3352/3479/406 3121/3475/404 3122/3412/341
f 3350/3482/409 3351/3483/410 3120/3411/340 3119/3473/402
f 3349/3484/411 3350/3482/409 3119/3473/402 3118/3471/400
f 3348/3485/412 3349/3484/411 3118/3471/400 3117/3469/398
f 3347/3486/413 3348/3485/412 3117/3469/398 3116/3467/396
f 3346/3487/414 3347/3486/413 3116/3467/396 3115/3465/394
f 3345/3488/415 3346/3487/414 3115/3465/394 3114/3463/392
f 3344/3489/416 3345/3488/415 3114/3463/392 3113/3461/390
f 3343/3490/417 3344/3489/416 3113/3461/390 3112/3459/388
f 3342/3491/418 3343/3490/417 3112/3459/388 3111/3457/386
f 3341/3492/419 3342/3491/418 3111/3457/386 3110/3455/384
f 3340/3493/420 3341/3492/419 3110/3455/384 3109/3453/382
f 3339/3494/421 3340/3493/420 3109/3453/382 3108/3451/380
f 3338/3495/422 3339/3494/421 3108/3451/380 3107/3449/378
f 3337/3496/423 3338/3495/422 3107/3449/378 3106/3447/376
f 3336/3497/424 3337/3496/423 3106/3447/376 3105/3445/374
f 3335/3498/425 3336/3497/424 3105/3445/374 3104/3443/372
f 3334/3499/426 3335/3498/425 3104/3443/372 3103/3441/370
f 3333/3500/427 3334/3499/426 3103/3441/370 3102/3439/368
f 3332/3501/428 3333/3500/427 3102/3439/368 3101/3437/366
f 3331/3502/429 3332/3501/428 3101/3437/366 3100/3435/364
f 3330/3503/430 3331/3502/429 3100/3435/364 3099/3433/362
f 3329/3504/431 3330/3503/430 3099/3433/362 3098/3431/360
f 3328/3505/432 3329/3504/431 3098/3431/360 3097/3429/358
f 3327/3506/433 3328/3505/432 3097/3429/358 3096/3427/356
f 3326/3507/434 3327/3506/433 3096/3427/356 3095/3425/354
f 3325/3508/435 3326/3507/434 3095/3425/354 3094/3423/352
f 3324/3509/436 3325/3508/435 3094/3423/352 3093/3421/350
f 3323/3510/437 3324/3509/436 3093/3421/350 3092/3419/348
f 3322/3511/438 3323/3510/437 3092/3419/348 3091/3416/345
f 3354/3512/407 3322/3511/438 3091/3416/345 3123/3415/344
f 3351/3483/410 3353/3481/408 3122/3412/341 3120/3411/340
f 3286/3513/439 3288/3514/440 3156/3134/107 3154/3099/103
f 3287/3515/441 3256/3516/442 3124/3138/43 3155/3135/108
f 3288/3514/440 3287/3515/441 3155/3135/108 3156/3134/107
f 3285/3517/443 3286/3513/439 3154/3099/103 3153/3097/101
f 3284/3518/444 3285/3517/443 3153/3097/101 3152/3095/99
f 3283/3519/445 3284/3518/444 3152/3095/99 3151/3093/97
f 3282/3520/446 3283/3519/445 3151/3093/97 3150/3091/95
f 3281/3521/447 3282/3520/446 3150/3091/95 3149/3089/93
f 3280/3522/448 3281/3521/447 3149/3089/93 3148/3087/91
f 3279/3523/449 3280/3522/448 3148/3087/91 3147/3085/89
f 3278/3524/450 3279/3523/449 3147/3085/89 3146/3083/87
f 3277/3525/451 3278/3524/450 3146/3083/87 3145/3081/85
f 3276/3526/452 3277/3525/451 3145/3081/85 3144/3079/83
f 3275/3527/453 3276/3526/452 3144/3079/83 3143/3077/81
f 3274/3528/454 3275/3527/453 3143/3077/81 3142/3075/79
f 3273/3529/455 3274/3528/454 3142/3075/79 3141/3073/77
f 3272/3530/456 3273/3529/455 3141/3073/77 3140/3071/75
f 3271/3531/457 3272/3530/456 3140/3071/75 3139/3069/73
f 3270/3532/458 3271/3531/457 3139/3069/73 3138/3067/71
f 3269/3533/459 3270/3532/458 3138/3067/71 3137/3065/69
f 3268/3534/460 3269/3533/459 3137/3065/69 3136/3063/67
f 3267/3535/461 3268/3534/460 3136/3063/67 3135/3061/65
f 3266/3536/462 3267/3535/461 3135/3061/65 3134/3059/63
f 3265/3537/463 3266/3536/462 3134/3059/63 3133/3057/61
f 3264/3538/464 3265/3537/463 3133/3057/61 3132/3055/59
f 3263/3539/465 3264/3538/464 3132/3055/59 3131/3053/57
f 3262/3540/466 3263/3539/465 3131/3053/57 3130/3051/55
f 3261/3541/467 3262/3540/466 3130/3051/55 3129/3049/53
f 3260/3542/468 3261/3541/467 3129/3049/53 3128/3047/51
f 3259/3543/469 3260/3542/468 3128/3047/51 3127/3045/49
f 3258/3544/470 3259/3543/469 3127/3045/49 3126/3043/47
f 3257/3545/471 3258/3544/470 3126/3043/47 3125/3040/44
f 3256/3546/442 3257/3545/471 3125/3040/44 3124/3039/43
f 3088/3414/343 3090/3413/342 3189/3177/146 3187/3180/149
f 3058/3418/347 3059/3417/346 3158/3237/206 3157/3239/143
f 3059/3417/346 3060/3420/349 3159/3235/204 3158/3237/206
f 3060/3420/349 3061/3422/351 3160/3233/202 3159/3235/204
f 3061/3422/351 3062/3424/353 3161/3231/200 3160/3233/202
f 3062/3424/353 3063/3426/355 3162/3229/198 3161/3231/200
f 3063/3426/355 3064/3428/357 3163/3227/196 3162/3229/198
f 3064/3428/357 3065/3430/359 3164/3225/194 3163/3227/196
f 3065/3430/359 3066/3432/361 3165/3223/192 3164/3225/194
f 3066/3432/361 3067/3434/363 3166/3221/190 3165/3223/192
f 3067/3434/363 3068/3436/365 3167/3219/188 3166/3221/190
f 3068/3436/365 3069/3438/367 3168/3217/186 3167/3219/188
f 3069/3438/367 3070/3440/369 3169/3215/184 3168/3217/186
f 3070/3440/369 3071/3442/371 3170/3213/182 3169/3215/184
f 3071/3442/371 3072/3444/373 3171/3211/180 3170/3213/182
f 3072/3444/373 3073/3446/375 3172/3209/178 3171/3211/180
f 3073/3446/375 3074/3448/377 3173/3207/176 3172/3209/178
f 3074/3448/377 3075/3450/379 3174/3205/174 3173/3207/176
f 3075/3450/379 3076/3452/381 3175/3203/172 3174/3205/174
f 3076/3452/381 3077/3454/383 3176/3201/170 3175/3203/172
f 3077/3454/383 3078/3456/385 3177/3199/168 3176/3201/170
f 3078/3456/385 3079/3458/387 3178/3197/166 3177/3199/168
f 3079/3458/387 3080/3460/389 3179/3195/164 3178/3197/166
f 3080/3460/389 3081/3462/391 3180/3193/162 3179/3195/164
f 3081/3462/391 3082/3464/393 3181/3191/160 3180/3193/162
f 3082/3464/393 3083/3466/395 3182/3189/158 3181/3191/160
f 3083/3466/395 3084/3468/397 3183/3187/156 3182/3189/158
f 3084/3468/397 3085/3470/399 3184/3185/154 3183/3187/156
f 3085/3470/399 3086/3472/401 3185/3183/152 3184/3185/154
f 3086/3472/401 3087/3474/403 3186/3179/148 3185/3183/152
f 3087/3474/403 3088/3414/343 3187/3180/149 3186/3179/148
f 3090/3413/342 3089/3476/405 3188/3173/142 3189/3177/146
f 3089/3476/405 3058/3478/347 3157/3174/143 3188/3173/142
f 3255/3547/472 3223/3548/473 3190/3549/474 3222/3550/475
f 3223/3548/473 3224/3551/476 3191/3552/477 3190/3549/474
f 3224/3551/476 3225/3553/478 3192/3554/479 3191/3552/477
f 3225/3553/478 3226/3555/480 3193/3556/481 3192/3554/479
f 3226/3555/480 3227/3557/482 3194/3558/483 3193/3556/481
f 3227/3557/482 3228/3559/484 3195/3560/485 3194/3558/483
f 3228/3559/484 3229/3561/486 3196/3562/487 3195/3560/485
f 3229/3561/486 3230/3563/488 3197/3564/489 3196/3562/487
f 3230/3563/488 3231/3565/490 3198/3566/491 3197/3564/489
f 3231/3565/490 3232/3567/492 3199/3568/493 3198/3566/491
f 3232/3567/492 3233/3569/494 3200/3570/495 3199/3568/493
f 3233/3569/494 3234/3571/496 3201/3572/497 3200/3570/495
f 3234/3571/496 3235/3573/498 3202/3574/499 3201/3572/497
f 3235/3573/498 3236/3575/500 3203/3576/501 3202/3574/499
f 3236/3575/500 3237/3577/502 3204/3578/503 3203/3576/501
f 3237/3577/502 3238/3579/504 3205/3580/505 3204/3578/503
f 3238/3579/504 3239/3581/506 3206/3582/507 3205/3580/505
f 3239/3581/506 3240/3583/508 3207/3584/509 3206/3582/507
f 3240/3583/508 3241/3585/510 3208/3586/511 3207/3584/509
f 3241/3585/510 3242/3587/512 3209/3588/513 3208/3586/511
f 3242/3587/512 3243/3589/514 3210/3590/515 3209/3588/513
f 3243/3589/514 3244/3591/516 3211/3592/517 3210/3590/515
f 3244/3591/516 3245/3593/518 3212/3594/519 3211/3592/517
f 3245/3593/518 3246/3595/520 3213/3596/521 3212/3594/519
f 3246/3595/520 3247/3597/522 3214/3598/523 3213/3596/521
f 3247/3597/522 3248/3599/524 3215/3600/525 3214/3598/523
f 3248/3599/524 3249/3601/526 3216/3602/527 3215/3600/525
f 3249/3601/526 3250/3603/528 3217/3604/529 3216/3602/527
f 3250/3603/528 3251/3605/530 3218/3606/531 3217/3604/529
f 3251/3605/530 3252/3607/532 3219/3608/533 3218/3606/531
f 3254/3609/534 3253/3610/535 3220/3611/536 3221/3612/537
f 3253/3610/535 3255/3613/472 3222/3614/475 3220/3611/536
f 3252/3607/532 3254/3609/534 3221/3612/537 3219/3608/533
f 2954/3181/150 3022/3178/147 3254/3609/534 3252/3607/532
f 2955/3176/145 2924/3175/144 3255/3613/472 3253/3610/535
f 3022/3178/147 2955/3176/145 3253/3610/535 3254/3609/534
f 2953/3182/151 2954/3181/150 3252/3607/532 3251/3605/530
f 2952/3184/153 2953/3182/151 3251/3605/530 3250/3603/528
f 2951/3186/155 2952/3184/153 3250/3603/528 3249/3601/526
f 2950/3188/157 2951/3186/155 3249/3601/526 3248/3599/524
f 2949/3190/159 2950/3188/157 3248/3599/524 3247/3597/522
f 2948/3192/161 2949/3190/159 3247/3597/522 3246/3595/520
f 2947/3194/163 2948/3192/161 3246/3595/520 3245/3593/518
f 2946/3196/165 2947/3194/163 3245/3593/518 3244/3591/516
f 2945/3198/167 2946/3196/165 3244/3591/516 3243/3589/514
f 2944/3200/169 2945/3198/167 3243/3589/514 3242/3587/512
f 2943/3202/171 2944/3200/169 3242/3587/512 3241/3585/510
f 2942/3204/173 2943/3202/171 3241/3585/510 3240/3583/508
f 2941/3206/175 2942/3204/173 3240/3583/508 3239/3581/506
f 2940/3208/177 2941/3206/175 3239/3581/506 3238/3579/504
f 2939/3210/179 2940/3208/177 3238/3579/504 3237/3577/502
f 2938/3212/181 2939/3210/179 3237/3577/502 3236/3575/500
f 2937/3214/183 2938/3212/181 3236/3575/500 3235/3573/498
f 2936/3216/185 2937/3214/183 3235/3573/498 3234/3571/496
f 2935/3218/187 2936/3216/185 3234/3571/496 3233/3569/494
f 2934/3220/189 2935/3218/187 3233/3569/494 3232/3567/492
f 2933/3222/191 2934/3220/189 3232/3567/492 3231/3565/490
f 2932/3224/193 2933/3222/191 3231/3565/490 3230/3563/488
f 2931/3226/195 2932/3224/193 3230/3563/488 3229/3561/486
f 2930/3228/197 2931/3226/195 3229/3561/486 3228/3559/484
f 2929/3230/199 2930/3228/197 3228/3559/484 3227/3557/482
f 2928/3232/201 2929/3230/199 3227/3557/482 3226/3555/480
f 2927/3234/203 2928/3232/201 3226/3555/480 3225/3553/478
f 2926/3236/205 2927/3234/203 3225/3553/478 3224/3551/476
f 2925/3238/207 2926/3236/205 3224/3551/476 3223/3548/473
f 2924/3240/144 2925/3238/207 3223/3548/473 3255/3547/472
f 3222/3550/475 3190/3549/474 3257/3545/471 3256/3546/442
f 3190/3549/474 3191/3552/477 3258/3544/470 3257/3545/471
f 3191/3552/477 3192/3554/479 3259/3543/469 3258/3544/470
f 3192/3554/479 3193/3556/481 3260/3542/468 3259/3543/469
f 3193/3556/481 3194/3558/483 3261/3541/467 3260/3542/468
f 3194/3558/483 3195/3560/485 3262/3540/466 3261/3541/467
f 3195/3560/485 3196/3562/487 3263/3539/465 3262/3540/466
f 3196/3562/487 3197/3564/489 3264/3538/464 3263/3539/465
f 3197/3564/489 3198/3566/491 3265/3537/463 3264/3538/464
f 3198/3566/491 3199/3568/493 3266/3536/462 3265/3537/463
f 3199/3568/493 3200/3570/495 3267/3535/461 3266/3536/462
f 3200/3570/495 3201/3572/497 3268/3534/460 3267/3535/461
f 3201/3572/497 3202/3574/499 3269/3533/459 3268/3534/460
f 3202/3574/499 3203/3576/501 3270/3532/458 3269/3533/459
f 3203/3576/501 3204/3578/503 3271/3531/457 3270/3532/458
f 3204/3578/503 3205/3580/505 3272/3530/456 3271/3531/457
f 3205/3580/505 3206/3582/507 3273/3529/455 3272/3530/456
f 3206/3582/507 3207/3584/509 3274/3528/454 3273/3529/455
f 3207/3584/509 3208/3586/511 3275/3527/453 3274/3528/454
f 3208/3586/511 3209/3588/513 3276/3526/452 3275/3527/453
f 3209/3588/513 3210/3590/515 3277/3525/451 3276/3526/452
f 3210/3590/515 3211/3592/517 3278/3524/450 3277/3525/451
f 3211/3592/517 3212/3594/519 3279/3523/449 3278/3524/450
f 3212/3594/519 3213/3596/521 3280/3522/448 3279/3523/449
f 3213/3596/521 3214/3598/523 3281/3521/447 3280/3522/448
f 3214/3598/523 3215/3600/525 3282/3520/446 3281/3521/447
f 3215/3600/525 3216/3602/527 3283/3519/445 3282/3520/446
f 3216/3602/527 3217/3604/529 3284/3518/444 3283/3519/445
f 3217/3604/529 3218/3606/531 3285/3517/443 3284/3518/444
f 3218/3606/531 3219/3608/533 3286/3513/439 3285/3517/443
f 3221/3612/537 3220/3611/536 3287/3515/441 3288/3514/440
f 3220/3611/536 3222/3614/475 3256/3516/442 3287/3515/441
f 3219/3608/533 3221/3612/537 3288/3514/440 3286/3513/439
f 3017/3317/282 3024/3314/279 3321/3303/270 3319/3301/268
f 3018/3312/277 3019/3311/276 3289/3307/208 3320/3304/271
f 3024/3314/279 3018/3312/277 3320/3304/271 3321/3303/270
f 3016/3318/283 3017/3317/282 3319/3301/268 3318/3299/266
f 3015/3320/285 3016/3318/283 3318/3299/266 3317/3297/264
f 3014/3322/287 3015/3320/285 3317/3297/264 3316/3295/262
f 3013/3324/289 3014/3322/287 3316/3295/262 3315/3293/260
f 3012/3326/291 3013/3324/289 3315/3293/260 3314/3291/258
f 3011/3328/293 3012/3326/291 3314/3291/258 3313/3289/256
f 3010/3330/295 3011/3328/293 3313/3289/256 3312/3287/254
f 3009/3332/297 3010/3330/295 3312/3287/254 3311/3285/252
f 3008/3334/299 3009/3332/297 3311/3285/252 3310/3283/250
f 3007/3336/301 3008/3334/299 3310/3283/250 3309/3281/248
f 3006/3338/303 3007/3336/301 3309/3281/248 3308/3279/246
f 3005/3340/305 3006/3338/303 3308/3279/246 3307/3277/244
f 3004/3342/307 3005/3340/305 3307/3277/244 3306/3275/242
f 3003/3344/309 3004/3342/307 3306/3275/242 3305/3273/240
f 3002/3346/311 3003/3344/309 3305/3273/240 3304/3271/238
f 3001/3348/313 3002/3346/311 3304/3271/238 3303/3269/236
f 3000/3350/315 3001/3348/313 3303/3269/236 3302/3267/234
f 2999/3352/317 3000/3350/315 3302/3267/234 3301/3265/232
f 2998/3354/319 2999/3352/317 3301/3265/232 3300/3263/230
f 2997/3356/321 2998/3354/319 3300/3263/230 3299/3261/228
f 2996/3358/323 2997/3356/321 3299/3261/228 3298/3259/226
f 2995/3360/325 2996/3358/323 3298/3259/226 3297/3257/224
f 2994/3362/327 2995/3360/325 3297/3257/224 3296/3255/222
f 2993/3364/329 2994/3362/327 3296/3255/222 3295/3253/220
f 2992/3366/331 2993/3364/329 3295/3253/220 3294/3251/218
f 2991/3368/333 2992/3366/331 3294/3251/218 3293/3249/216
f 2990/3370/335 2991/3368/333 3293/3249/216 3292/3247/214
f 2989/3372/337 2990/3370/335 3292/3247/214 3291/3245/212
f 2988/3374/339 2989/3372/337 3291/3245/212 3290/3242/209
f 3019/3376/276 2988/3374/339 3290/3242/209 3289/3241/208
f 2985/3302/269 3023/3306/273 3353/3481/408 3351/3483/410
f 2987/3244/211 2956/3243/210 3322/3511/438 3354/3512/407
f 2956/3243/210 2957/3246/213 3323/3510/437 3322/3511/438
f 2957/3246/213 2958/3248/215 3324/3509/436 3323/3510/437
f 2958/3248/215 2959/3250/217 3325/3508/435 3324/3509/436
f 2959/3250/217 2960/3252/219 3326/3507/434 3325/3508/435
f 2960/3252/219 2961/3254/221 3327/3506/433 3326/3507/434
f 2961/3254/221 2962/3256/223 3328/3505/432 3327/3506/433
f 2962/3256/223 2963/3258/225 3329/3504/431 3328/3505/432
f 2963/3258/225 2964/3260/227 3330/3503/430 3329/3504/431
f 2964/3260/227 2965/3262/229 3331/3502/429 3330/3503/430
f 2965/3262/229 2966/3264/231 3332/3501/428 3331/3502/429
f 2966/3264/231 2967/3266/233 3333/3500/427 3332/3501/428
f 2967/3266/233 2968/3268/235 3334/3499/426 3333/3500/427
f 2968/3268/235 2969/3270/237 3335/3498/425 3334/3499/426
f 2969/3270/237 2970/3272/239 3336/3497/424 3335/3498/425
f 2970/3272/239 2971/3274/241 3337/3496/423 3336/3497/424
f 2971/3274/241 2972/3276/243 3338/3495/422 3337/3496/423
f 2972/3276/243 2973/3278/245 3339/3494/421 3338/3495/422
f 2973/3278/245 2974/3280/247 3340/3493/420 3339/3494/421
f 2974/3280/247 2975/3282/249 3341/3492/419 3340/3493/420
f 2975/3282/249 2976/3284/251 3342/3491/418 3341/3492/419
f 2976/3284/251 2977/3286/253 3343/3490/417 3342/3491/418
f 2977/3286/253 2978/3288/255 3344/3489/416 3343/3490/417
f 2978/3288/255 2979/3290/257 3345/3488/415 3344/3489/416
f 2979/3290/257 2980/3292/259 3346/3487/414 3345/3488/415
f 2980/3292/259 2981/3294/261 3347/3486/413 3346/3487/414
f 2981/3294/261 2982/3296/263 3348/3485/412 3347/3486/413
f 2982/3296/263 2983/3298/265 3349/3484/411 3348/3485/412
f 2983/3298/265 2984/3300/267 3350/3482/409 3349/3484/411
f 2984/3300/267 2985/3302/269 3351/3483/410 3350/3482/409
f 3023/3306/273 2986/3305/272 3352/3479/406 3353/3481/408
f 2986/3305/272 2987/3308/211 3354/3480/407 3352/3479/406
o corp_pompa_Cube.006
v -0.164911 1.580059 -0.690025
v -0.074535 1.580059 -0.683500
v -0.159363 1.580059 -0.766867
v -0.068987 1.580059 -0.760341
v -0.162008 1.711743 -0.818297
v -0.167349 1.690884 -0.744325
v -0.076972 1.690884 -0.737800
v -0.071632 1.711743 -0.811772
v -0.119723 1.580059 -0.686762
v -0.114175 1.580059 -0.763604
v -0.122161 1.690884 -0.741063
v -0.116820 1.711743 -0.815035
v -0.166698 1.651936 -0.702419
v -0.165238 1.614905 -0.690190
v -0.076327 1.651947 -0.695816
v -0.074862 1.614905 -0.683664
v -0.070786 1.655702 -0.772566
v -0.069314 1.614905 -0.760506
v -0.159690 1.614905 -0.767031
v -0.161156 1.655718 -0.779169
v -0.115968 1.655718 -0.775906
v -0.114502 1.614905 -0.763769
v -0.121510 1.651936 -0.699157
v -0.120050 1.614905 -0.686927
v -0.091581 1.580059 -0.761973
v -0.099567 1.690884 -0.739432
v -0.097129 1.580059 -0.685131
v -0.094226 1.711743 -0.813403
v -0.091908 1.614905 -0.762137
v -0.093374 1.655718 -0.774275
v -0.097456 1.614905 -0.685296
v -0.098916 1.651936 -0.697526
v -0.165913 1.812558 -0.842943
v -0.170094 1.761909 -0.785041
v -0.079718 1.761909 -0.778516
v -0.075537 1.812558 -0.836418
v -0.124906 1.761909 -0.781778
v -0.120725 1.812558 -0.839680
v -0.098131 1.812558 -0.838049
v -0.102312 1.761909 -0.780147
v -0.142317 1.580059 -0.688394
v -0.139414 1.711743 -0.816666
v -0.136769 1.580059 -0.765235
v -0.144755 1.690884 -0.742694
v -0.142644 1.614905 -0.688558
v -0.144104 1.651936 -0.700788
v -0.137096 1.614905 -0.765400
v -0.138562 1.655718 -0.777537
v -0.147500 1.761909 -0.783410
v -0.143319 1.812558 -0.841312
v -0.168806 1.849055 -0.829825
v -0.172399 1.790349 -0.780065
v -0.082023 1.790349 -0.773540
v -0.078430 1.849055 -0.823300
v -0.127211 1.790349 -0.776802
v -0.123618 1.849055 -0.826563
v -0.101024 1.849055 -0.824931
v -0.104617 1.790349 -0.775171
v -0.149805 1.790349 -0.778434
v -0.146212 1.849055 -0.828194
v -0.168289 1.726246 -0.772733
v -0.077913 1.726246 -0.766208
v -0.073052 1.763367 -0.833542
v -0.123101 1.726246 -0.769471
v -0.118240 1.763367 -0.836805
v -0.095646 1.763367 -0.835173
v -0.100507 1.726246 -0.767839
v -0.163428 1.763367 -0.840067
v -0.140834 1.763367 -0.838436
v -0.145695 1.726246 -0.771102
vt 0.125000 0.687500
vt 0.125000 0.750000
vt 0.375000 0.750000
vt 0.375000 0.687500
vt 0.426168 0.750000
vt 0.426168 1.000000
vt 0.451752 1.000000
vt 0.451752 0.750000
vt 0.426168 0.250000
vt 0.426168 0.500000
vt 0.451752 0.500000
vt 0.451752 0.250000
vt 0.426168 0.187500
vt 0.451752 0.187500
vt 0.426168 0.687500
vt 0.451752 0.687500
vt 0.426168 0.562500
vt 0.426168 0.625000
vt 0.451752 0.625000
vt 0.451752 0.562500
vt 0.426168 0.062500
vt 0.426168 0.125000
vt 0.451752 0.125000
vt 0.451752 0.062500
vt 0.125000 0.562500
vt 0.125000 0.625000
vt 0.375000 0.625000
vt 0.375000 0.562500
vt 0.375000 0.062500
vt 0.375000 0.125000
vt 0.400584 0.125000
vt 0.400584 0.062500
vt 0.400584 0.625000
vt 0.400584 0.562500
vt 0.400584 0.750000
vt 0.400584 0.687500
vt 0.375000 0.187500
vt 0.375000 0.250000
vt 0.400584 0.250000
vt 0.400584 0.187500
vt 0.375000 0.500000
vt 0.400584 0.500000
vt 0.375000 1.000000
vt 0.400584 1.000000
vt 0.125000 0.500000
vt 0.470940 0.125000
vt 0.470940 0.187500
vt 0.490128 0.187500
vt 0.490128 0.125000
vt 0.470940 0.500000
vt 0.470940 0.562500
vt 0.490128 0.562500
vt 0.490128 0.500000
vt 0.470940 0.625000
vt 0.490128 0.625000
vt 0.470940 0.062500
vt 0.490128 0.062500
vt 0.470940 0.750000
vt 0.470940 1.000000
vt 0.490128 1.000000
vt 0.490128 0.750000
vt 0.470940 0.250000
vt 0.490128 0.250000
vt 0.470940 0.687500
vt 0.490128 0.687500
vt 0.470940 0.000000
vt 0.490128 0.000000
vt 0.400584 0.000000
vt 0.426168 0.000000
vt 0.375000 0.000000
vt 0.451752 0.000000
vt 0.509316 0.687500
vt 0.509316 0.625000
vt 0.509316 0.062500
vt 0.509316 0.000000
vt 0.509316 0.187500
vt 0.509316 0.125000
vt 0.509316 0.562500
vt 0.509316 0.500000
vt 0.509316 1.000000
vt 0.509316 0.750000
vt 0.509316 0.250000
vn -0.0510 -0.7056 0.7067
vn -0.6143 -0.5788 0.5363
vn -0.5315 -0.5809 -0.6164
vn 0.0508 -0.7085 -0.7038
vn -0.6824 -0.3431 -0.6454
vn -0.7115 0.3762 0.5934
vn -0.7839 0.4188 0.4584
vn -0.6107 -0.3961 -0.6857
vn 0.5934 0.4357 0.6767
vn 0.8012 -0.2304 -0.5521
vn 0.7508 -0.3032 -0.5868
vn 0.6576 0.5163 0.5487
vn -0.0615 0.5378 0.8408
vn -0.0531 0.6797 0.7316
vn 0.0649 -0.4321 -0.8995
vn 0.0631 -0.4812 -0.8743
vn 0.0656 -0.4321 -0.8994
vn 0.0634 -0.4813 -0.8742
vn -0.0607 0.5378 0.8408
vn -0.0528 0.6796 0.7317
vn -0.0711 0.1592 0.9847
vn 0.0712 -0.1445 -0.9869
vn 0.0717 -0.1443 -0.9869
vn -0.6823 -0.1268 -0.7200
vn 0.5370 -0.5737 0.6184
vn 0.6234 0.1353 0.7700
vn -0.0715 0.1589 0.9847
vn 0.6205 -0.5758 -0.5322
vn 0.7923 -0.0667 -0.6064
vn -0.7208 0.0997 0.6859
vn -0.0631 0.4805 0.8747
vn -0.0718 0.0748 0.9946
vn 0.7399 -0.1230 -0.6614
vn 0.0702 -0.2236 -0.9721
vn 0.0712 0.1468 -0.9866
vn 0.7263 0.1433 -0.6723
vn -0.5937 -0.2063 -0.7778
vn -0.8129 0.2610 0.5206
vn -0.8290 -0.0092 0.5592
vn -0.5949 0.0773 -0.8000
vn 0.6742 0.3734 0.6372
vn 0.6956 0.1021 0.7111
vn 0.0127 0.9843 -0.1762
vn -0.0695 0.2600 0.9631
vn -0.6990 0.1856 0.6906
vn 0.5478 0.8303 -0.1024
vn -0.5578 0.8071 -0.1933
vn 0.5393 0.2201 0.8129
usemtl None
s 1
f 3395/3615/538 3355/3616/539 3357/3617/540 3397/3618/541
f 3374/3619/542 3367/3620/543 3360/3621/544 3359/3622/545
f 3369/3623/546 3371/3624/547 3362/3625/548 3361/3626/549
f 3386/3627/550 3369/3623/546 3361/3626/549 3380/3628/551
f 3402/3629/552 3374/3619/542 3359/3622/545 3396/3630/553
f 3384/3631/554 3375/3632/552 3366/3633/553 3382/3634/555
f 3400/3635/556 3377/3636/556 3365/3637/557 3398/3638/557
f 3381/3639/538 3363/3640/538 3364/3641/541 3379/3642/541
f 3395/3643/538 3363/3644/538 3378/3645/558 3399/3646/558
f 3399/3646/558 3378/3645/558 3377/3636/556 3400/3635/556
f 3379/3642/541 3364/3641/541 3376/3647/559 3383/3648/560
f 3383/3648/560 3376/3647/559 3375/3632/552 3384/3631/554
f 3397/3618/541 3357/3617/540 3373/3649/561 3401/3650/559
f 3401/3650/559 3373/3649/561 3374/3619/542 3402/3629/552
f 3381/3651/538 3356/3652/562 3370/3653/563 3385/3654/564
f 3385/3654/564 3370/3653/563 3369/3623/546 3386/3627/550
f 3356/3652/562 3358/3655/565 3372/3656/566 3370/3653/563
f 3370/3653/563 3372/3656/566 3371/3624/547 3369/3623/546
f 3357/3617/540 3355/3657/539 3368/3658/567 3373/3649/561
f 3373/3649/561 3368/3658/567 3367/3620/543 3374/3619/542
f 3378/3645/558 3385/3654/564 3386/3627/550 3377/3636/556
f 3363/3644/538 3381/3651/538 3385/3654/564 3378/3645/558
f 3372/3656/566 3383/3648/560 3384/3631/554 3371/3624/547
f 3358/3655/565 3379/3642/541 3383/3648/560 3372/3656/566
f 3356/3659/562 3381/3639/538 3379/3642/541 3358/3655/565
f 3371/3624/547 3384/3631/554 3382/3634/555 3362/3625/548
f 3377/3636/556 3386/3627/550 3380/3628/551 3365/3637/557
f 3418/3660/568 3421/3661/568 3394/3662/569 3391/3663/569
f 3417/3664/570 3420/3665/571 3393/3666/572 3390/3667/573
f 3420/3665/571 3419/3668/571 3392/3669/572 3393/3666/572
f 3424/3670/568 3418/3660/568 3391/3663/569 3403/3671/569
f 3422/3672/574 3415/3673/575 3388/3674/576 3387/3675/577
f 3416/3676/578 3417/3664/570 3390/3667/573 3389/3677/579
f 3421/3661/568 3416/3676/578 3389/3677/579 3394/3662/569
f 3423/3678/571 3422/3672/574 3387/3675/577 3404/3679/572
f 3419/3668/571 3423/3678/571 3404/3679/572 3392/3669/572
f 3415/3680/575 3424/3670/568 3403/3671/569 3388/3681/576
f 3376/3647/559 3401/3650/559 3402/3629/552 3375/3632/552
f 3364/3641/541 3397/3618/541 3401/3650/559 3376/3647/559
f 3368/3682/567 3399/3646/558 3400/3635/556 3367/3683/543
f 3355/3684/539 3395/3643/538 3399/3646/558 3368/3682/567
f 3367/3683/543 3400/3635/556 3398/3638/557 3360/3685/544
f 3375/3632/552 3402/3629/552 3396/3630/553 3366/3633/553
f 3363/3640/538 3395/3615/538 3397/3618/541 3364/3641/541
f 3392/3669/572 3404/3679/572 3414/3686/580 3410/3687/580
f 3388/3681/576 3403/3671/569 3413/3688/581 3406/3689/582
f 3391/3663/569 3394/3662/569 3412/3690/581 3409/3691/581
f 3390/3667/573 3393/3666/572 3411/3692/580 3408/3693/583
f 3393/3666/572 3392/3669/572 3410/3687/580 3411/3692/580
f 3403/3671/569 3391/3663/569 3409/3691/581 3413/3688/581
f 3387/3675/577 3388/3674/576 3406/3694/582 3405/3695/584
f 3389/3677/579 3390/3667/573 3408/3693/583 3407/3696/585
f 3394/3662/569 3389/3677/579 3407/3696/585 3412/3690/581
f 3404/3679/572 3387/3675/577 3405/3695/584 3414/3686/580
f 3360/3685/544 3398/3638/557 3424/3670/568 3415/3680/575
f 3366/3633/553 3396/3630/553 3423/3678/571 3419/3668/571
f 3396/3630/553 3359/3622/545 3422/3672/574 3423/3678/571
f 3380/3628/551 3361/3626/549 3416/3676/578 3421/3661/568
f 3361/3626/549 3362/3625/548 3417/3664/570 3416/3676/578
f 3359/3622/545 3360/3621/544 3415/3673/575 3422/3672/574
f 3398/3638/557 3365/3637/557 3418/3660/568 3424/3670/568
f 3382/3634/555 3366/3633/553 3419/3668/571 3420/3665/571
f 3362/3625/548 3382/3634/555 3420/3665/571 3417/3664/570
f 3365/3637/557 3380/3628/551 3421/3661/568 3418/3660/568
f 3410/3687/580 3414/3686/580 3405/3695/584 3406/3689/582 3413/3688/581 3409/3691/581 3412/3690/581 3407/3696/585 3408/3693/583 3411/3692/580
o cap_pompa_Cylinder.004
v -0.123557 1.820311 -0.828366
v -0.124820 1.883451 -0.806001
v -0.118029 1.820101 -0.827881
v -0.118210 1.883192 -0.805473
v -0.112711 1.819252 -0.826547
v -0.111603 1.881833 -0.804172
v -0.107614 1.817892 -0.824369
v -0.106552 1.880154 -0.802474
v -0.103575 1.816026 -0.821719
v -0.100147 1.876657 -0.798721
v -0.099949 1.813315 -0.818122
v -0.096759 1.873674 -0.795445
v -0.097313 1.810403 -0.814128
v -0.093529 1.869575 -0.790929
v -0.095677 1.807259 -0.809858
v -0.091552 1.865089 -0.786376
v -0.095108 1.803967 -0.805429
v -0.090856 1.860487 -0.781689
v -0.095627 1.800653 -0.801010
v -0.091455 1.855857 -0.777015
v -0.097215 1.797443 -0.796771
v -0.093326 1.851378 -0.772532
v -0.099810 1.794461 -0.792875
v -0.096397 1.847223 -0.768414
v -0.103312 1.791823 -0.789471
v -0.100552 1.843550 -0.764817
v -0.107588 1.789629 -0.786690
v -0.105628 1.840502 -0.761881
v -0.112473 1.787963 -0.784639
v -0.111433 1.838195 -0.759718
v -0.117778 1.786891 -0.783396
v -0.117743 1.836719 -0.758411
v -0.123301 1.786452 -0.783010
v -0.124315 1.836129 -0.758009
v -0.128829 1.786664 -0.783495
v -0.130895 1.836449 -0.758530
v -0.134150 1.787520 -0.784835
v -0.137260 1.837730 -0.760000
v -0.139056 1.788996 -0.786994
v -0.143363 1.839705 -0.762460
v -0.143543 1.791156 -0.789911
v -0.147848 1.841880 -0.764941
v -0.146863 1.793506 -0.793177
v -0.153121 1.846263 -0.769543
v -0.149548 1.796381 -0.797258
v -0.155583 1.849823 -0.773067
v -0.151182 1.799512 -0.801513
v -0.157578 1.854518 -0.777599
v -0.151752 1.802803 -0.805941
v -0.158281 1.859101 -0.782311
v -0.151232 1.806117 -0.810361
v -0.157683 1.863730 -0.786987
v -0.149645 1.809325 -0.814601
v -0.155812 1.868207 -0.791472
v -0.147050 1.812305 -0.818499
v -0.152740 1.872361 -0.795593
v -0.143547 1.814942 -0.821904
v -0.148585 1.876032 -0.799192
v -0.139271 1.817135 -0.824686
v -0.143507 1.879079 -0.802130
v -0.134386 1.818800 -0.826738
v -0.137702 1.881385 -0.804294
v -0.129080 1.819872 -0.827981
v -0.131392 1.882862 -0.805601
v -0.124159 1.847256 -0.807791
v -0.120833 1.847104 -0.807516
v -0.117536 1.846539 -0.806708
v -0.114260 1.845477 -0.805277
v -0.112382 1.844489 -0.804096
v -0.109957 1.842589 -0.801982
v -0.108307 1.840590 -0.799722
v -0.107319 1.838498 -0.797311
v -0.106969 1.836300 -0.794806
v -0.107277 1.834089 -0.792308
v -0.108229 1.831950 -0.789913
v -0.109789 1.829964 -0.787711
v -0.111897 1.828209 -0.785789
v -0.114472 1.826752 -0.784220
v -0.117416 1.825648 -0.783063
v -0.120614 1.824940 -0.782365
v -0.123945 1.824656 -0.782151
v -0.127280 1.824806 -0.782429
v -0.130483 1.825379 -0.783189
v -0.133525 1.826423 -0.784411
v -0.136394 1.828018 -0.786194
v -0.137939 1.829232 -0.787626
v -0.139761 1.831293 -0.790141
v -0.140787 1.833416 -0.792640
v -0.141135 1.835611 -0.795136
v -0.140827 1.837823 -0.797634
v -0.139876 1.839962 -0.800029
v -0.138315 1.841948 -0.802230
v -0.136207 1.843703 -0.804152
v -0.133632 1.845160 -0.805722
v -0.130689 1.846264 -0.806878
v -0.127490 1.846972 -0.807577
v -0.124820 1.877436 -0.790363
v -0.121577 1.877286 -0.790109
v -0.118119 1.876603 -0.789283
v -0.114540 1.877897 -0.787962
v -0.113010 1.874457 -0.786854
v -0.111058 1.872637 -0.785176
v -0.109285 1.870388 -0.782965
v -0.108322 1.868176 -0.780773
v -0.107974 1.865856 -0.778483
v -0.108270 1.863523 -0.776199
v -0.109196 1.861267 -0.774009
v -0.110718 1.859174 -0.771998
v -0.112777 1.857324 -0.770242
v -0.115294 1.855789 -0.768809
v -0.118172 1.854628 -0.767754
v -0.121301 1.853886 -0.767118
v -0.124559 1.853590 -0.766925
v -0.127823 1.853753 -0.767183
v -0.130949 1.854365 -0.767869
v -0.134134 1.855569 -0.769095
v -0.137655 1.857665 -0.768887
v -0.138516 1.858578 -0.772020
v -0.139945 1.860460 -0.774075
v -0.141064 1.862873 -0.776530
v -0.141401 1.865172 -0.778809
v -0.141105 1.867505 -0.781092
v -0.140178 1.869761 -0.783281
v -0.138656 1.871854 -0.785291
v -0.136598 1.873703 -0.787046
v -0.134082 1.875237 -0.788479
v -0.131205 1.876398 -0.789533
v -0.128078 1.877140 -0.790170
v -0.105534 1.817042 -0.823100
v -0.103155 1.879163 -0.800420
v -0.113465 1.844931 -0.804528
v -0.113463 1.877598 -0.787453
v -0.145278 1.792326 -0.791496
v -0.150749 1.844445 -0.766786
v -0.136994 1.828787 -0.786992
v -0.138582 1.858318 -0.769404
v -0.126619 1.951359 -0.713197
v -0.123505 1.951183 -0.712982
v -0.120121 1.950449 -0.712251
v -0.110502 1.951795 -0.712906
v -0.115368 1.948270 -0.710270
v -0.113354 1.946241 -0.708800
v -0.111621 1.943792 -0.706923
v -0.110686 1.941451 -0.705074
v -0.110344 1.938975 -0.703140
v -0.110622 1.936487 -0.701213
v -0.111508 1.934081 -0.699367
v -0.112968 1.931851 -0.697671
v -0.114947 1.929882 -0.696193
v -0.117368 1.928249 -0.694987
v -0.120139 1.927015 -0.694101
v -0.123152 1.926228 -0.693569
v -0.126292 1.925919 -0.693411
v -0.129439 1.926098 -0.693634
v -0.132440 1.926748 -0.694222
v -0.135561 1.928060 -0.695253
v -0.145154 1.928586 -0.695724
v -0.139654 1.931090 -0.697559
v -0.141136 1.933243 -0.699430
v -0.142231 1.935852 -0.701558
v -0.142566 1.938303 -0.703469
v -0.142289 1.940792 -0.705396
v -0.141403 1.943197 -0.707242
v -0.139942 1.945427 -0.708937
v -0.137964 1.947396 -0.710416
v -0.135543 1.949029 -0.711621
v -0.132773 1.950262 -0.712507
v -0.129760 1.951049 -0.713039
v -0.117037 1.953927 -0.714590
v -0.139637 1.925199 -0.692919
v -0.110846 1.909282 -0.748703
v -0.109922 1.907025 -0.746794
v -0.134575 1.894109 -0.736649
v -0.143740 1.895279 -0.737678
v -0.112565 1.911650 -0.750649
v -0.131478 1.892840 -0.735580
v -0.128803 1.916267 -0.755011
v -0.125692 1.916567 -0.755176
v -0.114564 1.913615 -0.752175
v -0.128506 1.892215 -0.734974
v -0.131787 1.915506 -0.754461
v -0.116139 1.919359 -0.756877
v -0.125390 1.892045 -0.734746
v -0.138517 1.891218 -0.734129
v -0.134532 1.914316 -0.753545
v -0.119249 1.915693 -0.754202
v -0.109961 1.916085 -0.754136
v -0.122280 1.892345 -0.734910
v -0.136931 1.912740 -0.752299
v -0.122608 1.916399 -0.754954
v -0.119295 1.893106 -0.735461
v -0.138892 1.910841 -0.750772
v -0.116551 1.894296 -0.736377
v -0.140340 1.908690 -0.749021
v -0.114152 1.895872 -0.737622
v -0.141220 1.906371 -0.747113
v -0.112191 1.897771 -0.739150
v -0.141497 1.903972 -0.745123
v -0.110742 1.899922 -0.740901
v -0.141167 1.901609 -0.743150
v -0.109863 1.902241 -0.742808
v -0.140081 1.899092 -0.740951
v -0.109586 1.904639 -0.744798
v -0.138610 1.897020 -0.739024
vt 1.000000 0.875000
vt 1.000000 1.000000
vt 0.968750 1.000000
vt 0.968750 0.875000
vt 0.937500 1.000000
vt 0.937500 0.875000
vt 0.906250 1.000000
vt 0.906250 0.875000
vt 0.890625 0.875000
vt 0.890625 1.000000
vt 0.875000 1.000000
vt 0.875000 0.875000
vt 0.843750 1.000000
vt 0.843750 0.875000
vt 0.812500 1.000000
vt 0.812500 0.875000
vt 0.781250 1.000000
vt 0.781250 0.875000
vt 0.750000 1.000000
vt 0.750000 0.875000
vt 0.718750 1.000000
vt 0.718750 0.875000
vt 0.687500 1.000000
vt 0.687500 0.875000
vt 0.656250 1.000000
vt 0.656250 0.875000
vt 0.625000 1.000000
vt 0.625000 0.875000
vt 0.593750 1.000000
vt 0.593750 0.875000
vt 0.562500 1.000000
vt 0.562500 0.875000
vt 0.531250 1.000000
vt 0.531250 0.875000
vt 0.500000 1.000000
vt 0.500000 0.875000
vt 0.468750 1.000000
vt 0.468750 0.875000
vt 0.437500 1.000000
vt 0.437500 0.875000
vt 0.406250 1.000000
vt 0.406250 0.875000
vt 0.375000 1.000000
vt 0.375000 0.875000
vt 0.359375 0.875000
vt 0.359375 1.000000
vt 0.343750 1.000000
vt 0.343750 0.875000
vt 0.312500 1.000000
vt 0.312500 0.875000
vt 0.281250 1.000000
vt 0.281250 0.875000
vt 0.250000 1.000000
vt 0.250000 0.875000
vt 0.218750 1.000000
vt 0.218750 0.875000
vt 0.187500 1.000000
vt 0.187500 0.875000
vt 0.156250 1.000000
vt 0.156250 0.875000
vt 0.125000 1.000000
vt 0.125000 0.875000
vt 0.093750 1.000000
vt 0.093750 0.875000
vt 0.062500 1.000000
vt 0.062500 0.875000
vt 0.296822 0.485388
vt 0.250000 0.490000
vt 0.203179 0.485389
vt 0.158156 0.471731
vt 0.116663 0.449553
vt 0.080295 0.419706
vt 0.050447 0.383337
vt 0.028269 0.341844
vt 0.014612 0.296822
vt 0.010000 0.250000
vt 0.014611 0.203179
vt 0.028269 0.158156
vt 0.050447 0.116663
vt 0.065371 0.098479
vt 0.080294 0.080294
vt 0.116663 0.050447
vt 0.158156 0.028269
vt 0.203178 0.014612
vt 0.250000 0.010000
vt 0.296822 0.014612
vt 0.341844 0.028269
vt 0.383337 0.050447
vt 0.419706 0.080294
vt 0.449553 0.116663
vt 0.471731 0.158156
vt 0.485388 0.203178
vt 0.490000 0.250000
vt 0.485388 0.296822
vt 0.471731 0.341844
vt 0.449553 0.383337
vt 0.419706 0.419706
vt 0.401521 0.434629
vt 0.383337 0.449553
vt 0.341844 0.471731
vt 0.031250 1.000000
vt 0.031250 0.875000
vt 0.000000 1.000000
vt 0.000000 0.875000
vt 0.750000 0.490000
vt 0.796822 0.485388
vt 0.841844 0.471731
vt 0.883337 0.449553
vt 0.901521 0.434629
vt 0.919706 0.419706
vt 0.949553 0.383337
vt 0.971731 0.341844
vt 0.985388 0.296822
vt 0.990000 0.250000
vt 0.985388 0.203178
vt 0.971731 0.158156
vt 0.949553 0.116663
vt 0.919706 0.080294
vt 0.883337 0.050447
vt 0.841844 0.028269
vt 0.796822 0.014612
vt 0.750000 0.010000
vt 0.703178 0.014612
vt 0.658156 0.028269
vt 0.616663 0.050447
vt 0.580294 0.080294
vt 0.565371 0.098479
vt 0.550447 0.116663
vt 0.528269 0.158156
vt 0.514611 0.203179
vt 0.510000 0.250000
vt 0.514612 0.296822
vt 0.528269 0.341844
vt 0.550447 0.383337
vt 0.580295 0.419706
vt 0.616663 0.449553
vt 0.658156 0.471731
vt 0.703179 0.485389
vt 0.031250 0.500000
vt 0.031250 0.750000
vt 0.000000 0.750000
vt 0.000000 0.500000
vt 0.062500 0.500000
vt 0.062500 0.750000
vt 0.093750 0.500000
vt 0.093750 0.750000
vt 0.125000 0.500000
vt 0.125000 0.750000
vt 0.156250 0.500000
vt 0.156250 0.750000
vt 0.187500 0.500000
vt 0.187500 0.750000
vt 0.218750 0.500000
vt 0.218750 0.750000
vt 0.250000 0.500000
vt 0.250000 0.750000
vt 0.281250 0.500000
vt 0.281250 0.750000
vt 0.312500 0.500000
vt 0.312500 0.750000
vt 0.343750 0.500000
vt 0.343750 0.750000
vt 0.359375 0.500000
vt 0.359375 0.750000
vt 0.406250 0.500000
vt 0.406250 0.750000
vt 0.375000 0.750000
vt 0.375000 0.500000
vt 0.437500 0.500000
vt 0.437500 0.750000
vt 0.468750 0.500000
vt 0.468750 0.750000
vt 0.500000 0.500000
vt 0.500000 0.750000
vt 0.531250 0.500000
vt 0.531250 0.750000
vt 0.562500 0.500000
vt 0.562500 0.750000
vt 0.593750 0.500000
vt 0.593750 0.750000
vt 0.625000 0.500000
vt 0.625000 0.750000
vt 0.656250 0.500000
vt 0.656250 0.750000
vt 0.687500 0.500000
vt 0.687500 0.750000
vt 0.718750 0.500000
vt 0.718750 0.750000
vt 0.750000 0.500000
vt 0.750000 0.750000
vt 0.781250 0.500000
vt 0.781250 0.750000
vt 0.812500 0.500000
vt 0.812500 0.750000
vt 0.843750 0.500000
vt 0.843750 0.750000
vt 0.875000 0.500000
vt 0.875000 0.750000
vt 0.890625 0.500000
vt 0.890625 0.750000
vt 0.937500 0.500000
vt 0.937500 0.750000
vt 0.906250 0.750000
vt 0.906250 0.500000
vt 0.968750 0.500000
vt 0.968750 0.750000
vt 1.000000 0.500000
vt 1.000000 0.750000
vt 0.781250 0.875000
vt 0.812500 0.875000
vt 0.812500 0.875000
vt 0.781250 0.875000
vt 0.375000 0.875000
vt 0.406250 0.875000
vt 0.406250 0.875000
vt 0.375000 0.875000
vt 0.843750 0.875000
vt 0.843750 0.875000
vt 0.437500 0.875000
vt 0.437500 0.875000
vt 0.000000 0.875000
vt 0.031250 0.875000
vt 0.031250 0.875000
vt 0.000000 0.875000
vt 0.875000 0.875000
vt 0.875000 0.875000
vt 0.468750 0.875000
vt 0.468750 0.875000
vt 0.062500 0.875000
vt 0.062500 0.875000
vt 0.890625 0.875000
vt 0.890625 0.875000
vt 0.500000 0.875000
vt 0.500000 0.875000
vt 0.359375 0.875000
vt 0.359375 0.875000
vt 0.093750 0.875000
vt 0.093750 0.875000
vt 0.906250 0.875000
vt 0.937500 0.875000
vt 0.937500 0.875000
vt 0.906250 0.875000
vt 0.531250 0.875000
vt 0.531250 0.875000
vt 0.125000 0.875000
vt 0.125000 0.875000
vt 0.968750 0.875000
vt 0.968750 0.875000
vt 0.562500 0.875000
vt 0.562500 0.875000
vt 0.156250 0.875000
vt 0.156250 0.875000
vt 1.000000 0.875000
vt 1.000000 0.875000
vt 0.593750 0.875000
vt 0.593750 0.875000
vt 0.187500 0.875000
vt 0.187500 0.875000
vt 0.625000 0.875000
vt 0.625000 0.875000
vt 0.218750 0.875000
vt 0.218750 0.875000
vt 0.656250 0.875000
vt 0.656250 0.875000
vt 0.250000 0.875000
vt 0.250000 0.875000
vt 0.687500 0.875000
vt 0.687500 0.875000
vt 0.281250 0.875000
vt 0.281250 0.875000
vt 0.718750 0.875000
vt 0.718750 0.875000
vt 0.312500 0.875000
vt 0.312500 0.875000
vt 0.750000 0.875000
vt 0.750000 0.875000
vt 0.343750 0.875000
vt 0.343750 0.875000
vn -0.0101 -0.9330 -0.3599
vn -0.1078 -0.9210 -0.3742
vn 0.0370 -0.9726 -0.2294
vn -0.5493 -0.5810 -0.6006
vn -0.2947 -0.8250 -0.4822
vn -0.3098 -0.7957 -0.5205
vn -0.3334 -0.7377 -0.5871
vn -0.3384 -0.6928 -0.6367
vn -0.3297 -0.6458 -0.6886
vn -0.3083 -0.6018 -0.7368
vn -0.2759 -0.5621 -0.7797
vn -0.2343 -0.5277 -0.8165
vn -0.1855 -0.4994 -0.8463
vn -0.1312 -0.4777 -0.8687
vn -0.0731 -0.4627 -0.8835
vn -0.0129 -0.4547 -0.8906
vn 0.0482 -0.4536 -0.8899
vn 0.1086 -0.4592 -0.8817
vn 0.1810 -0.4717 -0.8630
vn 0.0742 -0.3568 -0.9312
vn 0.5569 -0.6659 -0.4965
vn 0.3296 -0.5507 -0.7669
vn 0.3427 -0.5778 -0.7407
vn 0.3673 -0.6349 -0.6797
vn 0.3768 -0.6786 -0.6305
vn 0.3726 -0.7268 -0.5771
vn 0.3535 -0.7747 -0.5243
vn 0.3195 -0.8201 -0.4747
vn 0.2712 -0.8606 -0.4310
vn 0.2103 -0.8940 -0.3957
vn -0.0214 0.7117 0.7022
vn 0.1395 -0.9181 -0.3710
vn 0.0622 -0.9315 -0.3585
vn 0.0219 -0.8010 -0.5983
vn -0.1028 0.6022 -0.7917
vn -0.2949 0.5857 -0.7550
vn -0.4759 0.5566 -0.6810
vn -0.6380 0.5156 -0.5719
vn -0.7733 0.4643 -0.4317
vn -0.8747 0.4048 -0.2664
vn -0.9366 0.3400 -0.0844
vn -0.9562 0.2736 0.1042
vn -0.9342 0.2089 0.2892
vn -0.8748 0.1494 0.4609
vn -0.7857 0.0986 0.6106
vn -0.6560 0.0515 0.7530
vn -0.5314 0.0189 0.8469
vn -0.3924 -0.0037 0.9198
vn -0.2420 -0.0180 0.9701
vn -0.0868 -0.0241 0.9959
vn 0.0694 -0.0216 0.9974
vn 0.2246 -0.0105 0.9744
vn 0.3763 0.0094 0.9265
vn 0.5210 0.0383 0.8527
vn 0.6543 0.0764 0.7523
vn 0.7703 0.1236 0.6256
vn 0.8620 0.1789 0.4742
vn 0.9222 0.2408 0.3026
vn 0.9446 0.3064 0.1175
vn 0.9253 0.3724 -0.0716
vn 0.8648 0.4346 -0.2514
vn 0.7658 0.4918 -0.4143
vn 0.6060 0.5494 -0.5752
vn 0.4583 0.5760 -0.6768
vn 0.2846 0.5960 -0.7508
vn 0.0926 0.6056 -0.7904
vn -0.0971 0.4960 -0.8629
vn -0.2846 0.4747 -0.8328
vn -0.4628 0.4360 -0.7718
vn -0.6253 0.3807 -0.6812
vn -0.7657 0.3107 -0.5631
vn -0.8777 0.2282 -0.4213
vn -0.9557 0.1366 -0.2607
vn -0.9953 0.0396 -0.0879
vn -0.9944 -0.0576 0.0882
vn -0.9504 -0.1554 0.2695
vn -0.8766 -0.2378 0.4183
vn -0.9608 -0.1621 0.2248
vn -0.4480 -0.4446 0.7756
vn -0.4594 -0.4208 0.7822
vn -0.2783 -0.4520 0.8475
vn -0.0936 -0.4653 0.8802
vn 0.0952 -0.4621 0.8817
vn 0.2810 -0.4423 0.8517
vn 0.4583 -0.4061 0.7906
vn 0.6206 -0.3542 0.6996
vn 0.7615 -0.2877 0.5808
vn 0.8745 -0.2083 0.4381
vn 0.9536 -0.1189 0.2766
vn 0.9944 -0.0231 0.1033
vn 0.9944 0.0748 -0.0740
vn 0.9543 0.1696 -0.2461
vn 0.8705 0.2634 -0.4158
vn 0.7632 0.3353 -0.5523
vn 0.8665 0.2465 -0.4340
vn 0.3164 0.4643 -0.8273
vn 0.2894 0.4839 -0.8259
vn 0.0922 0.4993 -0.8615
vn 0.6271 0.3660 -0.6876
vn 0.6435 0.5385 -0.5441
vn -0.1455 -0.9621 -0.2307
vn -0.7764 -0.3475 0.5259
vn -0.6867 0.0633 0.7242
vn 0.2362 -0.3764 -0.8959
vn 0.9543 0.2389 -0.1797
vn -0.1197 -0.7743 0.6214
vn 0.8720 0.3852 -0.3020
vn -0.4719 -0.6872 0.5524
vn -0.1075 0.7643 -0.6358
vn 0.7793 0.4902 -0.3904
vn -0.2800 -0.7456 0.6047
vn -0.2993 0.7313 -0.6129
vn 0.9759 0.1777 -0.1263
vn -0.0884 -0.7714 0.6302
vn -0.6732 -0.5847 0.4526
vn -0.4796 0.6701 -0.5664
vn -0.0898 0.7592 -0.6446
vn 0.1076 -0.7678 0.6316
vn -0.6416 0.5831 -0.4983
vn 0.2913 0.7396 -0.6067
vn 0.2994 -0.7348 0.6086
vn -0.7788 0.4737 -0.4112
vn 0.0874 0.7679 -0.6345
vn 0.4798 -0.6737 0.5621
vn -0.8862 0.3459 -0.3082
vn 0.6417 -0.5867 0.4940
vn -0.9595 0.2048 -0.1936
vn 0.7790 -0.4773 0.4067
vn -0.9959 0.0557 -0.0715
vn 0.8863 -0.3495 0.3038
vn -0.9941 -0.0948 0.0526
vn 0.4816 0.6746 -0.5594
vn 0.9596 -0.2084 0.1891
vn -0.9507 -0.2508 0.1822
vn 0.9960 -0.0593 0.0670
vn -0.8867 -0.3679 0.2800
vn 0.9941 0.0920 -0.0577
vn -0.9998 -0.0184 -0.0110
vn -1.0000 -0.0022 0.0019
vn 0.9941 0.0916 -0.0580
vn -0.8880 -0.3009 0.3477
vn 0.9951 -0.0379 0.0913
vn -0.9505 -0.2042 0.2341
vn 0.9572 -0.1652 0.2374
vn 0.5758 0.5045 -0.6434
vn -0.9944 -0.0705 0.0785
vn 0.8822 -0.2853 0.3746
vn -0.9959 0.0578 -0.0695
vn 0.7732 -0.3935 0.4973
vn -0.9587 0.1856 -0.2155
vn 0.6348 -0.4857 0.6010
vn -0.8842 0.3065 -0.3524
vn 0.4726 -0.5585 0.6817
vn 0.0891 0.6671 -0.7396
vn -0.7756 0.4159 -0.4748
vn 0.2929 -0.6096 0.7366
vn 0.2947 0.6430 -0.7069
vn -0.6374 0.5094 -0.5782
vn 0.1025 -0.6371 0.7639
vn -0.0068 0.6657 -0.7462
vn -0.4750 0.5835 -0.6587
vn -0.7278 -0.5023 0.4668
vn -0.0915 -0.6403 0.7627
vn 0.9809 0.1505 -0.1230
vn -0.2949 0.6356 -0.7135
vn -0.2809 -0.6192 0.7333
vn 0.7804 0.4314 -0.4527
vn -0.1038 0.6637 -0.7407
vn -0.4706 -0.5712 0.6725
vn 0.8714 0.3436 -0.3502
vn -0.2120 -0.6374 0.7408
vn 0.9548 0.2170 -0.2030
usemtl None
s off
f 3521/3697/586 3426/3698/586 3428/3699/586 3522/3700/586
f 3522/3700/587 3428/3699/587 3430/3701/587 3523/3702/587
f 3523/3702/588 3430/3701/588 3432/3703/588 3524/3704/588
f 3556/3705/589 3554/3706/589 3434/3707/589 3525/3708/589
f 3525/3708/590 3434/3707/590 3436/3709/590 3526/3710/590
f 3526/3710/591 3436/3709/591 3438/3711/591 3527/3712/591
f 3527/3712/592 3438/3711/592 3440/3713/592 3528/3714/592
f 3528/3714/593 3440/3713/593 3442/3715/593 3529/3716/593
f 3529/3716/594 3442/3715/594 3444/3717/594 3530/3718/594
f 3530/3718/595 3444/3717/595 3446/3719/595 3531/3720/595
f 3531/3720/596 3446/3719/596 3448/3721/596 3532/3722/596
f 3532/3722/597 3448/3721/597 3450/3723/597 3533/3724/597
f 3533/3724/598 3450/3723/598 3452/3725/598 3534/3726/598
f 3534/3726/599 3452/3725/599 3454/3727/599 3535/3728/599
f 3535/3728/600 3454/3727/600 3456/3729/600 3536/3730/600
f 3536/3730/601 3456/3729/601 3458/3731/601 3537/3732/601
f 3537/3732/602 3458/3731/602 3460/3733/602 3538/3734/602
f 3538/3734/603 3460/3733/603 3462/3735/603 3539/3736/603
f 3539/3736/604 3462/3735/604 3464/3737/604 3540/3738/604
f 3540/3738/605 3464/3737/605 3466/3739/605 3541/3740/605
f 3560/3741/606 3558/3742/606 3468/3743/606 3542/3744/606
f 3542/3744/607 3468/3743/607 3470/3745/607 3543/3746/607
f 3543/3746/608 3470/3745/608 3472/3747/608 3544/3748/608
f 3544/3748/609 3472/3747/609 3474/3749/609 3545/3750/609
f 3545/3750/610 3474/3749/610 3476/3751/610 3546/3752/610
f 3546/3752/611 3476/3751/611 3478/3753/611 3547/3754/611
f 3547/3754/612 3478/3753/612 3480/3755/612 3548/3756/612
f 3548/3756/613 3480/3755/613 3482/3757/613 3549/3758/613
f 3549/3758/614 3482/3757/614 3484/3759/614 3550/3760/614
f 3550/3760/615 3484/3759/615 3486/3761/615 3551/3762/615
f 3428/3763/616 3426/3764/616 3488/3765/616 3486/3766/616 3484/3767/616 3482/3768/616 3480/3769/616 3478/3770/616 3476/3771/616 3474/3772/616 3472/3773/616 3470/3774/616 3468/3775/616 3558/3776/616 3466/3777/616 3464/3778/616 3462/3779/616 3460/3780/616 3458/3781/616 3456/3782/616 3454/3783/616 3452/3784/616 3450/3785/616 3448/3786/616 3446/3787/616 3444/3788/616 3442/3789/616 3440/3790/616 3438/3791/616 3436/3792/616 3434/3793/616 3554/3794/616 3432/3795/616 3430/3796/616
f 3551/3762/617 3486/3761/617 3488/3797/617 3552/3798/617
f 3552/3798/618 3488/3797/618 3426/3799/618 3521/3800/618
f 3425/3801/619 3427/3802/619 3429/3803/619 3431/3804/619 3553/3805/619 3433/3806/619 3435/3807/619 3437/3808/619 3439/3809/619 3441/3810/619 3443/3811/619 3445/3812/619 3447/3813/619 3449/3814/619 3451/3815/619 3453/3816/619 3455/3817/619 3457/3818/619 3459/3819/619 3461/3820/619 3463/3821/619 3465/3822/619 3557/3823/619 3467/3824/619 3469/3825/619 3471/3826/619 3473/3827/619 3475/3828/619 3477/3829/619 3479/3830/619 3481/3831/619 3483/3832/619 3485/3833/619 3487/3834/619
f 3487/3835/620 3520/3836/620 3489/3837/620 3425/3838/620
f 3485/3839/621 3519/3840/621 3520/3836/621 3487/3835/621
f 3483/3841/622 3518/3842/622 3519/3840/622 3485/3839/622
f 3481/3843/623 3517/3844/623 3518/3842/623 3483/3841/623
f 3479/3845/624 3516/3846/624 3517/3844/624 3481/3843/624
f 3477/3847/625 3515/3848/625 3516/3846/625 3479/3845/625
f 3475/3849/626 3514/3850/626 3515/3848/626 3477/3847/626
f 3473/3851/627 3513/3852/627 3514/3850/627 3475/3849/627
f 3471/3853/628 3512/3854/628 3513/3852/628 3473/3851/628
f 3469/3855/629 3511/3856/629 3512/3854/629 3471/3853/629
f 3467/3857/630 3510/3858/630 3511/3856/630 3469/3855/630
f 3557/3859/631 3559/3860/631 3510/3858/631 3467/3857/631
f 3463/3861/632 3508/3862/632 3509/3863/632 3465/3864/632
f 3461/3865/633 3507/3866/633 3508/3862/633 3463/3861/633
f 3459/3867/634 3506/3868/634 3507/3866/634 3461/3865/634
f 3457/3869/635 3505/3870/635 3506/3868/635 3459/3867/635
f 3455/3871/636 3504/3872/636 3505/3870/636 3457/3869/636
f 3453/3873/637 3503/3874/637 3504/3872/637 3455/3871/637
f 3451/3875/638 3502/3876/638 3503/3874/638 3453/3873/638
f 3449/3877/639 3501/3878/639 3502/3876/639 3451/3875/639
f 3447/3879/640 3500/3880/640 3501/3878/640 3449/3877/640
f 3445/3881/641 3499/3882/641 3500/3880/641 3447/3879/641
f 3443/3883/642 3498/3884/642 3499/3882/642 3445/3881/642
f 3441/3885/643 3497/3886/643 3498/3884/643 3443/3883/643
f 3439/3887/644 3496/3888/644 3497/3886/644 3441/3885/644
f 3437/3889/645 3495/3890/645 3496/3888/645 3439/3887/645
f 3435/3891/646 3494/3892/646 3495/3890/646 3437/3889/646
f 3433/3893/647 3493/3894/647 3494/3892/647 3435/3891/647
f 3553/3895/648 3555/3896/648 3493/3894/648 3433/3893/648
f 3429/3897/649 3491/3898/649 3492/3899/649 3431/3900/649
f 3427/3901/650 3490/3902/650 3491/3898/650 3429/3897/650
f 3425/3903/651 3489/3904/651 3490/3902/651 3427/3901/651
f 3520/3836/652 3552/3798/652 3521/3800/652 3489/3837/652
f 3519/3840/653 3551/3762/653 3552/3798/653 3520/3836/653
f 3518/3842/654 3550/3760/654 3551/3762/654 3519/3840/654
f 3517/3844/655 3549/3758/655 3550/3760/655 3518/3842/655
f 3516/3846/656 3548/3756/656 3549/3758/656 3517/3844/656
f 3515/3848/657 3547/3754/657 3548/3756/657 3516/3846/657
f 3514/3850/658 3546/3752/658 3547/3754/658 3515/3848/658
f 3513/3852/659 3545/3750/659 3546/3752/659 3514/3850/659
f 3512/3854/660 3544/3748/660 3545/3750/660 3513/3852/660
f 3511/3856/661 3543/3746/661 3544/3748/661 3512/3854/661
f 3510/3858/662 3542/3744/662 3543/3746/662 3511/3856/662
f 3559/3860/663 3560/3741/663 3542/3744/663 3510/3858/663
f 3508/3862/664 3540/3738/664 3541/3740/664 3509/3863/664
f 3507/3866/665 3539/3736/665 3540/3738/665 3508/3862/665
f 3506/3868/666 3538/3734/666 3539/3736/666 3507/3866/666
f 3505/3870/667 3537/3732/667 3538/3734/667 3506/3868/667
f 3504/3872/668 3536/3730/668 3537/3732/668 3505/3870/668
f 3503/3874/669 3535/3728/669 3536/3730/669 3504/3872/669
f 3502/3876/670 3534/3726/670 3535/3728/670 3503/3874/670
f 3501/3878/671 3533/3724/671 3534/3726/671 3502/3876/671
f 3500/3880/672 3532/3722/672 3533/3724/672 3501/3878/672
f 3499/3882/673 3531/3720/673 3532/3722/673 3500/3880/673
f 3498/3884/674 3530/3718/674 3531/3720/674 3499/3882/674
f 3497/3886/675 3529/3716/675 3530/3718/675 3498/3884/675
f 3496/3888/676 3528/3714/676 3529/3716/676 3497/3886/676
f 3495/3890/677 3527/3712/677 3528/3714/677 3496/3888/677
f 3494/3892/678 3526/3710/678 3527/3712/678 3495/3890/678
f 3493/3894/679 3525/3708/679 3526/3710/679 3494/3892/679
f 3555/3896/680 3556/3705/680 3525/3708/680 3493/3894/680
f 3491/3898/681 3523/3702/681 3524/3704/681 3492/3899/681
f 3490/3902/682 3522/3700/682 3523/3702/682 3491/3898/682
f 3489/3904/683 3521/3697/683 3522/3700/683 3490/3902/683
f 3492/3899/684 3524/3704/684 3556/3705/684 3555/3896/684
f 3431/3900/685 3492/3899/685 3555/3896/685 3553/3895/685
f 3524/3704/686 3432/3703/686 3554/3706/686 3556/3705/686
f 3509/3863/687 3541/3740/687 3560/3741/687 3559/3860/687
f 3465/3864/688 3509/3863/688 3559/3860/688 3557/3859/688
f 3541/3740/689 3466/3739/689 3558/3742/689 3560/3741/689
f 3596/3905/690 3595/3906/690 3567/3907/690 3568/3908/690
f 3598/3909/691 3597/3910/691 3580/3911/691 3581/3912/691
f 3595/3906/692 3599/3913/692 3566/3914/692 3567/3907/692
f 3597/3910/693 3600/3915/693 3579/3916/693 3580/3911/693
f 3602/3917/694 3601/3918/694 3592/3919/694 3561/3920/694
f 3599/3913/695 3603/3921/695 3565/3922/695 3566/3914/695
f 3600/3915/696 3604/3923/696 3578/3924/696 3579/3916/696
f 3601/3918/697 3605/3925/697 3591/3926/697 3592/3919/697
f 3603/3921/698 3606/3927/698 3593/3928/698 3565/3922/698
f 3604/3923/699 3607/3929/699 3577/3930/699 3578/3924/699
f 3598/3909/700 3608/3931/700 3594/3932/700 3581/3912/700
f 3605/3925/701 3609/3933/701 3590/3934/701 3591/3926/701
f 3611/3935/702 3610/3936/702 3563/3937/702 3564/3938/702
f 3607/3929/703 3612/3939/703 3576/3940/703 3577/3930/703
f 3609/3933/704 3613/3941/704 3589/3942/704 3590/3934/704
f 3610/3936/705 3614/3943/705 3562/3944/705 3563/3937/705
f 3612/3939/706 3615/3945/706 3575/3946/706 3576/3940/706
f 3613/3941/707 3616/3947/707 3588/3948/707 3589/3942/707
f 3614/3943/708 3602/3949/708 3561/3950/708 3562/3944/708
f 3615/3945/709 3617/3951/709 3574/3952/709 3575/3946/709
f 3616/3947/710 3618/3953/710 3587/3954/710 3588/3948/710
f 3617/3951/711 3619/3955/711 3573/3956/711 3574/3952/711
f 3618/3953/712 3620/3957/712 3586/3958/712 3587/3954/712
f 3619/3955/713 3621/3959/713 3572/3960/713 3573/3956/713
f 3620/3957/714 3622/3961/714 3585/3962/714 3586/3958/714
f 3621/3959/715 3623/3963/715 3571/3964/715 3572/3960/715
f 3622/3961/716 3624/3965/716 3584/3966/716 3585/3962/716
f 3611/3935/717 3606/3927/717 3593/3928/717 3564/3938/717
f 3623/3963/718 3625/3967/718 3570/3968/718 3571/3964/718
f 3624/3965/719 3626/3969/719 3583/3970/719 3584/3966/719
f 3625/3967/720 3627/3971/720 3569/3972/720 3570/3968/720
f 3626/3969/721 3628/3973/721 3582/3974/721 3583/3970/721
f 3627/3971/722 3596/3905/722 3568/3908/722 3569/3972/722
f 3628/3973/723 3608/3931/723 3594/3932/723 3582/3974/723
f 3542/3744/724 3560/3741/724 3608/3931/724 3628/3973/724
f 3529/3716/725 3528/3714/725 3596/3905/725 3627/3971/725
f 3543/3746/726 3542/3744/726 3628/3973/726 3626/3969/726
f 3530/3718/727 3529/3716/727 3627/3971/727 3625/3967/727
f 3544/3748/728 3543/3746/728 3626/3969/728 3624/3965/728
f 3531/3720/729 3530/3718/729 3625/3967/729 3623/3963/729
f 3524/3704/730 3556/3705/730 3606/3927/730 3611/3935/730
f 3545/3750/731 3544/3748/731 3624/3965/731 3622/3961/731
f 3532/3722/732 3531/3720/732 3623/3963/732 3621/3959/732
f 3546/3752/733 3545/3750/733 3622/3961/733 3620/3957/733
f 3533/3724/734 3532/3722/734 3621/3959/734 3619/3955/734
f 3547/3754/735 3546/3752/735 3620/3957/735 3618/3953/735
f 3534/3726/736 3533/3724/736 3619/3955/736 3617/3951/736
f 3548/3756/737 3547/3754/737 3618/3953/737 3616/3947/737
f 3535/3728/738 3534/3726/738 3617/3951/738 3615/3945/738
f 3522/3700/739 3521/3697/739 3602/3949/739 3614/3943/739
f 3549/3758/740 3548/3756/740 3616/3947/740 3613/3941/740
f 3536/3730/741 3535/3728/741 3615/3945/741 3612/3939/741
f 3523/3702/742 3522/3700/742 3614/3943/742 3610/3936/742
f 3550/3760/743 3549/3758/743 3613/3941/743 3609/3933/743
f 3537/3732/744 3536/3730/744 3612/3939/744 3607/3929/744
f 3524/3704/745 3523/3702/745 3610/3936/745 3611/3935/745
f 3551/3762/746 3550/3760/746 3609/3933/746 3605/3925/746
f 3541/3740/747 3560/3741/747 3608/3931/747 3598/3909/747
f 3538/3734/748 3537/3732/748 3607/3929/748 3604/3923/748
f 3525/3708/749 3556/3705/749 3606/3927/749 3603/3921/749
f 3552/3798/750 3551/3762/750 3605/3925/750 3601/3918/750
f 3539/3736/751 3538/3734/751 3604/3923/751 3600/3915/751
f 3526/3710/752 3525/3708/752 3603/3921/752 3599/3913/752
f 3521/3800/753 3552/3798/753 3601/3918/753 3602/3917/753
f 3540/3738/754 3539/3736/754 3600/3915/754 3597/3910/754
f 3527/3712/755 3526/3710/755 3599/3913/755 3595/3906/755
f 3541/3740/756 3540/3738/756 3597/3910/756 3598/3909/756
f 3528/3714/757 3527/3712/757 3595/3906/757 3596/3905/757
o cap_pompa.001_Cylinder.005
v -0.479387 1.820352 -0.828366
v -0.482587 1.883423 -0.806001
v -0.473855 1.820311 -0.827881
v -0.475972 1.883367 -0.805473
v -0.468513 1.819626 -0.826547
v -0.469326 1.882211 -0.804172
v -0.463377 1.818423 -0.824369
v -0.464226 1.880688 -0.802474
v -0.459283 1.816682 -0.821719
v -0.457716 1.877389 -0.798721
v -0.455575 1.814084 -0.818122
v -0.454238 1.874511 -0.795445
v -0.452850 1.811253 -0.814128
v -0.450885 1.870514 -0.790929
v -0.451119 1.808161 -0.809858
v -0.448771 1.866090 -0.786376
v -0.450449 1.804888 -0.805429
v -0.447934 1.861512 -0.781689
v -0.450866 1.801560 -0.801010
v -0.448390 1.856866 -0.777015
v -0.452355 1.798303 -0.796771
v -0.450123 1.852332 -0.772532
v -0.454857 1.795243 -0.792875
v -0.453066 1.848084 -0.768414
v -0.458277 1.792498 -0.789471
v -0.457105 1.844286 -0.764817
v -0.462484 1.790174 -0.786690
v -0.462086 1.841083 -0.761881
v -0.467315 1.788359 -0.784639
v -0.467817 1.838599 -0.759718
v -0.472585 1.787124 -0.783396
v -0.474079 1.836930 -0.758411
v -0.478092 1.786516 -0.783010
v -0.480629 1.836139 -0.758009
v -0.483623 1.786559 -0.783495
v -0.487217 1.836256 -0.758530
v -0.488968 1.787250 -0.784835
v -0.493617 1.837342 -0.760000
v -0.493917 1.788575 -0.786994
v -0.499778 1.839129 -0.762460
v -0.498468 1.790597 -0.789911
v -0.504328 1.841165 -0.764941
v -0.501859 1.792844 -0.793177
v -0.509733 1.845384 -0.769543
v -0.504630 1.795635 -0.797258
v -0.512303 1.848866 -0.773067
v -0.506360 1.798715 -0.801513
v -0.514441 1.853499 -0.777599
v -0.507030 1.801987 -0.805941
v -0.515285 1.858058 -0.782311
v -0.506613 1.805315 -0.810361
v -0.514829 1.862703 -0.786987
v -0.505125 1.808570 -0.814601
v -0.513096 1.867235 -0.791472
v -0.502622 1.811628 -0.818499
v -0.510153 1.871482 -0.795593
v -0.499202 1.814371 -0.821904
v -0.506113 1.875278 -0.799192
v -0.494995 1.816695 -0.824686
v -0.501131 1.878480 -0.802130
v -0.490164 1.818509 -0.826738
v -0.495399 1.880963 -0.804294
v -0.484894 1.819743 -0.827981
v -0.489137 1.882632 -0.805601
v -0.480815 1.847265 -0.807791
v -0.477486 1.847216 -0.807516
v -0.474173 1.846752 -0.806708
v -0.470866 1.845791 -0.805277
v -0.468959 1.844861 -0.804096
v -0.466476 1.843037 -0.801982
v -0.464766 1.841089 -0.799722
v -0.463714 1.839028 -0.797311
v -0.463297 1.836842 -0.794806
v -0.463537 1.834623 -0.792308
v -0.464423 1.832455 -0.789913
v -0.465921 1.830423 -0.787711
v -0.467974 1.828604 -0.785789
v -0.470504 1.827068 -0.784220
v -0.473412 1.825874 -0.783063
v -0.476587 1.825069 -0.782365
v -0.479907 1.824682 -0.782151
v -0.483245 1.824730 -0.782429
v -0.486464 1.825205 -0.783189
v -0.489537 1.826155 -0.784411
v -0.492454 1.827661 -0.786194
v -0.494035 1.828827 -0.787626
v -0.495920 1.830831 -0.790141
v -0.497011 1.832921 -0.792640
v -0.497426 1.835105 -0.795136
v -0.497186 1.837325 -0.797634
v -0.496300 1.839492 -0.800029
v -0.494802 1.841525 -0.802230
v -0.492749 1.843344 -0.804152
v -0.490219 1.844880 -0.805722
v -0.487311 1.846073 -0.806878
v -0.484136 1.846879 -0.807577
v -0.482402 1.877411 -0.790363
v -0.479156 1.877361 -0.790109
v -0.475679 1.876783 -0.789283
v -0.472141 1.878187 -0.787962
v -0.470506 1.874796 -0.786854
v -0.468499 1.873037 -0.785176
v -0.466658 1.870843 -0.782965
v -0.465628 1.868662 -0.780773
v -0.465209 1.866354 -0.778483
v -0.465433 1.864013 -0.776199
v -0.466289 1.861729 -0.774009
v -0.467746 1.859590 -0.771998
v -0.469748 1.857678 -0.770242
v -0.472216 1.856066 -0.768809
v -0.475058 1.854818 -0.767754
v -0.478162 1.853979 -0.767118
v -0.481410 1.853584 -0.766925
v -0.484677 1.853646 -0.767183
v -0.487820 1.854162 -0.767869
v -0.491041 1.855269 -0.769095
v -0.494624 1.857255 -0.768887
v -0.495513 1.858142 -0.772020
v -0.496999 1.859978 -0.774075
v -0.498191 1.862356 -0.776530
v -0.498599 1.864644 -0.778809
v -0.498374 1.866985 -0.781092
v -0.497517 1.869268 -0.783281
v -0.496061 1.871406 -0.785291
v -0.494060 1.873318 -0.787046
v -0.491592 1.874928 -0.788479
v -0.488752 1.876177 -0.789533
v -0.485649 1.877015 -0.790170
v -0.461272 1.817637 -0.823100
v -0.460800 1.879801 -0.800420
v -0.470055 1.845269 -0.804528
v -0.471055 1.877921 -0.787453
v -0.500238 1.791713 -0.791496
v -0.507306 1.843640 -0.766786
v -0.493077 1.828411 -0.786992
v -0.495571 1.857880 -0.769404
v -0.486469 1.951244 -0.713197
v -0.483351 1.951163 -0.712982
v -0.479946 1.950533 -0.712251
v -0.470373 1.952174 -0.712906
v -0.475128 1.948501 -0.710270
v -0.473053 1.946536 -0.708800
v -0.471246 1.944141 -0.706923
v -0.470240 1.941829 -0.705074
v -0.469822 1.939365 -0.703140
v -0.470023 1.936870 -0.701213
v -0.470834 1.934438 -0.699367
v -0.472226 1.932164 -0.697671
v -0.474143 1.930135 -0.696193
v -0.476513 1.928428 -0.694987
v -0.479244 1.927110 -0.694101
v -0.482232 1.926231 -0.693569
v -0.485361 1.925825 -0.693411
v -0.488512 1.925908 -0.693634
v -0.491532 1.926465 -0.694222
v -0.494692 1.927681 -0.695253
v -0.504296 1.927912 -0.695724
v -0.498876 1.930585 -0.697559
v -0.500423 1.932691 -0.699430
v -0.501598 1.935264 -0.701558
v -0.502008 1.937705 -0.703469
v -0.501807 1.940201 -0.705396
v -0.500995 1.942632 -0.707242
v -0.499604 1.944906 -0.708937
v -0.497686 1.946934 -0.710416
v -0.495317 1.948641 -0.711621
v -0.492586 1.949959 -0.712507
v -0.489599 1.950838 -0.713039
v -0.476970 1.954104 -0.714590
v -0.498678 1.924696 -0.692919
v -0.469412 1.909671 -0.748703
v -0.468419 1.907443 -0.746794
v -0.492664 1.893777 -0.736649
v -0.501861 1.894665 -0.737678
v -0.471203 1.911984 -0.750649
v -0.489530 1.892603 -0.735580
v -0.487575 1.916101 -0.755011
v -0.484475 1.916497 -0.755176
v -0.473261 1.913887 -0.752175
v -0.486540 1.892070 -0.734974
v -0.490534 1.915249 -0.754461
v -0.475011 1.919580 -0.756877
v -0.483420 1.891995 -0.734746
v -0.496516 1.890766 -0.734129
v -0.493241 1.913975 -0.753545
v -0.478008 1.915821 -0.754202
v -0.468736 1.916498 -0.754136
v -0.480321 1.892391 -0.734910
v -0.495591 1.912327 -0.752299
v -0.481387 1.916423 -0.754954
v -0.477361 1.893243 -0.735461
v -0.497493 1.910368 -0.750772
v -0.474654 1.894517 -0.736377
v -0.498874 1.908174 -0.749021
v -0.472305 1.896165 -0.737622
v -0.499682 1.905829 -0.747113
v -0.470403 1.898124 -0.739150
v -0.499885 1.903423 -0.745123
v -0.469021 1.900318 -0.740901
v -0.499483 1.901070 -0.743150
v -0.468213 1.902663 -0.742808
v -0.498320 1.898588 -0.740951
v -0.468010 1.905069 -0.744798
v -0.496787 1.896562 -0.739024
vt 1.000000 0.875000
vt 1.000000 1.000000
vt 0.968750 1.000000
vt 0.968750 0.875000
vt 0.937500 1.000000
vt 0.937500 0.875000
vt 0.906250 1.000000
vt 0.906250 0.875000
vt 0.890625 0.875000
vt 0.890625 1.000000
vt 0.875000 1.000000
vt 0.875000 0.875000
vt 0.843750 1.000000
vt 0.843750 0.875000
vt 0.812500 1.000000
vt 0.812500 0.875000
vt 0.781250 1.000000
vt 0.781250 0.875000
vt 0.750000 1.000000
vt 0.750000 0.875000
vt 0.718750 1.000000
vt 0.718750 0.875000
vt 0.687500 1.000000
vt 0.687500 0.875000
vt 0.656250 1.000000
vt 0.656250 0.875000
vt 0.625000 1.000000
vt 0.625000 0.875000
vt 0.593750 1.000000
vt 0.593750 0.875000
vt 0.562500 1.000000
vt 0.562500 0.875000
vt 0.531250 1.000000
vt 0.531250 0.875000
vt 0.500000 1.000000
vt 0.500000 0.875000
vt 0.468750 1.000000
vt 0.468750 0.875000
vt 0.437500 1.000000
vt 0.437500 0.875000
vt 0.406250 1.000000
vt 0.406250 0.875000
vt 0.375000 1.000000
vt 0.375000 0.875000
vt 0.359375 0.875000
vt 0.359375 1.000000
vt 0.343750 1.000000
vt 0.343750 0.875000
vt 0.312500 1.000000
vt 0.312500 0.875000
vt 0.281250 1.000000
vt 0.281250 0.875000
vt 0.250000 1.000000
vt 0.250000 0.875000
vt 0.218750 1.000000
vt 0.218750 0.875000
vt 0.187500 1.000000
vt 0.187500 0.875000
vt 0.156250 1.000000
vt 0.156250 0.875000
vt 0.125000 1.000000
vt 0.125000 0.875000
vt 0.093750 1.000000
vt 0.093750 0.875000
vt 0.062500 1.000000
vt 0.062500 0.875000
vt 0.296822 0.485388
vt 0.250000 0.490000
vt 0.203179 0.485389
vt 0.158156 0.471731
vt 0.116663 0.449553
vt 0.080295 0.419706
vt 0.050447 0.383337
vt 0.028269 0.341844
vt 0.014612 0.296822
vt 0.010000 0.250000
vt 0.014611 0.203179
vt 0.028269 0.158156
vt 0.050447 0.116663
vt 0.065371 0.098479
vt 0.080294 0.080294
vt 0.116663 0.050447
vt 0.158156 0.028269
vt 0.203178 0.014612
vt 0.250000 0.010000
vt 0.296822 0.014612
vt 0.341844 0.028269
vt 0.383337 0.050447
vt 0.419706 0.080294
vt 0.449553 0.116663
vt 0.471731 0.158156
vt 0.485388 0.203178
vt 0.490000 0.250000
vt 0.485388 0.296822
vt 0.471731 0.341844
vt 0.449553 0.383337
vt 0.419706 0.419706
vt 0.401521 0.434629
vt 0.383337 0.449553
vt 0.341844 0.471731
vt 0.031250 1.000000
vt 0.031250 0.875000
vt 0.000000 1.000000
vt 0.000000 0.875000
vt 0.750000 0.490000
vt 0.796822 0.485388
vt 0.841844 0.471731
vt 0.883337 0.449553
vt 0.901521 0.434629
vt 0.919706 0.419706
vt 0.949553 0.383337
vt 0.971731 0.341844
vt 0.985388 0.296822
vt 0.990000 0.250000
vt 0.985388 0.203178
vt 0.971731 0.158156
vt 0.949553 0.116663
vt 0.919706 0.080294
vt 0.883337 0.050447
vt 0.841844 0.028269
vt 0.796822 0.014612
vt 0.750000 0.010000
vt 0.703178 0.014612
vt 0.658156 0.028269
vt 0.616663 0.050447
vt 0.580294 0.080294
vt 0.565371 0.098479
vt 0.550447 0.116663
vt 0.528269 0.158156
vt 0.514611 0.203179
vt 0.510000 0.250000
vt 0.514612 0.296822
vt 0.528269 0.341844
vt 0.550447 0.383337
vt 0.580295 0.419706
vt 0.616663 0.449553
vt 0.658156 0.471731
vt 0.703179 0.485389
vt 0.031250 0.500000
vt 0.031250 0.750000
vt 0.000000 0.750000
vt 0.000000 0.500000
vt 0.062500 0.500000
vt 0.062500 0.750000
vt 0.093750 0.500000
vt 0.093750 0.750000
vt 0.125000 0.500000
vt 0.125000 0.750000
vt 0.156250 0.500000
vt 0.156250 0.750000
vt 0.187500 0.500000
vt 0.187500 0.750000
vt 0.218750 0.500000
vt 0.218750 0.750000
vt 0.250000 0.500000
vt 0.250000 0.750000
vt 0.281250 0.500000
vt 0.281250 0.750000
vt 0.312500 0.500000
vt 0.312500 0.750000
vt 0.343750 0.500000
vt 0.343750 0.750000
vt 0.359375 0.500000
vt 0.359375 0.750000
vt 0.406250 0.500000
vt 0.406250 0.750000
vt 0.375000 0.750000
vt 0.375000 0.500000
vt 0.437500 0.500000
vt 0.437500 0.750000
vt 0.468750 0.500000
vt 0.468750 0.750000
vt 0.500000 0.500000
vt 0.500000 0.750000
vt 0.531250 0.500000
vt 0.531250 0.750000
vt 0.562500 0.500000
vt 0.562500 0.750000
vt 0.593750 0.500000
vt 0.593750 0.750000
vt 0.625000 0.500000
vt 0.625000 0.750000
vt 0.656250 0.500000
vt 0.656250 0.750000
vt 0.687500 0.500000
vt 0.687500 0.750000
vt 0.718750 0.500000
vt 0.718750 0.750000
vt 0.750000 0.500000
vt 0.750000 0.750000
vt 0.781250 0.500000
vt 0.781250 0.750000
vt 0.812500 0.500000
vt 0.812500 0.750000
vt 0.843750 0.500000
vt 0.843750 0.750000
vt 0.875000 0.500000
vt 0.875000 0.750000
vt 0.890625 0.500000
vt 0.890625 0.750000
vt 0.937500 0.500000
vt 0.937500 0.750000
vt 0.906250 0.750000
vt 0.906250 0.500000
vt 0.968750 0.500000
vt 0.968750 0.750000
vt 1.000000 0.500000
vt 1.000000 0.750000
vt 0.781250 0.875000
vt 0.812500 0.875000
vt 0.812500 0.875000
vt 0.781250 0.875000
vt 0.375000 0.875000
vt 0.406250 0.875000
vt 0.406250 0.875000
vt 0.375000 0.875000
vt 0.843750 0.875000
vt 0.843750 0.875000
vt 0.437500 0.875000
vt 0.437500 0.875000
vt 0.000000 0.875000
vt 0.031250 0.875000
vt 0.031250 0.875000
vt 0.000000 0.875000
vt 0.875000 0.875000
vt 0.875000 0.875000
vt 0.468750 0.875000
vt 0.468750 0.875000
vt 0.062500 0.875000
vt 0.062500 0.875000
vt 0.890625 0.875000
vt 0.890625 0.875000
vt 0.500000 0.875000
vt 0.500000 0.875000
vt 0.359375 0.875000
vt 0.359375 0.875000
vt 0.093750 0.875000
vt 0.093750 0.875000
vt 0.906250 0.875000
vt 0.937500 0.875000
vt 0.937500 0.875000
vt 0.906250 0.875000
vt 0.531250 0.875000
vt 0.531250 0.875000
vt 0.125000 0.875000
vt 0.125000 0.875000
vt 0.968750 0.875000
vt 0.968750 0.875000
vt 0.562500 0.875000
vt 0.562500 0.875000
vt 0.156250 0.875000
vt 0.156250 0.875000
vt 1.000000 0.875000
vt 1.000000 0.875000
vt 0.593750 0.875000
vt 0.593750 0.875000
vt 0.187500 0.875000
vt 0.187500 0.875000
vt 0.625000 0.875000
vt 0.625000 0.875000
vt 0.218750 0.875000
vt 0.218750 0.875000
vt 0.656250 0.875000
vt 0.656250 0.875000
vt 0.250000 0.875000
vt 0.250000 0.875000
vt 0.687500 0.875000
vt 0.687500 0.875000
vt 0.281250 0.875000
vt 0.281250 0.875000
vt 0.718750 0.875000
vt 0.718750 0.875000
vt 0.312500 0.875000
vt 0.312500 0.875000
vt 0.750000 0.875000
vt 0.750000 0.875000
vt 0.343750 0.875000
vt 0.343750 0.875000
vn 0.0185 -0.9328 -0.3599
vn -0.0795 -0.9239 -0.3742
vn 0.0668 -0.9710 -0.2294
vn -0.5312 -0.5976 -0.6006
vn -0.2692 -0.8337 -0.4822
vn -0.2853 -0.8048 -0.5205
vn -0.3106 -0.7475 -0.5872
vn -0.3170 -0.7029 -0.6367
vn -0.3097 -0.6556 -0.6886
vn -0.2897 -0.6110 -0.7367
vn -0.2585 -0.5703 -0.7797
vn -0.2180 -0.5347 -0.8165
vn -0.1701 -0.5049 -0.8463
vn -0.1164 -0.4815 -0.8687
vn -0.0589 -0.4647 -0.8835
vn 0.0011 -0.4549 -0.8906
vn 0.0621 -0.4519 -0.8899
vn 0.1226 -0.4557 -0.8817
vn 0.1954 -0.4659 -0.8630
vn 0.0851 -0.3544 -0.9312
vn 0.5770 -0.6484 -0.4965
vn 0.3463 -0.5403 -0.7669
vn 0.3603 -0.5670 -0.7407
vn 0.3866 -0.6234 -0.6796
vn 0.3974 -0.6667 -0.6305
vn 0.3947 -0.7150 -0.5771
vn 0.3771 -0.7635 -0.5243
vn 0.3445 -0.8099 -0.4748
vn 0.2974 -0.8519 -0.4310
vn 0.2376 -0.8871 -0.3957
vn -0.0432 0.7107 0.7022
vn 0.1676 -0.9134 -0.3710
vn 0.0907 -0.9291 -0.3585
vn 0.0465 -0.8000 -0.5983
vn -0.1213 0.5987 -0.7917
vn -0.3128 0.5764 -0.7550
vn -0.4927 0.5417 -0.6810
vn -0.6535 0.4958 -0.5719
vn -0.7872 0.4403 -0.4317
vn -0.8867 0.3778 -0.2664
vn -0.9466 0.3111 -0.0844
vn -0.9641 0.2441 0.1042
vn -0.9402 0.1802 0.2892
vn -0.8789 0.1225 0.4610
vn -0.7884 0.0745 0.6106
vn -0.6573 0.0313 0.7530
vn -0.5317 0.0026 0.8469
vn -0.3921 -0.0158 0.9198
vn -0.2413 -0.0254 0.9701
vn -0.0860 -0.0267 0.9959
vn 0.0700 -0.0194 0.9974
vn 0.2248 -0.0036 0.9744
vn 0.3758 0.0209 0.9265
vn 0.5196 0.0543 0.8527
vn 0.6517 0.0964 0.7523
vn 0.7662 0.1472 0.6256
vn 0.8561 0.2053 0.4742
vn 0.9144 0.2690 0.3025
vn 0.9348 0.3353 0.1175
vn 0.9134 0.4006 -0.0716
vn 0.8511 0.4609 -0.2514
vn 0.7503 0.5151 -0.4143
vn 0.5889 0.5678 -0.5752
vn 0.4405 0.5898 -0.6768
vn 0.2661 0.6045 -0.7509
vn 0.0740 0.6082 -0.7903
vn -0.1122 0.4928 -0.8628
vn -0.2990 0.4658 -0.8328
vn -0.4760 0.4215 -0.7718
vn -0.6367 0.3613 -0.6812
vn -0.7749 0.2870 -0.5631
vn -0.8843 0.2012 -0.4213
vn -0.9595 0.1072 -0.2607
vn -0.9961 0.0091 -0.0879
vn -0.9922 -0.0881 0.0882
vn -0.9452 -0.1844 0.2695
vn -0.8689 -0.2646 0.4183
vn -0.9554 -0.1915 0.2248
vn -0.4342 -0.4582 0.7756
vn -0.4463 -0.4347 0.7822
vn -0.2642 -0.4603 0.8475
vn -0.0793 -0.4679 0.8802
vn 0.1093 -0.4589 0.8817
vn 0.2945 -0.4334 0.8517
vn 0.4705 -0.3919 0.7906
vn 0.6312 -0.3350 0.6995
vn 0.7700 -0.2642 0.5808
vn 0.8805 -0.1814 0.4381
vn 0.9568 -0.0896 0.2767
vn 0.9946 0.0074 0.1033
vn 0.9917 0.1053 -0.0740
vn 0.9486 0.1988 -0.2461
vn 0.8620 0.2900 -0.4158
vn 0.7526 0.3586 -0.5523
vn 0.8586 0.2729 -0.4340
vn 0.3019 0.4738 -0.8273
vn 0.2744 0.4925 -0.8259
vn 0.0768 0.5019 -0.8615
vn 0.6156 0.3851 -0.6876
vn 0.6266 0.5579 -0.5441
vn -0.1159 -0.9661 -0.2307
vn -0.7654 -0.3711 0.5258
vn -0.6883 0.0422 0.7242
vn 0.2477 -0.3689 -0.8959
vn 0.9465 0.2681 -0.1797
vn -0.0958 -0.7776 0.6214
vn 0.8598 0.4118 -0.3020
vn -0.4505 -0.7013 0.5524
vn -0.1309 0.7606 -0.6358
vn 0.7639 0.5139 -0.3904
vn -0.2570 -0.7538 0.6047
vn -0.3216 0.7218 -0.6129
vn 0.9700 0.2075 -0.1263
vn -0.0647 -0.7737 0.6302
vn -0.6550 -0.6051 0.4526
vn -0.5000 0.6551 -0.5664
vn -0.1131 0.7561 -0.6446
vn 0.1311 -0.7641 0.6316
vn -0.6592 0.5632 -0.4983
vn 0.2685 0.7482 -0.6067
vn 0.3218 -0.7253 0.6086
vn -0.7930 0.4495 -0.4112
vn 0.0638 0.7703 -0.6345
vn 0.5002 -0.6586 0.5621
vn -0.8964 0.3186 -0.3082
vn 0.6594 -0.5667 0.4940
vn -0.9653 0.1753 -0.1936
vn 0.7933 -0.4531 0.4067
vn -0.9971 0.0251 -0.0715
vn 0.8966 -0.3221 0.3038
vn -0.9907 -0.1253 0.0526
vn 0.4607 0.6891 -0.5594
vn 0.9655 -0.1788 0.1891
vn -0.9426 -0.2799 0.1822
vn 0.9973 -0.0287 0.0670
vn -0.8750 -0.3950 0.2800
vn 0.9908 0.1225 -0.0577
vn -0.9987 -0.0491 -0.0110
vn -0.9995 -0.0329 0.0019
vn 0.9908 0.1221 -0.0580
vn -0.8783 -0.3281 0.3477
vn 0.9958 -0.0073 0.0913
vn -0.9438 -0.2333 0.2341
vn 0.9619 -0.1358 0.2374
vn 0.5600 0.5220 -0.6434
vn -0.9918 -0.1010 0.0786
vn 0.8905 -0.2581 0.3746
vn -0.9972 0.0272 -0.0695
vn 0.7849 -0.3696 0.4973
vn -0.9640 0.1561 -0.2155
vn 0.6494 -0.4660 0.6010
vn -0.8932 0.2793 -0.3524
vn 0.4895 -0.5438 0.6817
vn 0.0686 0.6695 -0.7396
vn -0.7880 0.3919 -0.4748
vn 0.3114 -0.6003 0.7366
vn 0.2749 0.6517 -0.7069
vn -0.6527 0.4896 -0.5782
vn 0.1220 -0.6337 0.7639
vn -0.0272 0.6652 -0.7462
vn -0.4927 0.5687 -0.6587
vn -0.7121 -0.5244 0.4668
vn -0.0718 -0.6428 0.7627
vn 0.9759 0.1805 -0.1230
vn -0.3142 0.6262 -0.7135
vn -0.2618 -0.6275 0.7333
vn 0.7668 0.4551 -0.4527
vn -0.1241 0.6602 -0.7407
vn -0.4529 -0.5854 0.6725
vn 0.8604 0.3701 -0.3502
vn -0.1923 -0.6436 0.7408
vn 0.9477 0.2462 -0.2030
usemtl None
s off
f 3725/3975/758 3630/3976/758 3632/3977/758 3726/3978/758
f 3726/3978/759 3632/3977/759 3634/3979/759 3727/3980/759
f 3727/3980/760 3634/3979/760 3636/3981/760 3728/3982/760
f 3760/3983/761 3758/3984/761 3638/3985/761 3729/3986/761
f 3729/3986/762 3638/3985/762 3640/3987/762 3730/3988/762
f 3730/3988/763 3640/3987/763 3642/3989/763 3731/3990/763
f 3731/3990/764 3642/3989/764 3644/3991/764 3732/3992/764
f 3732/3992/765 3644/3991/765 3646/3993/765 3733/3994/765
f 3733/3994/766 3646/3993/766 3648/3995/766 3734/3996/766
f 3734/3996/767 3648/3995/767 3650/3997/767 3735/3998/767
f 3735/3998/768 3650/3997/768 3652/3999/768 3736/4000/768
f 3736/4000/769 3652/3999/769 3654/4001/769 3737/4002/769
f 3737/4002/770 3654/4001/770 3656/4003/770 3738/4004/770
f 3738/4004/771 3656/4003/771 3658/4005/771 3739/4006/771
f 3739/4006/772 3658/4005/772 3660/4007/772 3740/4008/772
f 3740/4008/773 3660/4007/773 3662/4009/773 3741/4010/773
f 3741/4010/774 3662/4009/774 3664/4011/774 3742/4012/774
f 3742/4012/775 3664/4011/775 3666/4013/775 3743/4014/775
f 3743/4014/776 3666/4013/776 3668/4015/776 3744/4016/776
f 3744/4016/777 3668/4015/777 3670/4017/777 3745/4018/777
f 3764/4019/778 3762/4020/778 3672/4021/778 3746/4022/778
f 3746/4022/779 3672/4021/779 3674/4023/779 3747/4024/779
f 3747/4024/780 3674/4023/780 3676/4025/780 3748/4026/780
f 3748/4026/781 3676/4025/781 3678/4027/781 3749/4028/781
f 3749/4028/782 3678/4027/782 3680/4029/782 3750/4030/782
f 3750/4030/783 3680/4029/783 3682/4031/783 3751/4032/783
f 3751/4032/784 3682/4031/784 3684/4033/784 3752/4034/784
f 3752/4034/785 3684/4033/785 3686/4035/785 3753/4036/785
f 3753/4036/786 3686/4035/786 3688/4037/786 3754/4038/786
f 3754/4038/787 3688/4037/787 3690/4039/787 3755/4040/787
f 3632/4041/788 3630/4042/788 3692/4043/788 3690/4044/788 3688/4045/788 3686/4046/788 3684/4047/788 3682/4048/788 3680/4049/788 3678/4050/788 3676/4051/788 3674/4052/788 3672/4053/788 3762/4054/788 3670/4055/788 3668/4056/788 3666/4057/788 3664/4058/788 3662/4059/788 3660/4060/788 3658/4061/788 3656/4062/788 3654/4063/788 3652/4064/788 3650/4065/788 3648/4066/788 3646/4067/788 3644/4068/788 3642/4069/788 3640/4070/788 3638/4071/788 3758/4072/788 3636/4073/788 3634/4074/788
f 3755/4040/789 3690/4039/789 3692/4075/789 3756/4076/789
f 3756/4076/790 3692/4075/790 3630/4077/790 3725/4078/790
f 3629/4079/791 3631/4080/791 3633/4081/791 3635/4082/791 3757/4083/791 3637/4084/791 3639/4085/791 3641/4086/791 3643/4087/791 3645/4088/791 3647/4089/791 3649/4090/791 3651/4091/791 3653/4092/791 3655/4093/791 3657/4094/791 3659/4095/791 3661/4096/791 3663/4097/791 3665/4098/791 3667/4099/791 3669/4100/791 3761/4101/791 3671/4102/791 3673/4103/791 3675/4104/791 3677/4105/791 3679/4106/791 3681/4107/791 3683/4108/791 3685/4109/791 3687/4110/791 3689/4111/791 3691/4112/791
f 3691/4113/792 3724/4114/792 3693/4115/792 3629/4116/792
f 3689/4117/793 3723/4118/793 3724/4114/793 3691/4113/793
f 3687/4119/794 3722/4120/794 3723/4118/794 3689/4117/794
f 3685/4121/795 3721/4122/795 3722/4120/795 3687/4119/795
f 3683/4123/796 3720/4124/796 3721/4122/796 3685/4121/796
f 3681/4125/797 3719/4126/797 3720/4124/797 3683/4123/797
f 3679/4127/798 3718/4128/798 3719/4126/798 3681/4125/798
f 3677/4129/799 3717/4130/799 3718/4128/799 3679/4127/799
f 3675/4131/800 3716/4132/800 3717/4130/800 3677/4129/800
f 3673/4133/801 3715/4134/801 3716/4132/801 3675/4131/801
f 3671/4135/802 3714/4136/802 3715/4134/802 3673/4133/802
f 3761/4137/803 3763/4138/803 3714/4136/803 3671/4135/803
f 3667/4139/804 3712/4140/804 3713/4141/804 3669/4142/804
f 3665/4143/805 3711/4144/805 3712/4140/805 3667/4139/805
f 3663/4145/806 3710/4146/806 3711/4144/806 3665/4143/806
f 3661/4147/807 3709/4148/807 3710/4146/807 3663/4145/807
f 3659/4149/808 3708/4150/808 3709/4148/808 3661/4147/808
f 3657/4151/809 3707/4152/809 3708/4150/809 3659/4149/809
f 3655/4153/810 3706/4154/810 3707/4152/810 3657/4151/810
f 3653/4155/811 3705/4156/811 3706/4154/811 3655/4153/811
f 3651/4157/812 3704/4158/812 3705/4156/812 3653/4155/812
f 3649/4159/813 3703/4160/813 3704/4158/813 3651/4157/813
f 3647/4161/814 3702/4162/814 3703/4160/814 3649/4159/814
f 3645/4163/815 3701/4164/815 3702/4162/815 3647/4161/815
f 3643/4165/816 3700/4166/816 3701/4164/816 3645/4163/816
f 3641/4167/817 3699/4168/817 3700/4166/817 3643/4165/817
f 3639/4169/818 3698/4170/818 3699/4168/818 3641/4167/818
f 3637/4171/819 3697/4172/819 3698/4170/819 3639/4169/819
f 3757/4173/820 3759/4174/820 3697/4172/820 3637/4171/820
f 3633/4175/821 3695/4176/821 3696/4177/821 3635/4178/821
f 3631/4179/822 3694/4180/822 3695/4176/822 3633/4175/822
f 3629/4181/823 3693/4182/823 3694/4180/823 3631/4179/823
f 3724/4114/824 3756/4076/824 3725/4078/824 3693/4115/824
f 3723/4118/825 3755/4040/825 3756/4076/825 3724/4114/825
f 3722/4120/826 3754/4038/826 3755/4040/826 3723/4118/826
f 3721/4122/827 3753/4036/827 3754/4038/827 3722/4120/827
f 3720/4124/828 3752/4034/828 3753/4036/828 3721/4122/828
f 3719/4126/829 3751/4032/829 3752/4034/829 3720/4124/829
f 3718/4128/830 3750/4030/830 3751/4032/830 3719/4126/830
f 3717/4130/831 3749/4028/831 3750/4030/831 3718/4128/831
f 3716/4132/832 3748/4026/832 3749/4028/832 3717/4130/832
f 3715/4134/833 3747/4024/833 3748/4026/833 3716/4132/833
f 3714/4136/834 3746/4022/834 3747/4024/834 3715/4134/834
f 3763/4138/835 3764/4019/835 3746/4022/835 3714/4136/835
f 3712/4140/836 3744/4016/836 3745/4018/836 3713/4141/836
f 3711/4144/837 3743/4014/837 3744/4016/837 3712/4140/837
f 3710/4146/838 3742/4012/838 3743/4014/838 3711/4144/838
f 3709/4148/839 3741/4010/839 3742/4012/839 3710/4146/839
f 3708/4150/840 3740/4008/840 3741/4010/840 3709/4148/840
f 3707/4152/841 3739/4006/841 3740/4008/841 3708/4150/841
f 3706/4154/842 3738/4004/842 3739/4006/842 3707/4152/842
f 3705/4156/843 3737/4002/843 3738/4004/843 3706/4154/843
f 3704/4158/844 3736/4000/844 3737/4002/844 3705/4156/844
f 3703/4160/845 3735/3998/845 3736/4000/845 3704/4158/845
f 3702/4162/846 3734/3996/846 3735/3998/846 3703/4160/846
f 3701/4164/847 3733/3994/847 3734/3996/847 3702/4162/847
f 3700/4166/848 3732/3992/848 3733/3994/848 3701/4164/848
f 3699/4168/849 3731/3990/849 3732/3992/849 3700/4166/849
f 3698/4170/850 3730/3988/850 3731/3990/850 3699/4168/850
f 3697/4172/851 3729/3986/851 3730/3988/851 3698/4170/851
f 3759/4174/852 3760/3983/852 3729/3986/852 3697/4172/852
f 3695/4176/853 3727/3980/853 3728/3982/853 3696/4177/853
f 3694/4180/854 3726/3978/854 3727/3980/854 3695/4176/854
f 3693/4182/855 3725/3975/855 3726/3978/855 3694/4180/855
f 3696/4177/856 3728/3982/856 3760/3983/856 3759/4174/856
f 3635/4178/857 3696/4177/857 3759/4174/857 3757/4173/857
f 3728/3982/858 3636/3981/858 3758/3984/858 3760/3983/858
f 3713/4141/859 3745/4018/859 3764/4019/859 3763/4138/859
f 3669/4142/860 3713/4141/860 3763/4138/860 3761/4137/860
f 3745/4018/861 3670/4017/861 3762/4020/861 3764/4019/861
f 3800/4183/862 3799/4184/862 3771/4185/862 3772/4186/862
f 3802/4187/863 3801/4188/863 3784/4189/863 3785/4190/863
f 3799/4184/864 3803/4191/864 3770/4192/864 3771/4185/864
f 3801/4188/865 3804/4193/865 3783/4194/865 3784/4189/865
f 3806/4195/866 3805/4196/866 3796/4197/866 3765/4198/866
f 3803/4191/867 3807/4199/867 3769/4200/867 3770/4192/867
f 3804/4193/868 3808/4201/868 3782/4202/868 3783/4194/868
f 3805/4196/869 3809/4203/869 3795/4204/869 3796/4197/869
f 3807/4199/870 3810/4205/870 3797/4206/870 3769/4200/870
f 3808/4201/871 3811/4207/871 3781/4208/871 3782/4202/871
f 3802/4187/872 3812/4209/872 3798/4210/872 3785/4190/872
f 3809/4203/873 3813/4211/873 3794/4212/873 3795/4204/873
f 3815/4213/874 3814/4214/874 3767/4215/874 3768/4216/874
f 3811/4207/875 3816/4217/875 3780/4218/875 3781/4208/875
f 3813/4211/876 3817/4219/876 3793/4220/876 3794/4212/876
f 3814/4214/877 3818/4221/877 3766/4222/877 3767/4215/877
f 3816/4217/878 3819/4223/878 3779/4224/878 3780/4218/878
f 3817/4219/879 3820/4225/879 3792/4226/879 3793/4220/879
f 3818/4221/880 3806/4227/880 3765/4228/880 3766/4222/880
f 3819/4223/881 3821/4229/881 3778/4230/881 3779/4224/881
f 3820/4225/882 3822/4231/882 3791/4232/882 3792/4226/882
f 3821/4229/883 3823/4233/883 3777/4234/883 3778/4230/883
f 3822/4231/884 3824/4235/884 3790/4236/884 3791/4232/884
f 3823/4233/885 3825/4237/885 3776/4238/885 3777/4234/885
f 3824/4235/886 3826/4239/886 3789/4240/886 3790/4236/886
f 3825/4237/887 3827/4241/887 3775/4242/887 3776/4238/887
f 3826/4239/888 3828/4243/888 3788/4244/888 3789/4240/888
f 3815/4213/889 3810/4205/889 3797/4206/889 3768/4216/889
f 3827/4241/890 3829/4245/890 3774/4246/890 3775/4242/890
f 3828/4243/891 3830/4247/891 3787/4248/891 3788/4244/891
f 3829/4245/892 3831/4249/892 3773/4250/892 3774/4246/892
f 3830/4247/893 3832/4251/893 3786/4252/893 3787/4248/893
f 3831/4249/894 3800/4183/894 3772/4186/894 3773/4250/894
f 3832/4251/895 3812/4209/895 3798/4210/895 3786/4252/895
f 3746/4022/896 3764/4019/896 3812/4209/896 3832/4251/896
f 3733/3994/897 3732/3992/897 3800/4183/897 3831/4249/897
f 3747/4024/898 3746/4022/898 3832/4251/898 3830/4247/898
f 3734/3996/899 3733/3994/899 3831/4249/899 3829/4245/899
f 3748/4026/900 3747/4024/900 3830/4247/900 3828/4243/900
f 3735/3998/901 3734/3996/901 3829/4245/901 3827/4241/901
f 3728/3982/902 3760/3983/902 3810/4205/902 3815/4213/902
f 3749/4028/903 3748/4026/903 3828/4243/903 3826/4239/903
f 3736/4000/904 3735/3998/904 3827/4241/904 3825/4237/904
f 3750/4030/905 3749/4028/905 3826/4239/905 3824/4235/905
f 3737/4002/906 3736/4000/906 3825/4237/906 3823/4233/906
f 3751/4032/907 3750/4030/907 3824/4235/907 3822/4231/907
f 3738/4004/908 3737/4002/908 3823/4233/908 3821/4229/908
f 3752/4034/909 3751/4032/909 3822/4231/909 3820/4225/909
f 3739/4006/910 3738/4004/910 3821/4229/910 3819/4223/910
f 3726/3978/911 3725/3975/911 3806/4227/911 3818/4221/911
f 3753/4036/912 3752/4034/912 3820/4225/912 3817/4219/912
f 3740/4008/913 3739/4006/913 3819/4223/913 3816/4217/913
f 3727/3980/914 3726/3978/914 3818/4221/914 3814/4214/914
f 3754/4038/915 3753/4036/915 3817/4219/915 3813/4211/915
f 3741/4010/916 3740/4008/916 3816/4217/916 3811/4207/916
f 3728/3982/917 3727/3980/917 3814/4214/917 3815/4213/917
f 3755/4040/918 3754/4038/918 3813/4211/918 3809/4203/918
f 3745/4018/919 3764/4019/919 3812/4209/919 3802/4187/919
f 3742/4012/920 3741/4010/920 3811/4207/920 3808/4201/920
f 3729/3986/921 3760/3983/921 3810/4205/921 3807/4199/921
f 3756/4076/922 3755/4040/922 3809/4203/922 3805/4196/922
f 3743/4014/923 3742/4012/923 3808/4201/923 3804/4193/923
f 3730/3988/924 3729/3986/924 3807/4199/924 3803/4191/924
f 3725/4078/925 3756/4076/925 3805/4196/925 3806/4195/925
f 3744/4016/926 3743/4014/926 3804/4193/926 3801/4188/926
f 3731/3990/927 3730/3988/927 3803/4191/927 3799/4184/927
f 3745/4018/928 3744/4016/928 3801/4188/928 3802/4187/928
f 3732/3992/929 3731/3990/929 3799/4184/929 3800/4183/929
o corp_pompa.001_Cube.007
v -0.517032 1.579149 -0.690220
v -0.426726 1.580988 -0.683025
v -0.510915 1.579199 -0.767018
v -0.420608 1.581038 -0.759824
v -0.515847 1.710760 -0.818595
v -0.521313 1.689858 -0.744644
v -0.431007 1.691697 -0.737449
v -0.425541 1.712599 -0.811400
v -0.471879 1.580069 -0.686623
v -0.465761 1.580118 -0.763421
v -0.476160 1.690777 -0.741047
v -0.470694 1.711679 -0.814997
v -0.520184 1.650964 -0.702697
v -0.518064 1.613981 -0.690421
v -0.429884 1.652814 -0.695424
v -0.427758 1.615820 -0.683226
v -0.423850 1.656619 -0.772135
v -0.421640 1.615870 -0.760025
v -0.511947 1.614031 -0.767219
v -0.514151 1.654796 -0.779406
v -0.468997 1.655715 -0.775809
v -0.466793 1.614951 -0.763622
v -0.475031 1.651884 -0.699100
v -0.472911 1.614901 -0.686823
v -0.443185 1.580578 -0.761622
v -0.453583 1.691237 -0.739248
v -0.449302 1.580528 -0.684824
v -0.448117 1.712139 -0.813198
v -0.444217 1.615410 -0.761823
v -0.446421 1.656175 -0.774010
v -0.450334 1.615360 -0.685025
v -0.452454 1.652344 -0.697301
v -0.521613 1.811455 -0.843366
v -0.525196 1.760779 -0.785447
v -0.434889 1.762618 -0.778253
v -0.431307 1.813294 -0.836171
v -0.480043 1.761699 -0.781850
v -0.476460 1.812375 -0.839768
v -0.453883 1.812834 -0.837970
v -0.457466 1.762158 -0.780051
v -0.494456 1.579609 -0.688421
v -0.493271 1.711220 -0.816796
v -0.488338 1.579659 -0.765220
v -0.498737 1.690318 -0.742845
v -0.495488 1.614441 -0.688622
v -0.497607 1.651424 -0.700898
v -0.489370 1.614491 -0.765421
v -0.491574 1.655255 -0.777608
v -0.502619 1.761239 -0.783649
v -0.499037 1.811915 -0.841567
v -0.525343 1.847896 -0.830305
v -0.528114 1.789170 -0.780516
v -0.437807 1.791009 -0.773321
v -0.435036 1.849735 -0.823111
v -0.482961 1.790089 -0.776919
v -0.480190 1.848816 -0.826708
v -0.457613 1.849275 -0.824909
v -0.460384 1.790549 -0.775120
v -0.505537 1.789630 -0.778717
v -0.502766 1.848356 -0.828507
v -0.522760 1.725170 -0.773092
v -0.432453 1.727009 -0.765898
v -0.427846 1.764166 -0.833229
v -0.477607 1.726089 -0.769495
v -0.472999 1.763246 -0.836827
v -0.450422 1.763706 -0.835028
v -0.455030 1.726549 -0.767696
v -0.518152 1.762327 -0.840424
v -0.495575 1.762787 -0.838625
v -0.500183 1.725630 -0.771294
vt 0.125000 0.687500
vt 0.125000 0.750000
vt 0.375000 0.750000
vt 0.375000 0.687500
vt 0.426168 0.750000
vt 0.426168 1.000000
vt 0.451752 1.000000
vt 0.451752 0.750000
vt 0.426168 0.250000
vt 0.426168 0.500000
vt 0.451752 0.500000
vt 0.451752 0.250000
vt 0.426168 0.187500
vt 0.451752 0.187500
vt 0.426168 0.687500
vt 0.451752 0.687500
vt 0.426168 0.562500
vt 0.426168 0.625000
vt 0.451752 0.625000
vt 0.451752 0.562500
vt 0.426168 0.062500
vt 0.426168 0.125000
vt 0.451752 0.125000
vt 0.451752 0.062500
vt 0.125000 0.562500
vt 0.125000 0.625000
vt 0.375000 0.625000
vt 0.375000 0.562500
vt 0.375000 0.062500
vt 0.375000 0.125000
vt 0.400584 0.125000
vt 0.400584 0.062500
vt 0.400584 0.625000
vt 0.400584 0.562500
vt 0.400584 0.750000
vt 0.400584 0.687500
vt 0.375000 0.187500
vt 0.375000 0.250000
vt 0.400584 0.250000
vt 0.400584 0.187500
vt 0.375000 0.500000
vt 0.400584 0.500000
vt 0.375000 1.000000
vt 0.400584 1.000000
vt 0.125000 0.500000
vt 0.470940 0.125000
vt 0.470940 0.187500
vt 0.490128 0.187500
vt 0.490128 0.125000
vt 0.470940 0.500000
vt 0.470940 0.562500
vt 0.490128 0.562500
vt 0.490128 0.500000
vt 0.470940 0.625000
vt 0.490128 0.625000
vt 0.470940 0.062500
vt 0.490128 0.062500
vt 0.470940 0.750000
vt 0.470940 1.000000
vt 0.490128 1.000000
vt 0.490128 0.750000
vt 0.470940 0.250000
vt 0.490128 0.250000
vt 0.470940 0.687500
vt 0.490128 0.687500
vt 0.470940 0.000000
vt 0.490128 0.000000
vt 0.400584 0.000000
vt 0.426168 0.000000
vt 0.375000 0.000000
vt 0.451752 0.000000
vt 0.509316 0.687500
vt 0.509316 0.625000
vt 0.509316 0.062500
vt 0.509316 0.000000
vt 0.509316 0.187500
vt 0.509316 0.125000
vt 0.509316 0.562500
vt 0.509316 0.500000
vt 0.509316 1.000000
vt 0.509316 0.750000
vt 0.509316 0.250000
vn -0.0419 -0.7060 0.7070
vn -0.6064 -0.5907 0.5323
vn -0.5150 -0.5921 -0.6198
vn 0.0704 -0.7079 -0.7027
vn -0.6705 -0.3574 -0.6501
vn -0.7234 0.3622 0.5878
vn -0.7956 0.4032 0.4521
vn -0.5974 -0.4089 -0.6898
vn 0.5794 0.4482 0.6807
vn 0.8098 -0.2145 -0.5460
vn 0.7611 -0.2884 -0.5810
vn 0.6428 0.5300 0.5530
vn -0.0786 0.5371 0.8398
vn -0.0723 0.6790 0.7305
vn 0.0804 -0.4314 -0.8985
vn 0.0793 -0.4806 -0.8733
vn 0.0811 -0.4314 -0.8985
vn 0.0797 -0.4806 -0.8733
vn -0.0778 0.5372 0.8398
vn -0.0720 0.6790 0.7306
vn -0.0816 0.1585 0.9840
vn 0.0815 -0.1438 -0.9862
vn 0.0819 -0.1436 -0.9862
vn -0.6742 -0.1412 -0.7249
vn 0.5439 -0.5622 0.6229
vn 0.6148 0.1486 0.7745
vn -0.0821 0.1582 0.9840
vn 0.6360 -0.5636 -0.5271
vn 0.7980 -0.0511 -0.6005
vn -0.7277 0.0857 0.6805
vn -0.0794 0.4799 0.8737
vn -0.0807 0.0742 0.9940
vn 0.7471 -0.1085 -0.6558
vn 0.0819 -0.2229 -0.9714
vn 0.0756 0.1474 -0.9862
vn 0.7282 0.1574 -0.6670
vn -0.5836 -0.2189 -0.7819
vn -0.8219 0.2448 0.5143
vn -0.8328 -0.0256 0.5530
vn -0.5904 0.0646 -0.8045
vn 0.6617 0.3875 0.6418
vn 0.6881 0.1168 0.7161
vn -0.0059 0.9842 -0.1771
vn -0.0059 0.9842 -0.1770
vn -0.0819 0.2593 0.9623
vn -0.7077 0.1720 0.6852
vn 0.5316 0.8412 -0.0992
vn -0.5726 0.7954 -0.1982
vn 0.5286 0.2316 0.8166
usemtl None
s 1
f 3873/4253/930 3833/4254/931 3835/4255/932 3875/4256/933
f 3852/4257/934 3845/4258/935 3838/4259/936 3837/4260/937
f 3847/4261/938 3849/4262/939 3840/4263/940 3839/4264/941
f 3864/4265/942 3847/4261/938 3839/4264/941 3858/4266/943
f 3880/4267/944 3852/4257/934 3837/4260/937 3874/4268/945
f 3862/4269/946 3853/4270/944 3844/4271/945 3860/4272/947
f 3878/4273/948 3855/4274/948 3843/4275/949 3876/4276/949
f 3859/4277/930 3841/4278/930 3842/4279/933 3857/4280/933
f 3873/4281/930 3841/4282/930 3856/4283/950 3877/4284/950
f 3877/4284/950 3856/4283/950 3855/4274/948 3878/4273/948
f 3857/4280/933 3842/4279/933 3854/4285/951 3861/4286/952
f 3861/4286/952 3854/4285/951 3853/4270/944 3862/4269/946
f 3875/4256/933 3835/4255/932 3851/4287/953 3879/4288/951
f 3879/4288/951 3851/4287/953 3852/4257/934 3880/4267/944
f 3859/4289/930 3834/4290/954 3848/4291/955 3863/4292/956
f 3863/4292/956 3848/4291/955 3847/4261/938 3864/4265/942
f 3834/4290/954 3836/4293/957 3850/4294/958 3848/4291/955
f 3848/4291/955 3850/4294/958 3849/4262/939 3847/4261/938
f 3835/4255/932 3833/4295/931 3846/4296/959 3851/4287/953
f 3851/4287/953 3846/4296/959 3845/4258/935 3852/4257/934
f 3856/4283/950 3863/4292/956 3864/4265/942 3855/4274/948
f 3841/4282/930 3859/4289/930 3863/4292/956 3856/4283/950
f 3850/4294/958 3861/4286/952 3862/4269/946 3849/4262/939
f 3836/4293/957 3857/4280/933 3861/4286/952 3850/4294/958
f 3834/4297/954 3859/4277/930 3857/4280/933 3836/4293/957
f 3849/4262/939 3862/4269/946 3860/4272/947 3840/4263/940
f 3855/4274/948 3864/4265/942 3858/4266/943 3843/4275/949
f 3896/4298/960 3899/4299/960 3872/4300/961 3869/4301/961
f 3895/4302/962 3898/4303/963 3871/4304/964 3868/4305/965
f 3898/4303/963 3897/4306/963 3870/4307/964 3871/4304/964
f 3902/4308/960 3896/4298/960 3869/4301/961 3881/4309/961
f 3900/4310/966 3893/4311/967 3866/4312/968 3865/4313/969
f 3894/4314/970 3895/4302/962 3868/4305/965 3867/4315/971
f 3899/4299/960 3894/4314/970 3867/4315/971 3872/4300/961
f 3901/4316/963 3900/4310/966 3865/4313/969 3882/4317/964
f 3897/4306/963 3901/4316/963 3882/4317/964 3870/4307/964
f 3893/4318/967 3902/4308/960 3881/4309/961 3866/4319/968
f 3854/4285/951 3879/4288/951 3880/4267/944 3853/4270/944
f 3842/4279/933 3875/4256/933 3879/4288/951 3854/4285/951
f 3846/4320/959 3877/4284/950 3878/4273/948 3845/4321/935
f 3833/4322/931 3873/4281/930 3877/4284/950 3846/4320/959
f 3845/4321/935 3878/4273/948 3876/4276/949 3838/4323/936
f 3853/4270/944 3880/4267/944 3874/4268/945 3844/4271/945
f 3841/4278/930 3873/4253/930 3875/4256/933 3842/4279/933
f 3870/4307/964 3882/4317/964 3892/4324/972 3888/4325/973
f 3866/4319/968 3881/4309/961 3891/4326/974 3884/4327/975
f 3869/4301/961 3872/4300/961 3890/4328/974 3887/4329/974
f 3868/4305/965 3871/4304/964 3889/4330/972 3886/4331/976
f 3871/4304/964 3870/4307/964 3888/4325/973 3889/4330/972
f 3881/4309/961 3869/4301/961 3887/4329/974 3891/4326/974
f 3865/4313/969 3866/4312/968 3884/4332/975 3883/4333/977
f 3867/4315/971 3868/4305/965 3886/4331/976 3885/4334/978
f 3872/4300/961 3867/4315/971 3885/4334/978 3890/4328/974
f 3882/4317/964 3865/4313/969 3883/4333/977 3892/4324/972
f 3838/4323/936 3876/4276/949 3902/4308/960 3893/4318/967
f 3844/4271/945 3874/4268/945 3901/4316/963 3897/4306/963
f 3874/4268/945 3837/4260/937 3900/4310/966 3901/4316/963
f 3858/4266/943 3839/4264/941 3894/4314/970 3899/4299/960
f 3839/4264/941 3840/4263/940 3895/4302/962 3894/4314/970
f 3837/4260/937 3838/4259/936 3893/4311/967 3900/4310/966
f 3876/4276/949 3843/4275/949 3896/4298/960 3902/4308/960
f 3860/4272/947 3844/4271/945 3897/4306/963 3898/4303/963
f 3840/4263/940 3860/4272/947 3898/4303/963 3895/4302/962
f 3843/4275/949 3858/4266/943 3899/4299/960 3896/4298/960
f 3888/4325/973 3892/4324/972 3883/4333/977 3884/4327/975 3891/4326/974 3887/4329/974 3890/4328/974 3885/4334/978 3886/4331/976 3889/4330/972
o cap_pompa.002_Cylinder.006
v -0.831106 1.819234 -0.828548
v -0.832605 1.882588 -0.806812
v -0.825577 1.819050 -0.828064
v -0.825995 1.882360 -0.806286
v -0.820254 1.818237 -0.826725
v -0.819381 1.881041 -0.804977
v -0.815150 1.816918 -0.824538
v -0.814322 1.879399 -0.803265
v -0.811102 1.815095 -0.821873
v -0.807900 1.875965 -0.799482
v -0.807463 1.812435 -0.818251
v -0.804498 1.873028 -0.796179
v -0.804812 1.809572 -0.814230
v -0.801250 1.868987 -0.791624
v -0.803161 1.806478 -0.809930
v -0.799252 1.864555 -0.787028
v -0.802576 1.803233 -0.805469
v -0.798534 1.860003 -0.782296
v -0.803079 1.799960 -0.801017
v -0.799111 1.855417 -0.777576
v -0.804651 1.796787 -0.796745
v -0.800961 1.850976 -0.773047
v -0.807232 1.793834 -0.792817
v -0.804014 1.846850 -0.768885
v -0.810722 1.791216 -0.789385
v -0.808151 1.843197 -0.765250
v -0.814987 1.789032 -0.786579
v -0.813214 1.840158 -0.762280
v -0.819863 1.787368 -0.784508
v -0.819008 1.837850 -0.760090
v -0.825164 1.786286 -0.783251
v -0.825310 1.836361 -0.758763
v -0.830685 1.785830 -0.782857
v -0.831880 1.835749 -0.758352
v -0.836213 1.786015 -0.783340
v -0.838462 1.836037 -0.758871
v -0.841538 1.786836 -0.784684
v -0.844832 1.837279 -0.760349
v -0.846452 1.788271 -0.786855
v -0.850945 1.839205 -0.762824
v -0.850950 1.790384 -0.789790
v -0.855440 1.841337 -0.765324
v -0.854281 1.792688 -0.793077
v -0.860734 1.845653 -0.769965
v -0.856980 1.795511 -0.797185
v -0.863212 1.849167 -0.773523
v -0.858630 1.798594 -0.801469
v -0.865229 1.853810 -0.778100
v -0.859215 1.801838 -0.805930
v -0.865954 1.858342 -0.782857
v -0.858712 1.805110 -0.810383
v -0.865377 1.862927 -0.787579
v -0.857140 1.808282 -0.814656
v -0.863527 1.867367 -0.792110
v -0.854559 1.811233 -0.818585
v -0.860474 1.871492 -0.796274
v -0.851069 1.813850 -0.822019
v -0.856336 1.875143 -0.799912
v -0.846804 1.816032 -0.824825
v -0.851273 1.878181 -0.802884
v -0.841927 1.817695 -0.826897
v -0.845478 1.880488 -0.805075
v -0.836627 1.818777 -0.828154
v -0.839174 1.881976 -0.806402
v -0.831802 1.846380 -0.808241
v -0.828474 1.846244 -0.807968
v -0.825175 1.845700 -0.807156
v -0.821893 1.844665 -0.805717
v -0.820011 1.843697 -0.804527
v -0.817577 1.841828 -0.802397
v -0.815918 1.839858 -0.800117
v -0.814919 1.837794 -0.797686
v -0.814560 1.835623 -0.795160
v -0.814856 1.833435 -0.792640
v -0.815798 1.831316 -0.790223
v -0.817349 1.829347 -0.788001
v -0.819449 1.827602 -0.786060
v -0.822017 1.826150 -0.784474
v -0.824955 1.825046 -0.783305
v -0.828151 1.824333 -0.782597
v -0.831480 1.824038 -0.782378
v -0.834816 1.824171 -0.782655
v -0.838021 1.824724 -0.783419
v -0.841069 1.825744 -0.784649
v -0.843945 1.827310 -0.786446
v -0.845496 1.828503 -0.787889
v -0.847328 1.830532 -0.790422
v -0.848364 1.832625 -0.792942
v -0.848722 1.834794 -0.795459
v -0.848425 1.836982 -0.797979
v -0.847484 1.839101 -0.800397
v -0.845933 1.841071 -0.802618
v -0.843833 1.842815 -0.804559
v -0.841265 1.844267 -0.806145
v -0.838326 1.845371 -0.807314
v -0.835131 1.846084 -0.808022
v -0.832571 1.876729 -0.791115
v -0.829327 1.876595 -0.790862
v -0.825866 1.875933 -0.790032
v -0.822292 1.877255 -0.788726
v -0.820747 1.873832 -0.787585
v -0.818786 1.872037 -0.785890
v -0.817004 1.869817 -0.783658
v -0.816030 1.867631 -0.781444
v -0.815672 1.865336 -0.779131
v -0.815956 1.863024 -0.776825
v -0.816872 1.860786 -0.774612
v -0.818385 1.858707 -0.772579
v -0.820435 1.856867 -0.770803
v -0.822945 1.855336 -0.769353
v -0.825818 1.854174 -0.768285
v -0.828943 1.853426 -0.767639
v -0.832200 1.853119 -0.767441
v -0.835465 1.853266 -0.767698
v -0.838593 1.853859 -0.768388
v -0.841784 1.855039 -0.769623
v -0.845313 1.857122 -0.769434
v -0.846180 1.858001 -0.772575
v -0.847617 1.859856 -0.774648
v -0.848748 1.862240 -0.777126
v -0.849095 1.864515 -0.779428
v -0.848810 1.866827 -0.781734
v -0.847894 1.869064 -0.783946
v -0.846382 1.871143 -0.785978
v -0.844332 1.872982 -0.787753
v -0.841823 1.874512 -0.789202
v -0.838952 1.875674 -0.790270
v -0.835828 1.876423 -0.790916
v -0.813067 1.816089 -0.823262
v -0.810920 1.878442 -0.801204
v -0.821096 1.844130 -0.804964
v -0.821213 1.876965 -0.788214
v -0.852690 1.791531 -0.791385
v -0.858353 1.843872 -0.767192
v -0.844548 1.828068 -0.787250
v -0.846243 1.857767 -0.769957
v -0.834614 1.951410 -0.714688
v -0.831500 1.951248 -0.714473
v -0.828112 1.950535 -0.713738
v -0.818499 1.951913 -0.714412
v -0.823349 1.948395 -0.711738
v -0.821326 1.946389 -0.710250
v -0.819582 1.943966 -0.708350
v -0.818637 1.941647 -0.706478
v -0.818283 1.939192 -0.704520
v -0.818550 1.936722 -0.702568
v -0.819425 1.934331 -0.700697
v -0.820875 1.932112 -0.698978
v -0.822845 1.930150 -0.697479
v -0.825259 1.928519 -0.696255
v -0.828024 1.927284 -0.695355
v -0.831034 1.926490 -0.694813
v -0.834172 1.926169 -0.694650
v -0.837320 1.926334 -0.694872
v -0.840325 1.926966 -0.695465
v -0.843451 1.928256 -0.696506
v -0.853046 1.928738 -0.696976
v -0.847558 1.931247 -0.698840
v -0.849050 1.933375 -0.700732
v -0.850157 1.935957 -0.702884
v -0.850503 1.938388 -0.704819
v -0.850236 1.940859 -0.706771
v -0.849361 1.943249 -0.708642
v -0.847911 1.945467 -0.710360
v -0.845941 1.947430 -0.711860
v -0.843527 1.949060 -0.713083
v -0.840763 1.950296 -0.713983
v -0.837754 1.951089 -0.714525
v -0.825043 1.954002 -0.716114
v -0.847514 1.925401 -0.694141
v -0.818697 1.909044 -0.749785
v -0.817763 1.906810 -0.747854
v -0.842357 1.893898 -0.737563
v -0.851528 1.895021 -0.738597
v -0.820427 1.911386 -0.751752
v -0.839254 1.892652 -0.736484
v -0.836686 1.915894 -0.756149
v -0.833576 1.916205 -0.756319
v -0.822434 1.913327 -0.753297
v -0.836279 1.892045 -0.735873
v -0.839667 1.915128 -0.755589
v -0.824035 1.919018 -0.758055
v -0.833162 1.891889 -0.735645
v -0.846286 1.891016 -0.735012
v -0.842406 1.913935 -0.754659
v -0.827129 1.915367 -0.755341
v -0.817843 1.915796 -0.755285
v -0.830054 1.892201 -0.735815
v -0.844797 1.912363 -0.753396
v -0.830491 1.916052 -0.756098
v -0.827073 1.892967 -0.736376
v -0.846750 1.910471 -0.751848
v -0.824334 1.894159 -0.737305
v -0.848189 1.908332 -0.750075
v -0.821942 1.895732 -0.738568
v -0.849058 1.906029 -0.748144
v -0.819989 1.897624 -0.740116
v -0.849324 1.903648 -0.746130
v -0.818551 1.899763 -0.741889
v -0.848983 1.901306 -0.744133
v -0.817682 1.902066 -0.743820
v -0.847886 1.898816 -0.741911
v -0.817416 1.904446 -0.745834
v -0.846406 1.896769 -0.739964
vt 1.000000 0.875000
vt 1.000000 1.000000
vt 0.968750 1.000000
vt 0.968750 0.875000
vt 0.937500 1.000000
vt 0.937500 0.875000
vt 0.906250 1.000000
vt 0.906250 0.875000
vt 0.890625 0.875000
vt 0.890625 1.000000
vt 0.875000 1.000000
vt 0.875000 0.875000
vt 0.843750 1.000000
vt 0.843750 0.875000
vt 0.812500 1.000000
vt 0.812500 0.875000
vt 0.781250 1.000000
vt 0.781250 0.875000
vt 0.750000 1.000000
vt 0.750000 0.875000
vt 0.718750 1.000000
vt 0.718750 0.875000
vt 0.687500 1.000000
vt 0.687500 0.875000
vt 0.656250 1.000000
vt 0.656250 0.875000
vt 0.625000 1.000000
vt 0.625000 0.875000
vt 0.593750 1.000000
vt 0.593750 0.875000
vt 0.562500 1.000000
vt 0.562500 0.875000
vt 0.531250 1.000000
vt 0.531250 0.875000
vt 0.500000 1.000000
vt 0.500000 0.875000
vt 0.468750 1.000000
vt 0.468750 0.875000
vt 0.437500 1.000000
vt 0.437500 0.875000
vt 0.406250 1.000000
vt 0.406250 0.875000
vt 0.375000 1.000000
vt 0.375000 0.875000
vt 0.359375 0.875000
vt 0.359375 1.000000
vt 0.343750 1.000000
vt 0.343750 0.875000
vt 0.312500 1.000000
vt 0.312500 0.875000
vt 0.281250 1.000000
vt 0.281250 0.875000
vt 0.250000 1.000000
vt 0.250000 0.875000
vt 0.218750 1.000000
vt 0.218750 0.875000
vt 0.187500 1.000000
vt 0.187500 0.875000
vt 0.156250 1.000000
vt 0.156250 0.875000
vt 0.125000 1.000000
vt 0.125000 0.875000
vt 0.093750 1.000000
vt 0.093750 0.875000
vt 0.062500 1.000000
vt 0.062500 0.875000
vt 0.296822 0.485388
vt 0.250000 0.490000
vt 0.203179 0.485389
vt 0.158156 0.471731
vt 0.116663 0.449553
vt 0.080295 0.419706
vt 0.050447 0.383337
vt 0.028269 0.341844
vt 0.014612 0.296822
vt 0.010000 0.250000
vt 0.014611 0.203179
vt 0.028269 0.158156
vt 0.050447 0.116663
vt 0.065371 0.098479
vt 0.080294 0.080294
vt 0.116663 0.050447
vt 0.158156 0.028269
vt 0.203178 0.014612
vt 0.250000 0.010000
vt 0.296822 0.014612
vt 0.341844 0.028269
vt 0.383337 0.050447
vt 0.419706 0.080294
vt 0.449553 0.116663
vt 0.471731 0.158156
vt 0.485388 0.203178
vt 0.490000 0.250000
vt 0.485388 0.296822
vt 0.471731 0.341844
vt 0.449553 0.383337
vt 0.419706 0.419706
vt 0.401521 0.434629
vt 0.383337 0.449553
vt 0.341844 0.471731
vt 0.031250 1.000000
vt 0.031250 0.875000
vt 0.000000 1.000000
vt 0.000000 0.875000
vt 0.750000 0.490000
vt 0.796822 0.485388
vt 0.841844 0.471731
vt 0.883337 0.449553
vt 0.901521 0.434629
vt 0.919706 0.419706
vt 0.949553 0.383337
vt 0.971731 0.341844
vt 0.985388 0.296822
vt 0.990000 0.250000
vt 0.985388 0.203178
vt 0.971731 0.158156
vt 0.949553 0.116663
vt 0.919706 0.080294
vt 0.883337 0.050447
vt 0.841844 0.028269
vt 0.796822 0.014612
vt 0.750000 0.010000
vt 0.703178 0.014612
vt 0.658156 0.028269
vt 0.616663 0.050447
vt 0.580294 0.080294
vt 0.565371 0.098479
vt 0.550447 0.116663
vt 0.528269 0.158156
vt 0.514611 0.203179
vt 0.510000 0.250000
vt 0.514612 0.296822
vt 0.528269 0.341844
vt 0.550447 0.383337
vt 0.580295 0.419706
vt 0.616663 0.449553
vt 0.658156 0.471731
vt 0.703179 0.485389
vt 0.031250 0.500000
vt 0.031250 0.750000
vt 0.000000 0.750000
vt 0.000000 0.500000
vt 0.062500 0.500000
vt 0.062500 0.750000
vt 0.093750 0.500000
vt 0.093750 0.750000
vt 0.125000 0.500000
vt 0.125000 0.750000
vt 0.156250 0.500000
vt 0.156250 0.750000
vt 0.187500 0.500000
vt 0.187500 0.750000
vt 0.218750 0.500000
vt 0.218750 0.750000
vt 0.250000 0.500000
vt 0.250000 0.750000
vt 0.281250 0.500000
vt 0.281250 0.750000
vt 0.312500 0.500000
vt 0.312500 0.750000
vt 0.343750 0.500000
vt 0.343750 0.750000
vt 0.359375 0.500000
vt 0.359375 0.750000
vt 0.406250 0.500000
vt 0.406250 0.750000
vt 0.375000 0.750000
vt 0.375000 0.500000
vt 0.437500 0.500000
vt 0.437500 0.750000
vt 0.468750 0.500000
vt 0.468750 0.750000
vt 0.500000 0.500000
vt 0.500000 0.750000
vt 0.531250 0.500000
vt 0.531250 0.750000
vt 0.562500 0.500000
vt 0.562500 0.750000
vt 0.593750 0.500000
vt 0.593750 0.750000
vt 0.625000 0.500000
vt 0.625000 0.750000
vt 0.656250 0.500000
vt 0.656250 0.750000
vt 0.687500 0.500000
vt 0.687500 0.750000
vt 0.718750 0.500000
vt 0.718750 0.750000
vt 0.750000 0.500000
vt 0.750000 0.750000
vt 0.781250 0.500000
vt 0.781250 0.750000
vt 0.812500 0.500000
vt 0.812500 0.750000
vt 0.843750 0.500000
vt 0.843750 0.750000
vt 0.875000 0.500000
vt 0.875000 0.750000
vt 0.890625 0.500000
vt 0.890625 0.750000
vt 0.937500 0.500000
vt 0.937500 0.750000
vt 0.906250 0.750000
vt 0.906250 0.500000
vt 0.968750 0.500000
vt 0.968750 0.750000
vt 1.000000 0.500000
vt 1.000000 0.750000
vt 0.781250 0.875000
vt 0.812500 0.875000
vt 0.812500 0.875000
vt 0.781250 0.875000
vt 0.375000 0.875000
vt 0.406250 0.875000
vt 0.406250 0.875000
vt 0.375000 0.875000
vt 0.843750 0.875000
vt 0.843750 0.875000
vt 0.437500 0.875000
vt 0.437500 0.875000
vt 0.000000 0.875000
vt 0.031250 0.875000
vt 0.031250 0.875000
vt 0.000000 0.875000
vt 0.875000 0.875000
vt 0.875000 0.875000
vt 0.468750 0.875000
vt 0.468750 0.875000
vt 0.062500 0.875000
vt 0.062500 0.875000
vt 0.890625 0.875000
vt 0.890625 0.875000
vt 0.500000 0.875000
vt 0.500000 0.875000
vt 0.359375 0.875000
vt 0.359375 0.875000
vt 0.093750 0.875000
vt 0.093750 0.875000
vt 0.906250 0.875000
vt 0.937500 0.875000
vt 0.937500 0.875000
vt 0.906250 0.875000
vt 0.531250 0.875000
vt 0.531250 0.875000
vt 0.125000 0.875000
vt 0.125000 0.875000
vt 0.968750 0.875000
vt 0.968750 0.875000
vt 0.562500 0.875000
vt 0.562500 0.875000
vt 0.156250 0.875000
vt 0.156250 0.875000
vt 1.000000 0.875000
vt 1.000000 0.875000
vt 0.593750 0.875000
vt 0.593750 0.875000
vt 0.187500 0.875000
vt 0.187500 0.875000
vt 0.625000 0.875000
vt 0.625000 0.875000
vt 0.218750 0.875000
vt 0.218750 0.875000
vt 0.656250 0.875000
vt 0.656250 0.875000
vt 0.250000 0.875000
vt 0.250000 0.875000
vt 0.687500 0.875000
vt 0.687500 0.875000
vt 0.281250 0.875000
vt 0.281250 0.875000
vt 0.718750 0.875000
vt 0.718750 0.875000
vt 0.312500 0.875000
vt 0.312500 0.875000
vt 0.750000 0.875000
vt 0.750000 0.875000
vt 0.343750 0.875000
vt 0.343750 0.875000
vn -0.0066 -0.9365 -0.3505
vn -0.1044 -0.9251 -0.3650
vn 0.0407 -0.9747 -0.2197
vn -0.5474 -0.5892 -0.5943
vn -0.2917 -0.8310 -0.4737
vn -0.3070 -0.8020 -0.5123
vn -0.3308 -0.7448 -0.5795
vn -0.3361 -0.7005 -0.6296
vn -0.3276 -0.6540 -0.6819
vn -0.3064 -0.6103 -0.7305
vn -0.2741 -0.5709 -0.7739
vn -0.2327 -0.5368 -0.8110
vn -0.1840 -0.5086 -0.8411
vn -0.1298 -0.4868 -0.8638
vn -0.0719 -0.4718 -0.8788
vn -0.0116 -0.4636 -0.8860
vn 0.0494 -0.4623 -0.8854
vn 0.1098 -0.4676 -0.8771
vn 0.1823 -0.4795 -0.8584
vn 0.0750 -0.3658 -0.9277
vn 0.5592 -0.6686 -0.4903
vn 0.3313 -0.5570 -0.7616
vn 0.3445 -0.5838 -0.7351
vn 0.3694 -0.6402 -0.6735
vn 0.3791 -0.6833 -0.6240
vn 0.3751 -0.7310 -0.5701
vn 0.3563 -0.7784 -0.5168
vn 0.3225 -0.8235 -0.4668
vn 0.2743 -0.8638 -0.4226
vn 0.2136 -0.8970 -0.3869
vn -0.0238 0.7185 0.6951
vn 0.1429 -0.9212 -0.3619
vn 0.0657 -0.9347 -0.3492
vn 0.0247 -0.8068 -0.5903
vn -0.1057 0.5939 -0.7976
vn -0.2978 0.5770 -0.7606
vn -0.4786 0.5478 -0.6862
vn -0.6404 0.5074 -0.5766
vn -0.7755 0.4569 -0.4358
vn -0.8765 0.3986 -0.2698
vn -0.9380 0.3355 -0.0871
vn -0.9572 0.2708 0.1022
vn -0.9348 0.2081 0.2878
vn -0.8750 0.1505 0.4600
vn -0.7857 0.1016 0.6102
vn -0.6557 0.0564 0.7529
vn -0.5309 0.0252 0.8470
vn -0.3918 0.0039 0.9201
vn -0.2412 -0.0093 0.9704
vn -0.0861 -0.0145 0.9962
vn 0.0701 -0.0113 0.9975
vn 0.2253 0.0001 0.9743
vn 0.3768 0.0201 0.9261
vn 0.5214 0.0489 0.8519
vn 0.6545 0.0865 0.7511
vn 0.7702 0.1329 0.6238
vn 0.8616 0.1871 0.4718
vn 0.9214 0.2474 0.2995
vn 0.9435 0.3113 0.1138
vn 0.9238 0.3754 -0.0760
vn 0.8629 0.4355 -0.2563
vn 0.7636 0.4907 -0.4197
vn 0.6035 0.5461 -0.5811
vn 0.4556 0.5711 -0.6829
vn 0.2817 0.5896 -0.7569
vn 0.0896 0.5981 -0.7964
vn -0.0996 0.4870 -0.8677
vn -0.2870 0.4653 -0.8373
vn -0.4651 0.4264 -0.7758
vn -0.6273 0.3714 -0.6845
vn -0.7674 0.3020 -0.5657
vn -0.8789 0.2205 -0.4229
vn -0.9564 0.1302 -0.2614
vn -0.9955 0.0348 -0.0876
vn -0.9941 -0.0607 0.0895
vn -0.9496 -0.1564 0.2716
vn -0.8754 -0.2372 0.4213
vn -0.9600 -0.1636 0.2271
vn -0.4457 -0.4387 0.7803
vn -0.4572 -0.4148 0.7867
vn -0.2759 -0.4447 0.8522
vn -0.0911 -0.4568 0.8849
vn 0.0976 -0.4529 0.8862
vn 0.2834 -0.4326 0.8559
vn 0.4604 -0.3964 0.7943
vn 0.6225 -0.3448 0.7026
vn 0.7630 -0.2788 0.5831
vn 0.8756 -0.2005 0.4395
vn 0.9542 -0.1123 0.2771
vn 0.9945 -0.0181 0.1029
vn 0.9941 0.0780 -0.0755
vn 0.9534 0.1709 -0.2485
vn 0.8692 0.2627 -0.4190
vn 0.7615 0.3328 -0.5562
vn 0.8653 0.2456 -0.4370
vn 0.3139 0.4573 -0.8321
vn 0.2869 0.4768 -0.8309
vn 0.0896 0.4911 -0.8665
vn 0.6252 0.3616 -0.6917
vn 0.6409 0.5356 -0.5499
vn -0.1418 -0.9649 -0.2210
vn -0.7747 -0.3453 0.5298
vn -0.6864 0.0678 0.7240
vn 0.2371 -0.3843 -0.8922
vn 0.9532 0.2409 -0.1827
vn -0.1161 -0.7686 0.6291
vn 0.8703 0.3856 -0.3064
vn -0.4688 -0.6835 0.5595
vn -0.1109 0.7575 -0.6433
vn 0.7771 0.4894 -0.3959
vn -0.2767 -0.7406 0.6123
vn -0.3027 0.7239 -0.6199
vn 0.9751 0.1803 -0.1288
vn -0.0849 -0.7654 0.6379
vn -0.6706 -0.5829 0.4589
vn -0.4827 0.6625 -0.5728
vn -0.0933 0.7524 -0.6521
vn 0.1111 -0.7610 0.6391
vn -0.6442 0.5756 -0.5037
vn 0.2879 0.7347 -0.6143
vn 0.3027 -0.7275 0.6157
vn -0.7810 0.4664 -0.4153
vn 0.0840 0.7619 -0.6422
vn 0.4828 -0.6661 0.5685
vn -0.8878 0.3393 -0.3111
vn 0.6443 -0.5792 0.4993
vn -0.9604 0.1990 -0.1949
vn 0.7812 -0.4701 0.4109
vn -0.9961 0.0510 -0.0713
vn 0.8879 -0.3429 0.3066
vn -0.9937 -0.0982 0.0542
vn 0.4786 0.6709 -0.5664
vn 0.9605 -0.2027 0.1905
vn -0.9496 -0.2528 0.1853
vn 0.9963 -0.0547 0.0669
vn -0.8850 -0.3686 0.2843
vn 0.9937 0.0954 -0.0593
vn -0.9997 -0.0225 -0.0101
vn -1.0000 -0.0062 0.0026
vn 0.9937 0.0950 -0.0596
vn -0.8866 -0.3010 0.3513
vn 0.9953 -0.0330 0.0910
vn -0.9495 -0.2056 0.2368
vn 0.9581 -0.1590 0.2384
vn 0.5733 0.5004 -0.6488
vn -0.9941 -0.0737 0.0799
vn 0.8836 -0.2781 0.3768
vn -0.9962 0.0532 -0.0693
vn 0.7751 -0.3854 0.5007
vn -0.9596 0.1796 -0.2167
vn 0.6371 -0.4772 0.6053
vn -0.8857 0.2995 -0.3548
vn 0.4752 -0.5498 0.6869
vn 0.0859 0.6601 -0.7463
vn -0.7776 0.4080 -0.4784
vn 0.2958 -0.6010 0.7425
vn 0.2917 0.6371 -0.7134
vn -0.6398 0.5010 -0.5828
vn 0.1056 -0.6290 0.7702
vn -0.0100 0.6582 -0.7528
vn -0.4777 0.5750 -0.6642
vn -0.7255 -0.5005 0.4723
vn -0.0885 -0.6330 0.7691
vn 0.9802 0.1531 -0.1252
vn -0.2979 0.6273 -0.7196
vn -0.2780 -0.6129 0.7396
vn 0.7784 0.4299 -0.4575
vn -0.1069 0.6559 -0.7472
vn -0.4679 -0.5663 0.6785
vn 0.8698 0.3435 -0.3543
vn -0.2090 -0.6308 0.7473
vn 0.9538 0.2188 -0.2058
usemtl None
s off
f 3999/4335/979 3904/4336/979 3906/4337/979 4000/4338/979
f 4000/4338/980 3906/4337/980 3908/4339/980 4001/4340/980
f 4001/4340/981 3908/4339/981 3910/4341/981 4002/4342/981
f 4034/4343/982 4032/4344/982 3912/4345/982 4003/4346/982
f 4003/4346/983 3912/4345/983 3914/4347/983 4004/4348/983
f 4004/4348/984 3914/4347/984 3916/4349/984 4005/4350/984
f 4005/4350/985 3916/4349/985 3918/4351/985 4006/4352/985
f 4006/4352/986 3918/4351/986 3920/4353/986 4007/4354/986
f 4007/4354/987 3920/4353/987 3922/4355/987 4008/4356/987
f 4008/4356/988 3922/4355/988 3924/4357/988 4009/4358/988
f 4009/4358/989 3924/4357/989 3926/4359/989 4010/4360/989
f 4010/4360/990 3926/4359/990 3928/4361/990 4011/4362/990
f 4011/4362/991 3928/4361/991 3930/4363/991 4012/4364/991
f 4012/4364/992 3930/4363/992 3932/4365/992 4013/4366/992
f 4013/4366/993 3932/4365/993 3934/4367/993 4014/4368/993
f 4014/4368/994 3934/4367/994 3936/4369/994 4015/4370/994
f 4015/4370/995 3936/4369/995 3938/4371/995 4016/4372/995
f 4016/4372/996 3938/4371/996 3940/4373/996 4017/4374/996
f 4017/4374/997 3940/4373/997 3942/4375/997 4018/4376/997
f 4018/4376/998 3942/4375/998 3944/4377/998 4019/4378/998
f 4038/4379/999 4036/4380/999 3946/4381/999 4020/4382/999
f 4020/4382/1000 3946/4381/1000 3948/4383/1000 4021/4384/1000
f 4021/4384/1001 3948/4383/1001 3950/4385/1001 4022/4386/1001
f 4022/4386/1002 3950/4385/1002 3952/4387/1002 4023/4388/1002
f 4023/4388/1003 3952/4387/1003 3954/4389/1003 4024/4390/1003
f 4024/4390/1004 3954/4389/1004 3956/4391/1004 4025/4392/1004
f 4025/4392/1005 3956/4391/1005 3958/4393/1005 4026/4394/1005
f 4026/4394/1006 3958/4393/1006 3960/4395/1006 4027/4396/1006
f 4027/4396/1007 3960/4395/1007 3962/4397/1007 4028/4398/1007
f 4028/4398/1008 3962/4397/1008 3964/4399/1008 4029/4400/1008
f 3906/4401/1009 3904/4402/1009 3966/4403/1009 3964/4404/1009 3962/4405/1009 3960/4406/1009 3958/4407/1009 3956/4408/1009 3954/4409/1009 3952/4410/1009 3950/4411/1009 3948/4412/1009 3946/4413/1009 4036/4414/1009 3944/4415/1009 3942/4416/1009 3940/4417/1009 3938/4418/1009 3936/4419/1009 3934/4420/1009 3932/4421/1009 3930/4422/1009 3928/4423/1009 3926/4424/1009 3924/4425/1009 3922/4426/1009 3920/4427/1009 3918/4428/1009 3916/4429/1009 3914/4430/1009 3912/4431/1009 4032/4432/1009 3910/4433/1009 3908/4434/1009
f 4029/4400/1010 3964/4399/1010 3966/4435/1010 4030/4436/1010
f 4030/4436/1011 3966/4435/1011 3904/4437/1011 3999/4438/1011
f 3903/4439/1012 3905/4440/1012 3907/4441/1012 3909/4442/1012 4031/4443/1012 3911/4444/1012 3913/4445/1012 3915/4446/1012 3917/4447/1012 3919/4448/1012 3921/4449/1012 3923/4450/1012 3925/4451/1012 3927/4452/1012 3929/4453/1012 3931/4454/1012 3933/4455/1012 3935/4456/1012 3937/4457/1012 3939/4458/1012 3941/4459/1012 3943/4460/1012 4035/4461/1012 3945/4462/1012 3947/4463/1012 3949/4464/1012 3951/4465/1012 3953/4466/1012 3955/4467/1012 3957/4468/1012 3959/4469/1012 3961/4470/1012 3963/4471/1012 3965/4472/1012
f 3965/4473/1013 3998/4474/1013 3967/4475/1013 3903/4476/1013
f 3963/4477/1014 3997/4478/1014 3998/4474/1014 3965/4473/1014
f 3961/4479/1015 3996/4480/1015 3997/4478/1015 3963/4477/1015
f 3959/4481/1016 3995/4482/1016 3996/4480/1016 3961/4479/1016
f 3957/4483/1017 3994/4484/1017 3995/4482/1017 3959/4481/1017
f 3955/4485/1018 3993/4486/1018 3994/4484/1018 3957/4483/1018
f 3953/4487/1019 3992/4488/1019 3993/4486/1019 3955/4485/1019
f 3951/4489/1020 3991/4490/1020 3992/4488/1020 3953/4487/1020
f 3949/4491/1021 3990/4492/1021 3991/4490/1021 3951/4489/1021
f 3947/4493/1022 3989/4494/1022 3990/4492/1022 3949/4491/1022
f 3945/4495/1023 3988/4496/1023 3989/4494/1023 3947/4493/1023
f 4035/4497/1024 4037/4498/1024 3988/4496/1024 3945/4495/1024
f 3941/4499/1025 3986/4500/1025 3987/4501/1025 3943/4502/1025
f 3939/4503/1026 3985/4504/1026 3986/4500/1026 3941/4499/1026
f 3937/4505/1027 3984/4506/1027 3985/4504/1027 3939/4503/1027
f 3935/4507/1028 3983/4508/1028 3984/4506/1028 3937/4505/1028
f 3933/4509/1029 3982/4510/1029 3983/4508/1029 3935/4507/1029
f 3931/4511/1030 3981/4512/1030 3982/4510/1030 3933/4509/1030
f 3929/4513/1031 3980/4514/1031 3981/4512/1031 3931/4511/1031
f 3927/4515/1032 3979/4516/1032 3980/4514/1032 3929/4513/1032
f 3925/4517/1033 3978/4518/1033 3979/4516/1033 3927/4515/1033
f 3923/4519/1034 3977/4520/1034 3978/4518/1034 3925/4517/1034
f 3921/4521/1035 3976/4522/1035 3977/4520/1035 3923/4519/1035
f 3919/4523/1036 3975/4524/1036 3976/4522/1036 3921/4521/1036
f 3917/4525/1037 3974/4526/1037 3975/4524/1037 3919/4523/1037
f 3915/4527/1038 3973/4528/1038 3974/4526/1038 3917/4525/1038
f 3913/4529/1039 3972/4530/1039 3973/4528/1039 3915/4527/1039
f 3911/4531/1040 3971/4532/1040 3972/4530/1040 3913/4529/1040
f 4031/4533/1041 4033/4534/1041 3971/4532/1041 3911/4531/1041
f 3907/4535/1042 3969/4536/1042 3970/4537/1042 3909/4538/1042
f 3905/4539/1043 3968/4540/1043 3969/4536/1043 3907/4535/1043
f 3903/4541/1044 3967/4542/1044 3968/4540/1044 3905/4539/1044
f 3998/4474/1045 4030/4436/1045 3999/4438/1045 3967/4475/1045
f 3997/4478/1046 4029/4400/1046 4030/4436/1046 3998/4474/1046
f 3996/4480/1047 4028/4398/1047 4029/4400/1047 3997/4478/1047
f 3995/4482/1048 4027/4396/1048 4028/4398/1048 3996/4480/1048
f 3994/4484/1049 4026/4394/1049 4027/4396/1049 3995/4482/1049
f 3993/4486/1050 4025/4392/1050 4026/4394/1050 3994/4484/1050
f 3992/4488/1051 4024/4390/1051 4025/4392/1051 3993/4486/1051
f 3991/4490/1052 4023/4388/1052 4024/4390/1052 3992/4488/1052
f 3990/4492/1053 4022/4386/1053 4023/4388/1053 3991/4490/1053
f 3989/4494/1054 4021/4384/1054 4022/4386/1054 3990/4492/1054
f 3988/4496/1055 4020/4382/1055 4021/4384/1055 3989/4494/1055
f 4037/4498/1056 4038/4379/1056 4020/4382/1056 3988/4496/1056
f 3986/4500/1057 4018/4376/1057 4019/4378/1057 3987/4501/1057
f 3985/4504/1058 4017/4374/1058 4018/4376/1058 3986/4500/1058
f 3984/4506/1059 4016/4372/1059 4017/4374/1059 3985/4504/1059
f 3983/4508/1060 4015/4370/1060 4016/4372/1060 3984/4506/1060
f 3982/4510/1061 4014/4368/1061 4015/4370/1061 3983/4508/1061
f 3981/4512/1062 4013/4366/1062 4014/4368/1062 3982/4510/1062
f 3980/4514/1063 4012/4364/1063 4013/4366/1063 3981/4512/1063
f 3979/4516/1064 4011/4362/1064 4012/4364/1064 3980/4514/1064
f 3978/4518/1065 4010/4360/1065 4011/4362/1065 3979/4516/1065
f 3977/4520/1066 4009/4358/1066 4010/4360/1066 3978/4518/1066
f 3976/4522/1067 4008/4356/1067 4009/4358/1067 3977/4520/1067
f 3975/4524/1068 4007/4354/1068 4008/4356/1068 3976/4522/1068
f 3974/4526/1069 4006/4352/1069 4007/4354/1069 3975/4524/1069
f 3973/4528/1070 4005/4350/1070 4006/4352/1070 3974/4526/1070
f 3972/4530/1071 4004/4348/1071 4005/4350/1071 3973/4528/1071
f 3971/4532/1072 4003/4346/1072 4004/4348/1072 3972/4530/1072
f 4033/4534/1073 4034/4343/1073 4003/4346/1073 3971/4532/1073
f 3969/4536/1074 4001/4340/1074 4002/4342/1074 3970/4537/1074
f 3968/4540/1075 4000/4338/1075 4001/4340/1075 3969/4536/1075
f 3967/4542/1076 3999/4335/1076 4000/4338/1076 3968/4540/1076
f 3970/4537/1077 4002/4342/1077 4034/4343/1077 4033/4534/1077
f 3909/4538/1078 3970/4537/1078 4033/4534/1078 4031/4533/1078
f 4002/4342/1079 3910/4341/1079 4032/4344/1079 4034/4343/1079
f 3987/4501/1080 4019/4378/1080 4038/4379/1080 4037/4498/1080
f 3943/4502/1081 3987/4501/1081 4037/4498/1081 4035/4497/1081
f 4019/4378/1082 3944/4377/1082 4036/4380/1082 4038/4379/1082
f 4074/4543/1083 4073/4544/1083 4045/4545/1083 4046/4546/1083
f 4076/4547/1084 4075/4548/1084 4058/4549/1084 4059/4550/1084
f 4073/4544/1085 4077/4551/1085 4044/4552/1085 4045/4545/1085
f 4075/4548/1086 4078/4553/1086 4057/4554/1086 4058/4549/1086
f 4080/4555/1087 4079/4556/1087 4070/4557/1087 4039/4558/1087
f 4077/4551/1088 4081/4559/1088 4043/4560/1088 4044/4552/1088
f 4078/4553/1089 4082/4561/1089 4056/4562/1089 4057/4554/1089
f 4079/4556/1090 4083/4563/1090 4069/4564/1090 4070/4557/1090
f 4081/4559/1091 4084/4565/1091 4071/4566/1091 4043/4560/1091
f 4082/4561/1092 4085/4567/1092 4055/4568/1092 4056/4562/1092
f 4076/4547/1093 4086/4569/1093 4072/4570/1093 4059/4550/1093
f 4083/4563/1094 4087/4571/1094 4068/4572/1094 4069/4564/1094
f 4089/4573/1095 4088/4574/1095 4041/4575/1095 4042/4576/1095
f 4085/4567/1096 4090/4577/1096 4054/4578/1096 4055/4568/1096
f 4087/4571/1097 4091/4579/1097 4067/4580/1097 4068/4572/1097
f 4088/4574/1098 4092/4581/1098 4040/4582/1098 4041/4575/1098
f 4090/4577/1099 4093/4583/1099 4053/4584/1099 4054/4578/1099
f 4091/4579/1100 4094/4585/1100 4066/4586/1100 4067/4580/1100
f 4092/4581/1101 4080/4587/1101 4039/4588/1101 4040/4582/1101
f 4093/4583/1102 4095/4589/1102 4052/4590/1102 4053/4584/1102
f 4094/4585/1103 4096/4591/1103 4065/4592/1103 4066/4586/1103
f 4095/4589/1104 4097/4593/1104 4051/4594/1104 4052/4590/1104
f 4096/4591/1105 4098/4595/1105 4064/4596/1105 4065/4592/1105
f 4097/4593/1106 4099/4597/1106 4050/4598/1106 4051/4594/1106
f 4098/4595/1107 4100/4599/1107 4063/4600/1107 4064/4596/1107
f 4099/4597/1108 4101/4601/1108 4049/4602/1108 4050/4598/1108
f 4100/4599/1109 4102/4603/1109 4062/4604/1109 4063/4600/1109
f 4089/4573/1110 4084/4565/1110 4071/4566/1110 4042/4576/1110
f 4101/4601/1111 4103/4605/1111 4048/4606/1111 4049/4602/1111
f 4102/4603/1112 4104/4607/1112 4061/4608/1112 4062/4604/1112
f 4103/4605/1113 4105/4609/1113 4047/4610/1113 4048/4606/1113
f 4104/4607/1114 4106/4611/1114 4060/4612/1114 4061/4608/1114
f 4105/4609/1115 4074/4543/1115 4046/4546/1115 4047/4610/1115
f 4106/4611/1116 4086/4569/1116 4072/4570/1116 4060/4612/1116
f 4020/4382/1117 4038/4379/1117 4086/4569/1117 4106/4611/1117
f 4007/4354/1118 4006/4352/1118 4074/4543/1118 4105/4609/1118
f 4021/4384/1119 4020/4382/1119 4106/4611/1119 4104/4607/1119
f 4008/4356/1120 4007/4354/1120 4105/4609/1120 4103/4605/1120
f 4022/4386/1121 4021/4384/1121 4104/4607/1121 4102/4603/1121
f 4009/4358/1122 4008/4356/1122 4103/4605/1122 4101/4601/1122
f 4002/4342/1123 4034/4343/1123 4084/4565/1123 4089/4573/1123
f 4023/4388/1124 4022/4386/1124 4102/4603/1124 4100/4599/1124
f 4010/4360/1125 4009/4358/1125 4101/4601/1125 4099/4597/1125
f 4024/4390/1126 4023/4388/1126 4100/4599/1126 4098/4595/1126
f 4011/4362/1127 4010/4360/1127 4099/4597/1127 4097/4593/1127
f 4025/4392/1128 4024/4390/1128 4098/4595/1128 4096/4591/1128
f 4012/4364/1129 4011/4362/1129 4097/4593/1129 4095/4589/1129
f 4026/4394/1130 4025/4392/1130 4096/4591/1130 4094/4585/1130
f 4013/4366/1131 4012/4364/1131 4095/4589/1131 4093/4583/1131
f 4000/4338/1132 3999/4335/1132 4080/4587/1132 4092/4581/1132
f 4027/4396/1133 4026/4394/1133 4094/4585/1133 4091/4579/1133
f 4014/4368/1134 4013/4366/1134 4093/4583/1134 4090/4577/1134
f 4001/4340/1135 4000/4338/1135 4092/4581/1135 4088/4574/1135
f 4028/4398/1136 4027/4396/1136 4091/4579/1136 4087/4571/1136
f 4015/4370/1137 4014/4368/1137 4090/4577/1137 4085/4567/1137
f 4002/4342/1138 4001/4340/1138 4088/4574/1138 4089/4573/1138
f 4029/4400/1139 4028/4398/1139 4087/4571/1139 4083/4563/1139
f 4019/4378/1140 4038/4379/1140 4086/4569/1140 4076/4547/1140
f 4016/4372/1141 4015/4370/1141 4085/4567/1141 4082/4561/1141
f 4003/4346/1142 4034/4343/1142 4084/4565/1142 4081/4559/1142
f 4030/4436/1143 4029/4400/1143 4083/4563/1143 4079/4556/1143
f 4017/4374/1144 4016/4372/1144 4082/4561/1144 4078/4553/1144
f 4004/4348/1145 4003/4346/1145 4081/4559/1145 4077/4551/1145
f 3999/4438/1146 4030/4436/1146 4079/4556/1146 4080/4555/1146
f 4018/4376/1147 4017/4374/1147 4078/4553/1147 4075/4548/1147
f 4005/4350/1148 4004/4348/1148 4077/4551/1148 4073/4544/1148
f 4019/4378/1149 4018/4376/1149 4075/4548/1149 4076/4547/1149
f 4006/4352/1150 4005/4350/1150 4073/4544/1150 4074/4543/1150
o corp_pompa.002_Cube.008
v -0.872313 1.580059 -0.690025
v -0.781937 1.580059 -0.683500
v -0.866765 1.580059 -0.766867
v -0.776389 1.580059 -0.760341
v -0.869410 1.711743 -0.818297
v -0.874751 1.690884 -0.744325
v -0.784375 1.690884 -0.737800
v -0.779034 1.711743 -0.811772
v -0.827125 1.580059 -0.686762
v -0.821577 1.580059 -0.763604
v -0.829563 1.690884 -0.741063
v -0.824222 1.711743 -0.815035
v -0.874100 1.651936 -0.702419
v -0.872640 1.614905 -0.690190
v -0.783729 1.651947 -0.695816
v -0.782264 1.614905 -0.683664
v -0.778188 1.655702 -0.772566
v -0.776716 1.614905 -0.760506
v -0.867092 1.614905 -0.767031
v -0.868559 1.655718 -0.779169
v -0.823371 1.655718 -0.775906
v -0.821904 1.614905 -0.763769
v -0.828912 1.651936 -0.699157
v -0.827452 1.614905 -0.686927
v -0.798983 1.580059 -0.761973
v -0.806969 1.690884 -0.739432
v -0.804531 1.580059 -0.685131
v -0.801628 1.711743 -0.813403
v -0.799310 1.614905 -0.762137
v -0.800777 1.655718 -0.774275
v -0.804858 1.614905 -0.685296
v -0.806318 1.651936 -0.697526
v -0.873316 1.812558 -0.842943
v -0.877496 1.761909 -0.785041
v -0.787120 1.761909 -0.778516
v -0.782939 1.812558 -0.836418
v -0.832308 1.761909 -0.781778
v -0.828128 1.812558 -0.839680
v -0.805534 1.812558 -0.838049
v -0.809714 1.761909 -0.780147
v -0.849719 1.580059 -0.688394
v -0.846816 1.711743 -0.816666
v -0.844171 1.580059 -0.765235
v -0.852157 1.690884 -0.742694
v -0.850046 1.614905 -0.688558
v -0.851506 1.651936 -0.700788
v -0.844498 1.614905 -0.765400
v -0.845965 1.655718 -0.777537
v -0.854902 1.761909 -0.783410
v -0.850722 1.812558 -0.841312
v -0.876208 1.849055 -0.829825
v -0.879801 1.790349 -0.780065
v -0.789425 1.790349 -0.773540
v -0.785832 1.849055 -0.823300
v -0.834613 1.790349 -0.776802
v -0.831020 1.849055 -0.826563
v -0.808426 1.849055 -0.824931
v -0.812019 1.790349 -0.775171
v -0.857207 1.790349 -0.778434
v -0.853614 1.849055 -0.828194
v -0.875692 1.726246 -0.772733
v -0.785315 1.726246 -0.766208
v -0.780454 1.763367 -0.833542
v -0.830503 1.726246 -0.769471
v -0.825642 1.763367 -0.836805
v -0.803048 1.763367 -0.835173
v -0.807909 1.726246 -0.767839
v -0.870830 1.763367 -0.840067
v -0.848236 1.763367 -0.838436
v -0.853097 1.726246 -0.771102
vt 0.125000 0.687500
vt 0.125000 0.750000
vt 0.375000 0.750000
vt 0.375000 0.687500
vt 0.426168 0.750000
vt 0.426168 1.000000
vt 0.451752 1.000000
vt 0.451752 0.750000
vt 0.426168 0.250000
vt 0.426168 0.500000
vt 0.451752 0.500000
vt 0.451752 0.250000
vt 0.426168 0.187500
vt 0.451752 0.187500
vt 0.426168 0.687500
vt 0.451752 0.687500
vt 0.426168 0.562500
vt 0.426168 0.625000
vt 0.451752 0.625000
vt 0.451752 0.562500
vt 0.426168 0.062500
vt 0.426168 0.125000
vt 0.451752 0.125000
vt 0.451752 0.062500
vt 0.125000 0.562500
vt 0.125000 0.625000
vt 0.375000 0.625000
vt 0.375000 0.562500
vt 0.375000 0.062500
vt 0.375000 0.125000
vt 0.400584 0.125000
vt 0.400584 0.062500
vt 0.400584 0.625000
vt 0.400584 0.562500
vt 0.400584 0.750000
vt 0.400584 0.687500
vt 0.375000 0.187500
vt 0.375000 0.250000
vt 0.400584 0.250000
vt 0.400584 0.187500
vt 0.375000 0.500000
vt 0.400584 0.500000
vt 0.375000 1.000000
vt 0.400584 1.000000
vt 0.125000 0.500000
vt 0.470940 0.125000
vt 0.470940 0.187500
vt 0.490128 0.187500
vt 0.490128 0.125000
vt 0.470940 0.500000
vt 0.470940 0.562500
vt 0.490128 0.562500
vt 0.490128 0.500000
vt 0.470940 0.625000
vt 0.490128 0.625000
vt 0.470940 0.062500
vt 0.490128 0.062500
vt 0.470940 0.750000
vt 0.470940 1.000000
vt 0.490128 1.000000
vt 0.490128 0.750000
vt 0.470940 0.250000
vt 0.490128 0.250000
vt 0.470940 0.687500
vt 0.490128 0.687500
vt 0.470940 0.000000
vt 0.490128 0.000000
vt 0.400584 0.000000
vt 0.426168 0.000000
vt 0.375000 0.000000
vt 0.451752 0.000000
vt 0.509316 0.687500
vt 0.509316 0.625000
vt 0.509316 0.062500
vt 0.509316 0.000000
vt 0.509316 0.187500
vt 0.509316 0.125000
vt 0.509316 0.562500
vt 0.509316 0.500000
vt 0.509316 1.000000
vt 0.509316 0.750000
vt 0.509316 0.250000
vn -0.0510 -0.7056 0.7067
vn -0.6143 -0.5788 0.5363
vn -0.5315 -0.5809 -0.6164
vn 0.0508 -0.7085 -0.7038
vn -0.6824 -0.3431 -0.6454
vn -0.7115 0.3762 0.5934
vn -0.7839 0.4188 0.4584
vn -0.6107 -0.3961 -0.6857
vn 0.5934 0.4357 0.6767
vn 0.8012 -0.2304 -0.5521
vn 0.7508 -0.3032 -0.5868
vn 0.6576 0.5163 0.5487
vn -0.0615 0.5378 0.8408
vn -0.0531 0.6797 0.7316
vn 0.0649 -0.4321 -0.8995
vn 0.0631 -0.4812 -0.8743
vn 0.0656 -0.4321 -0.8994
vn 0.0634 -0.4813 -0.8742
vn -0.0607 0.5378 0.8408
vn -0.0528 0.6796 0.7317
vn -0.0711 0.1592 0.9847
vn 0.0712 -0.1445 -0.9869
vn 0.0717 -0.1443 -0.9869
vn -0.6823 -0.1268 -0.7200
vn 0.5370 -0.5737 0.6184
vn 0.6234 0.1353 0.7700
vn -0.0715 0.1589 0.9847
vn 0.6205 -0.5758 -0.5322
vn 0.7923 -0.0667 -0.6064
vn -0.7208 0.0997 0.6859
vn -0.0631 0.4805 0.8747
vn -0.0718 0.0748 0.9946
vn 0.7399 -0.1230 -0.6614
vn 0.0702 -0.2236 -0.9721
vn 0.0712 0.1468 -0.9866
vn 0.7263 0.1433 -0.6723
vn -0.5937 -0.2063 -0.7778
vn -0.8129 0.2610 0.5206
vn -0.8290 -0.0092 0.5592
vn -0.5949 0.0773 -0.8000
vn 0.6742 0.3734 0.6372
vn 0.6956 0.1021 0.7111
vn 0.0127 0.9843 -0.1762
vn -0.0695 0.2600 0.9631
vn -0.6990 0.1856 0.6906
vn 0.5478 0.8303 -0.1024
vn -0.5578 0.8071 -0.1933
vn 0.5393 0.2201 0.8129
usemtl None
s 1
f 4147/4613/1151 4107/4614/1152 4109/4615/1153 4149/4616/1154
f 4126/4617/1155 4119/4618/1156 4112/4619/1157 4111/4620/1158
f 4121/4621/1159 4123/4622/1160 4114/4623/1161 4113/4624/1162
f 4138/4625/1163 4121/4621/1159 4113/4624/1162 4132/4626/1164
f 4154/4627/1165 4126/4617/1155 4111/4620/1158 4148/4628/1166
f 4136/4629/1167 4127/4630/1165 4118/4631/1166 4134/4632/1168
f 4152/4633/1169 4129/4634/1169 4117/4635/1170 4150/4636/1170
f 4133/4637/1151 4115/4638/1151 4116/4639/1154 4131/4640/1154
f 4147/4641/1151 4115/4642/1151 4130/4643/1171 4151/4644/1171
f 4151/4644/1171 4130/4643/1171 4129/4634/1169 4152/4633/1169
f 4131/4640/1154 4116/4639/1154 4128/4645/1172 4135/4646/1173
f 4135/4646/1173 4128/4645/1172 4127/4630/1165 4136/4629/1167
f 4149/4616/1154 4109/4615/1153 4125/4647/1174 4153/4648/1172
f 4153/4648/1172 4125/4647/1174 4126/4617/1155 4154/4627/1165
f 4133/4649/1151 4108/4650/1175 4122/4651/1176 4137/4652/1177
f 4137/4652/1177 4122/4651/1176 4121/4621/1159 4138/4625/1163
f 4108/4650/1175 4110/4653/1178 4124/4654/1179 4122/4651/1176
f 4122/4651/1176 4124/4654/1179 4123/4622/1160 4121/4621/1159
f 4109/4615/1153 4107/4655/1152 4120/4656/1180 4125/4647/1174
f 4125/4647/1174 4120/4656/1180 4119/4618/1156 4126/4617/1155
f 4130/4643/1171 4137/4652/1177 4138/4625/1163 4129/4634/1169
f 4115/4642/1151 4133/4649/1151 4137/4652/1177 4130/4643/1171
f 4124/4654/1179 4135/4646/1173 4136/4629/1167 4123/4622/1160
f 4110/4653/1178 4131/4640/1154 4135/4646/1173 4124/4654/1179
f 4108/4657/1175 4133/4637/1151 4131/4640/1154 4110/4653/1178
f 4123/4622/1160 4136/4629/1167 4134/4632/1168 4114/4623/1161
f 4129/4634/1169 4138/4625/1163 4132/4626/1164 4117/4635/1170
f 4170/4658/1181 4173/4659/1181 4146/4660/1182 4143/4661/1182
f 4169/4662/1183 4172/4663/1184 4145/4664/1185 4142/4665/1186
f 4172/4663/1184 4171/4666/1184 4144/4667/1185 4145/4664/1185
f 4176/4668/1181 4170/4658/1181 4143/4661/1182 4155/4669/1182
f 4174/4670/1187 4167/4671/1188 4140/4672/1189 4139/4673/1190
f 4168/4674/1191 4169/4662/1183 4142/4665/1186 4141/4675/1192
f 4173/4659/1181 4168/4674/1191 4141/4675/1192 4146/4660/1182
f 4175/4676/1184 4174/4670/1187 4139/4673/1190 4156/4677/1185
f 4171/4666/1184 4175/4676/1184 4156/4677/1185 4144/4667/1185
f 4167/4678/1188 4176/4668/1181 4155/4669/1182 4140/4679/1189
f 4128/4645/1172 4153/4648/1172 4154/4627/1165 4127/4630/1165
f 4116/4639/1154 4149/4616/1154 4153/4648/1172 4128/4645/1172
f 4120/4680/1180 4151/4644/1171 4152/4633/1169 4119/4681/1156
f 4107/4682/1152 4147/4641/1151 4151/4644/1171 4120/4680/1180
f 4119/4681/1156 4152/4633/1169 4150/4636/1170 4112/4683/1157
f 4127/4630/1165 4154/4627/1165 4148/4628/1166 4118/4631/1166
f 4115/4638/1151 4147/4613/1151 4149/4616/1154 4116/4639/1154
f 4144/4667/1185 4156/4677/1185 4166/4684/1193 4162/4685/1193
f 4140/4679/1189 4155/4669/1182 4165/4686/1194 4158/4687/1195
f 4143/4661/1182 4146/4660/1182 4164/4688/1194 4161/4689/1194
f 4142/4665/1186 4145/4664/1185 4163/4690/1193 4160/4691/1196
f 4145/4664/1185 4144/4667/1185 4162/4685/1193 4163/4690/1193
f 4155/4669/1182 4143/4661/1182 4161/4689/1194 4165/4686/1194
f 4139/4673/1190 4140/4672/1189 4158/4692/1195 4157/4693/1197
f 4141/4675/1192 4142/4665/1186 4160/4691/1196 4159/4694/1198
f 4146/4660/1182 4141/4675/1192 4159/4694/1198 4164/4688/1194
f 4156/4677/1185 4139/4673/1190 4157/4693/1197 4166/4684/1193
f 4112/4683/1157 4150/4636/1170 4176/4668/1181 4167/4678/1188
f 4118/4631/1166 4148/4628/1166 4175/4676/1184 4171/4666/1184
f 4148/4628/1166 4111/4620/1158 4174/4670/1187 4175/4676/1184
f 4132/4626/1164 4113/4624/1162 4168/4674/1191 4173/4659/1181
f 4113/4624/1162 4114/4623/1161 4169/4662/1183 4168/4674/1191
f 4111/4620/1158 4112/4619/1157 4167/4671/1188 4174/4670/1187
f 4150/4636/1170 4117/4635/1170 4170/4658/1181 4176/4668/1181
f 4134/4632/1168 4118/4631/1166 4171/4666/1184 4172/4663/1184
f 4114/4623/1161 4134/4632/1168 4172/4663/1184 4169/4662/1183
f 4117/4635/1170 4132/4626/1164 4173/4659/1181 4170/4658/1181
f 4162/4685/1193 4166/4684/1193 4157/4693/1197 4158/4687/1195 4165/4686/1194 4161/4689/1194 4164/4688/1194 4159/4694/1198 4160/4691/1196 4163/4690/1193
o furtun.001_Cylinder.007
v -0.469982 1.631226 -0.702720
v -0.469994 0.145145 -0.701387
v -0.474677 1.631226 -0.703182
v -0.474957 0.145145 -0.701876
v -0.479191 1.631226 -0.704552
v -0.479728 0.145145 -0.703324
v -0.483352 1.631226 -0.706776
v -0.484126 0.145145 -0.705674
v -0.486998 1.631226 -0.709768
v -0.487981 0.145145 -0.708838
v -0.489991 1.631226 -0.713415
v -0.491144 0.145145 -0.712692
v -0.492215 1.631226 -0.717575
v -0.493494 0.145145 -0.717090
v -0.493584 1.631226 -0.722089
v -0.494942 0.145145 -0.721861
v -0.494046 1.631226 -0.726784
v -0.495431 0.145145 -0.726824
v -0.493584 1.631226 -0.731479
v -0.494942 0.145145 -0.731786
v -0.492215 1.631226 -0.735993
v -0.493494 0.145145 -0.736558
v -0.489991 1.631226 -0.740153
v -0.491144 0.145145 -0.740955
v -0.486998 1.631226 -0.743800
v -0.487981 0.145145 -0.744810
v -0.483352 1.631226 -0.746793
v -0.484126 0.145145 -0.747973
v -0.479191 1.631226 -0.749016
v -0.479728 0.145145 -0.750324
v -0.474677 1.631226 -0.750386
v -0.474957 0.145145 -0.751771
v -0.469982 1.631226 -0.750848
v -0.469994 0.145145 -0.752260
v -0.465288 1.631226 -0.750386
v -0.465032 0.145145 -0.751771
v -0.460773 1.631226 -0.749016
v -0.460260 0.145145 -0.750324
v -0.456613 1.631226 -0.746793
v -0.455863 0.145145 -0.747973
v -0.452967 1.631226 -0.743800
v -0.452008 0.145145 -0.744810
v -0.449974 1.631226 -0.740153
v -0.448845 0.145145 -0.740955
v -0.447750 1.631226 -0.735993
v -0.446494 0.145145 -0.736558
v -0.446381 1.631226 -0.731479
v -0.445047 0.145145 -0.731786
v -0.445918 1.631226 -0.726784
v -0.444558 0.145145 -0.726824
v -0.446381 1.631226 -0.722089
v -0.445047 0.145145 -0.721861
v -0.447750 1.631226 -0.717575
v -0.446494 0.145145 -0.717090
v -0.449974 1.631226 -0.713415
v -0.448845 0.145145 -0.712692
v -0.452967 1.631226 -0.709768
v -0.452008 0.145145 -0.708838
v -0.456613 1.631226 -0.706776
v -0.455863 0.145145 -0.705674
v -0.460774 1.631226 -0.704552
v -0.460260 0.145145 -0.703324
v -0.465288 1.631226 -0.703182
v -0.465032 0.145145 -0.701876
v -0.469988 0.952488 -0.702111
v -0.474805 0.952488 -0.702585
v -0.479437 0.952488 -0.703990
v -0.483706 0.952488 -0.706272
v -0.487447 0.952488 -0.709343
v -0.490518 0.952488 -0.713084
v -0.492800 0.952488 -0.717353
v -0.494205 0.952488 -0.721985
v -0.494679 0.952488 -0.726802
v -0.494205 0.952488 -0.731619
v -0.492800 0.952488 -0.736251
v -0.490518 0.952488 -0.740520
v -0.487447 0.952488 -0.744262
v -0.483706 0.952488 -0.747333
v -0.479437 0.952488 -0.749614
v -0.474805 0.952488 -0.751019
v -0.469988 0.952488 -0.751494
v -0.465171 0.952488 -0.751019
v -0.460539 0.952488 -0.749614
v -0.456270 0.952488 -0.747333
v -0.452528 0.952488 -0.744262
v -0.449458 0.952488 -0.740520
v -0.447176 0.952488 -0.736251
v -0.445771 0.952488 -0.731619
v -0.445296 0.952488 -0.726802
v -0.445771 0.952488 -0.721985
v -0.447176 0.952488 -0.717353
v -0.449458 0.952488 -0.713084
v -0.452528 0.952488 -0.709343
v -0.456270 0.952488 -0.706272
v -0.460539 0.952488 -0.703990
v -0.465171 0.952488 -0.702585
v -0.474625 1.324339 -0.780500
v -0.479089 1.324339 -0.781854
v -0.483203 1.324339 -0.784053
v -0.486809 1.324339 -0.787012
v -0.489768 1.324339 -0.790618
v -0.491967 1.324339 -0.794732
v -0.493322 1.324339 -0.799196
v -0.493779 1.324339 -0.803839
v -0.493322 1.324339 -0.808481
v -0.491967 1.324339 -0.812945
v -0.489768 1.324339 -0.817059
v -0.486809 1.324339 -0.820665
v -0.483203 1.324339 -0.823625
v -0.479089 1.324339 -0.825824
v -0.474625 1.324339 -0.827178
v -0.469982 1.324339 -0.827635
v -0.465340 1.324339 -0.827178
v -0.460876 1.324339 -0.825824
v -0.456762 1.324339 -0.823625
v -0.453156 1.324339 -0.820665
v -0.450196 1.324339 -0.817059
v -0.447997 1.324339 -0.812945
v -0.446643 1.324339 -0.808481
v -0.446186 1.324339 -0.803839
v -0.446643 1.324339 -0.799196
v -0.447997 1.324339 -0.794732
v -0.450196 1.324339 -0.790618
v -0.453156 1.324339 -0.787012
v -0.456762 1.324339 -0.784053
v -0.460223 1.324339 -0.782052
v -0.465993 1.324339 -0.780302
v -0.469982 1.324339 -0.780042
v -0.474625 1.472023 -0.725745
v -0.479089 1.472023 -0.727099
v -0.483203 1.472023 -0.729298
v -0.486809 1.472023 -0.732258
v -0.489768 1.472023 -0.735864
v -0.491967 1.472023 -0.739978
v -0.493322 1.472023 -0.744442
v -0.493779 1.472023 -0.749084
v -0.493322 1.472023 -0.753727
v -0.491967 1.472023 -0.758191
v -0.489768 1.472023 -0.762305
v -0.486809 1.472023 -0.765911
v -0.483203 1.472023 -0.768870
v -0.479089 1.472023 -0.771069
v -0.474625 1.472023 -0.772423
v -0.469982 1.472023 -0.772881
v -0.465340 1.472023 -0.772423
v -0.460876 1.472023 -0.771069
v -0.456762 1.472023 -0.768870
v -0.453156 1.472023 -0.765911
v -0.450196 1.472023 -0.762305
v -0.447997 1.472023 -0.758191
v -0.446643 1.472023 -0.753727
v -0.446186 1.472023 -0.749084
v -0.446643 1.472023 -0.744442
v -0.447997 1.472023 -0.739978
v -0.450196 1.472023 -0.735864
v -0.453156 1.472023 -0.732258
v -0.456762 1.472023 -0.729298
v -0.460223 1.472023 -0.727297
v -0.465993 1.472023 -0.725547
v -0.469982 1.472023 -0.725288
v -0.463031 1.631226 -0.703867
v -0.462646 0.145145 -0.702600
v -0.462855 0.952488 -0.703288
v -0.463031 1.324339 -0.780922
v -0.463031 1.472023 -0.726167
v -0.474677 1.551624 -0.703182
v -0.479191 1.551624 -0.704552
v -0.483352 1.551624 -0.706776
v -0.486998 1.551624 -0.709768
v -0.489991 1.551624 -0.713415
v -0.492215 1.551624 -0.717575
v -0.493584 1.551624 -0.722089
v -0.494046 1.551624 -0.726784
v -0.493584 1.551624 -0.731479
v -0.492215 1.551624 -0.735993
v -0.489991 1.551624 -0.740153
v -0.486998 1.551624 -0.743800
v -0.483352 1.551624 -0.746793
v -0.479191 1.551624 -0.749016
v -0.474677 1.551624 -0.750386
v -0.469982 1.551624 -0.750848
v -0.465288 1.551624 -0.750386
v -0.460773 1.551624 -0.749016
v -0.456613 1.551624 -0.746793
v -0.452967 1.551624 -0.743800
v -0.449974 1.551624 -0.740153
v -0.447750 1.551624 -0.735993
v -0.446381 1.551624 -0.731479
v -0.445918 1.551624 -0.726784
v -0.446381 1.551624 -0.722089
v -0.447750 1.551624 -0.717575
v -0.449974 1.551624 -0.713415
v -0.452967 1.551624 -0.709768
v -0.456613 1.551624 -0.706776
v -0.460774 1.551624 -0.704552
v -0.465288 1.551624 -0.703182
v -0.469982 1.551624 -0.702720
v -0.463031 1.551624 -0.703867
v -0.469983 1.115789 -0.725268
v -0.474629 1.115789 -0.725726
v -0.479097 1.115789 -0.727081
v -0.483214 1.115789 -0.729282
v -0.486824 1.115790 -0.732244
v -0.489786 1.115790 -0.735853
v -0.491986 1.115790 -0.739971
v -0.493342 1.115790 -0.744438
v -0.493799 1.115790 -0.749085
v -0.493342 1.115790 -0.753731
v -0.491986 1.115790 -0.758199
v -0.489786 1.115790 -0.762317
v -0.486824 1.115790 -0.765926
v -0.483214 1.115790 -0.768888
v -0.479097 1.115790 -0.771089
v -0.474629 1.115790 -0.772444
v -0.469983 1.115790 -0.772902
v -0.465336 1.115790 -0.772444
v -0.460868 1.115790 -0.771089
v -0.456751 1.115790 -0.768888
v -0.453141 1.115790 -0.765926
v -0.450180 1.115790 -0.762317
v -0.447979 1.115790 -0.758199
v -0.446623 1.115790 -0.753731
v -0.446166 1.115790 -0.749085
v -0.446623 1.115790 -0.744438
v -0.447979 1.115789 -0.739971
v -0.450180 1.115789 -0.735853
v -0.453142 1.115789 -0.732244
v -0.456751 1.115789 -0.729282
v -0.460215 1.115789 -0.727279
v -0.465989 1.115789 -0.725527
v -0.463025 1.115789 -0.726148
v -0.474625 1.211623 -0.758199
v -0.479089 1.211623 -0.759554
v -0.483203 1.211623 -0.761753
v -0.486809 1.211623 -0.764712
v -0.489768 1.211623 -0.768318
v -0.491967 1.211624 -0.772432
v -0.493322 1.211624 -0.776896
v -0.493779 1.211624 -0.781539
v -0.493322 1.211624 -0.786181
v -0.491967 1.211624 -0.790645
v -0.489768 1.211624 -0.794759
v -0.486809 1.211624 -0.798365
v -0.483203 1.211624 -0.801325
v -0.479089 1.211624 -0.803524
v -0.474625 1.211624 -0.804878
v -0.469982 1.211624 -0.805335
v -0.465340 1.211624 -0.804878
v -0.460876 1.211624 -0.803524
v -0.456762 1.211624 -0.801325
v -0.453156 1.211624 -0.798365
v -0.450196 1.211624 -0.794759
v -0.447997 1.211624 -0.790645
v -0.446643 1.211624 -0.786181
v -0.446186 1.211623 -0.781539
v -0.446643 1.211623 -0.776896
v -0.447997 1.211623 -0.772432
v -0.450196 1.211623 -0.768318
v -0.453156 1.211623 -0.764712
v -0.456762 1.211623 -0.761753
v -0.460223 1.211623 -0.759752
v -0.465993 1.211623 -0.758001
v -0.463031 1.211623 -0.758622
v -0.469982 1.211623 -0.757742
v -0.469994 0.939239 -0.701387
v -0.474957 0.939239 -0.701876
v -0.479728 0.939239 -0.703324
v -0.484126 0.939239 -0.705674
v -0.487981 0.939239 -0.708838
v -0.491144 0.939239 -0.712692
v -0.493494 0.939239 -0.717090
v -0.494942 0.939239 -0.721861
v -0.495431 0.939239 -0.726824
v -0.494942 0.939239 -0.731786
v -0.493494 0.939239 -0.736558
v -0.491144 0.939239 -0.740955
v -0.487981 0.939239 -0.744810
v -0.484126 0.939239 -0.747973
v -0.479728 0.939239 -0.750324
v -0.474957 0.939239 -0.751771
v -0.469994 0.939239 -0.752260
v -0.465032 0.939239 -0.751771
v -0.460260 0.939239 -0.750324
v -0.455863 0.939239 -0.747973
v -0.452008 0.939239 -0.744810
v -0.448845 0.939239 -0.740955
v -0.446494 0.939239 -0.736558
v -0.445047 0.939239 -0.731786
v -0.444558 0.939239 -0.726824
v -0.445047 0.939239 -0.721861
v -0.446494 0.939239 -0.717090
v -0.448845 0.939239 -0.712692
v -0.452008 0.939239 -0.708838
v -0.455863 0.939239 -0.705674
v -0.460260 0.939239 -0.703324
v -0.465032 0.939239 -0.701876
v -0.462646 0.939239 -0.702600
v -0.469983 0.993982 -0.702651
v -0.474691 0.993982 -0.703115
v -0.479219 0.993982 -0.704488
v -0.483392 0.993982 -0.706719
v -0.487049 0.993982 -0.709720
v -0.490050 0.993982 -0.713378
v -0.492281 0.993982 -0.717550
v -0.493654 0.993982 -0.722078
v -0.494118 0.993982 -0.726786
v -0.493654 0.993982 -0.731495
v -0.492281 0.993982 -0.736022
v -0.490050 0.993982 -0.740195
v -0.487049 0.993982 -0.743852
v -0.483392 0.993982 -0.746854
v -0.479219 0.993982 -0.749084
v -0.474691 0.993982 -0.750457
v -0.469983 0.993982 -0.750921
v -0.465275 0.993982 -0.750457
v -0.460747 0.993982 -0.749084
v -0.456574 0.993982 -0.746854
v -0.452917 0.993982 -0.743852
v -0.449916 0.993982 -0.740195
v -0.447685 0.993982 -0.736022
v -0.446312 0.993982 -0.731495
v -0.445848 0.993982 -0.726786
v -0.446312 0.993982 -0.722078
v -0.447685 0.993982 -0.717550
v -0.449916 0.993982 -0.713378
v -0.452917 0.993982 -0.709720
v -0.456574 0.993982 -0.706719
v -0.460747 0.993982 -0.704488
v -0.465275 0.993982 -0.703115
v -0.463011 0.993982 -0.703802
v -0.474904 0.948737 -0.702121
v -0.479628 0.948737 -0.703554
v -0.483981 0.948737 -0.705881
v -0.487796 0.948737 -0.709012
v -0.490928 0.948737 -0.712828
v -0.493254 0.948737 -0.717181
v -0.494687 0.948737 -0.721904
v -0.495171 0.948737 -0.726816
v -0.494687 0.948737 -0.731728
v -0.493255 0.948737 -0.736452
v -0.490928 0.948737 -0.740805
v -0.487796 0.948737 -0.744621
v -0.483981 0.948737 -0.747752
v -0.479628 0.948737 -0.750079
v -0.474904 0.948737 -0.751511
v -0.469992 0.948737 -0.751995
v -0.465080 0.948737 -0.751511
v -0.460357 0.948737 -0.750079
v -0.456003 0.948737 -0.747752
v -0.452188 0.948737 -0.744621
v -0.449057 0.948737 -0.740805
v -0.446730 0.948737 -0.736452
v -0.445297 0.948737 -0.731728
v -0.444813 0.948737 -0.726816
v -0.445297 0.948737 -0.721904
v -0.446730 0.948737 -0.717181
v -0.449057 0.948737 -0.712828
v -0.452188 0.948737 -0.709012
v -0.456003 0.948737 -0.705881
v -0.460357 0.948737 -0.703554
v -0.465080 0.948737 -0.702121
v -0.462718 0.948737 -0.702838
v -0.469992 0.948737 -0.701637
v -0.474929 0.947823 -0.702005
v -0.479675 0.947823 -0.703445
v -0.484049 0.947823 -0.705783
v -0.487883 0.947823 -0.708930
v -0.491030 0.947823 -0.712764
v -0.493368 0.947823 -0.717138
v -0.494808 0.947823 -0.721884
v -0.495294 0.947823 -0.726820
v -0.494808 0.947823 -0.731756
v -0.493368 0.947823 -0.736502
v -0.491030 0.947823 -0.740876
v -0.487883 0.947823 -0.744710
v -0.484049 0.947823 -0.747856
v -0.479675 0.947823 -0.750194
v -0.474929 0.947823 -0.751634
v -0.469993 0.947823 -0.752120
v -0.465057 0.947823 -0.751634
v -0.460311 0.947823 -0.750194
v -0.455937 0.947823 -0.747856
v -0.452103 0.947823 -0.744710
v -0.448957 0.947823 -0.740876
v -0.446618 0.947823 -0.736502
v -0.445179 0.947823 -0.731756
v -0.444693 0.947823 -0.726820
v -0.445179 0.947823 -0.721884
v -0.446619 0.947823 -0.717138
v -0.448957 0.947823 -0.712764
v -0.452103 0.947823 -0.708930
v -0.455937 0.947823 -0.705783
v -0.460311 0.947823 -0.703445
v -0.465057 0.947823 -0.702005
v -0.462684 0.947823 -0.702725
v -0.469993 0.947823 -0.701519
v -0.469990 0.950281 -0.701900
v -0.474849 0.950281 -0.702379
v -0.479522 0.950281 -0.703796
v -0.483828 0.950281 -0.706098
v -0.487602 0.950281 -0.709196
v -0.490700 0.950281 -0.712970
v -0.493002 0.950281 -0.717277
v -0.494419 0.950281 -0.721949
v -0.494898 0.950281 -0.726808
v -0.494419 0.950281 -0.731668
v -0.493002 0.950281 -0.736340
v -0.490700 0.950281 -0.740647
v -0.487602 0.950281 -0.744421
v -0.483828 0.950281 -0.747519
v -0.479522 0.950281 -0.749820
v -0.474849 0.950281 -0.751238
v -0.469990 0.950281 -0.751716
v -0.465130 0.950281 -0.751238
v -0.460458 0.950281 -0.749820
v -0.456152 0.950281 -0.747519
v -0.452377 0.950281 -0.744421
v -0.449279 0.950281 -0.740647
v -0.446978 0.950281 -0.736340
v -0.445560 0.950281 -0.731668
v -0.445082 0.950281 -0.726808
v -0.445560 0.950281 -0.721949
v -0.446978 0.950281 -0.717277
v -0.449280 0.950281 -0.712970
v -0.452377 0.950281 -0.709196
v -0.456152 0.950281 -0.706098
v -0.460458 0.950281 -0.703796
v -0.465131 0.950281 -0.702379
v -0.462794 0.950281 -0.703088
v -0.469982 1.392422 -0.757742
v -0.474625 1.392422 -0.758199
v -0.479089 1.392422 -0.759554
v -0.483203 1.392422 -0.761753
v -0.486809 1.392422 -0.764712
v -0.489768 1.392422 -0.768318
v -0.491967 1.392422 -0.772432
v -0.493322 1.392422 -0.776896
v -0.493779 1.392422 -0.781539
v -0.493322 1.392422 -0.786181
v -0.491967 1.392422 -0.790645
v -0.489768 1.392422 -0.794759
v -0.486809 1.392422 -0.798365
v -0.483203 1.392422 -0.801325
v -0.479089 1.392422 -0.803524
v -0.474625 1.392422 -0.804878
v -0.469982 1.392422 -0.805335
v -0.465340 1.392422 -0.804878
v -0.460876 1.392422 -0.803524
v -0.456762 1.392422 -0.801325
v -0.453156 1.392422 -0.798365
v -0.450196 1.392422 -0.794759
v -0.447997 1.392422 -0.790645
v -0.446643 1.392422 -0.786181
v -0.446186 1.392422 -0.781539
v -0.446643 1.392422 -0.776896
v -0.447997 1.392422 -0.772432
v -0.450196 1.392422 -0.768318
v -0.453156 1.392422 -0.764712
v -0.456762 1.392422 -0.761753
v -0.460223 1.392422 -0.759752
v -0.465993 1.392422 -0.758001
v -0.463031 1.392422 -0.758622
v -0.474625 1.273020 -0.780500
v -0.479089 1.273020 -0.781854
v -0.483203 1.273020 -0.784053
v -0.486809 1.273020 -0.787012
v -0.489768 1.273020 -0.790618
v -0.491967 1.273020 -0.794732
v -0.493322 1.273020 -0.799196
v -0.493779 1.273020 -0.803839
v -0.493322 1.273020 -0.808481
v -0.491967 1.273020 -0.812945
v -0.489768 1.273020 -0.817059
v -0.486809 1.273020 -0.820665
v -0.483203 1.273020 -0.823625
v -0.479089 1.273020 -0.825824
v -0.474625 1.273020 -0.827178
v -0.469982 1.273020 -0.827635
v -0.465340 1.273020 -0.827178
v -0.460876 1.273020 -0.825824
v -0.456762 1.273020 -0.823625
v -0.453156 1.273020 -0.820665
v -0.450196 1.273020 -0.817059
v -0.447997 1.273020 -0.812945
v -0.446643 1.273020 -0.808481
v -0.446186 1.273020 -0.803839
v -0.446643 1.273020 -0.799196
v -0.447997 1.273020 -0.794732
v -0.450196 1.273020 -0.790618
v -0.453156 1.273020 -0.787012
v -0.456762 1.273020 -0.784053
v -0.460223 1.273020 -0.782052
v -0.465993 1.273020 -0.780302
v -0.463031 1.273020 -0.780922
v -0.469982 1.273020 -0.780042
vt 1.000000 0.875000
vt 0.968750 0.875000
vt 0.968750 1.000000
vt 1.000000 1.000000
vt 0.937500 0.875000
vt 0.937500 1.000000
vt 0.906250 0.875000
vt 0.906250 1.000000
vt 0.875000 0.875000
vt 0.875000 1.000000
vt 0.843750 0.875000
vt 0.843750 1.000000
vt 0.812500 0.875000
vt 0.812500 1.000000
vt 0.781250 0.875000
vt 0.781250 1.000000
vt 0.750000 0.875000
vt 0.750000 1.000000
vt 0.718750 0.875000
vt 0.718750 1.000000
vt 0.687500 0.875000
vt 0.687500 1.000000
vt 0.656250 0.875000
vt 0.656250 1.000000
vt 0.625000 0.875000
vt 0.625000 1.000000
vt 0.593750 0.875000
vt 0.593750 1.000000
vt 0.562500 0.875000
vt 0.562500 1.000000
vt 0.531250 0.875000
vt 0.531250 1.000000
vt 0.500000 0.875000
vt 0.500000 1.000000
vt 0.468750 0.875000
vt 0.468750 1.000000
vt 0.437500 0.875000
vt 0.437500 1.000000
vt 0.406250 0.875000
vt 0.406250 1.000000
vt 0.375000 0.875000
vt 0.375000 1.000000
vt 0.343750 0.875000
vt 0.343750 1.000000
vt 0.312500 0.875000
vt 0.312500 1.000000
vt 0.281250 0.875000
vt 0.281250 1.000000
vt 0.250000 0.875000
vt 0.250000 1.000000
vt 0.218750 0.875000
vt 0.218750 1.000000
vt 0.187500 0.875000
vt 0.187500 1.000000
vt 0.156250 0.875000
vt 0.156250 1.000000
vt 0.125000 0.875000
vt 0.125000 1.000000
vt 0.093750 0.875000
vt 0.093750 1.000000
vt 0.062500 0.875000
vt 0.062500 1.000000
vt 0.296822 0.485388
vt 0.341844 0.471731
vt 0.383337 0.449553
vt 0.419706 0.419706
vt 0.449553 0.383337
vt 0.471731 0.341844
vt 0.485388 0.296822
vt 0.490000 0.250000
vt 0.485388 0.203178
vt 0.471731 0.158156
vt 0.449553 0.116663
vt 0.419706 0.080294
vt 0.383337 0.050447
vt 0.341844 0.028269
vt 0.296822 0.014612
vt 0.250000 0.010000
vt 0.203178 0.014612
vt 0.158156 0.028269
vt 0.116663 0.050447
vt 0.080294 0.080294
vt 0.050447 0.116663
vt 0.028269 0.158156
vt 0.014611 0.203179
vt 0.010000 0.250000
vt 0.014612 0.296822
vt 0.028269 0.341844
vt 0.050447 0.383337
vt 0.080295 0.419706
vt 0.116663 0.449553
vt 0.158156 0.471731
vt 0.180667 0.478560
vt 0.203179 0.485389
vt 0.250000 0.490000
vt 0.046875 0.875000
vt 0.031250 0.875000
vt 0.031250 1.000000
vt 0.046875 1.000000
vt 0.000000 0.875000
vt 0.000000 1.000000
vt 0.750000 0.490000
vt 0.703179 0.485389
vt 0.680668 0.478560
vt 0.658156 0.471731
vt 0.616663 0.449553
vt 0.580295 0.419706
vt 0.550447 0.383337
vt 0.528269 0.341844
vt 0.514612 0.296822
vt 0.510000 0.250000
vt 0.514611 0.203179
vt 0.528269 0.158156
vt 0.550447 0.116663
vt 0.580294 0.080294
vt 0.616663 0.050447
vt 0.658156 0.028269
vt 0.703178 0.014612
vt 0.750000 0.010000
vt 0.796822 0.014612
vt 0.841844 0.028269
vt 0.883337 0.050447
vt 0.919706 0.080294
vt 0.949553 0.116663
vt 0.971731 0.158156
vt 0.985388 0.203178
vt 0.990000 0.250000
vt 0.985388 0.296822
vt 0.971731 0.341844
vt 0.949553 0.383337
vt 0.919706 0.419706
vt 0.883337 0.449553
vt 0.841844 0.471731
vt 0.796822 0.485388
vt 0.031250 0.718750
vt 0.000000 0.718750
vt 0.000000 0.750000
vt 0.031250 0.750000
vt 0.046875 0.718750
vt 0.046875 0.750000
vt 0.093750 0.718750
vt 0.062500 0.718750
vt 0.062500 0.750000
vt 0.093750 0.750000
vt 0.125000 0.718750
vt 0.125000 0.750000
vt 0.156250 0.718750
vt 0.156250 0.750000
vt 0.187500 0.718750
vt 0.187500 0.750000
vt 0.218750 0.718750
vt 0.218750 0.750000
vt 0.250000 0.718750
vt 0.250000 0.750000
vt 0.281250 0.718750
vt 0.281250 0.750000
vt 0.312500 0.718750
vt 0.312500 0.750000
vt 0.343750 0.718750
vt 0.343750 0.750000
vt 0.375000 0.718750
vt 0.375000 0.750000
vt 0.406250 0.718750
vt 0.406250 0.750000
vt 0.437500 0.718750
vt 0.437500 0.750000
vt 0.468750 0.718750
vt 0.468750 0.750000
vt 0.500000 0.718750
vt 0.500000 0.750000
vt 0.531250 0.718750
vt 0.531250 0.750000
vt 0.562500 0.718750
vt 0.562500 0.750000
vt 0.593750 0.718750
vt 0.593750 0.750000
vt 0.625000 0.718750
vt 0.625000 0.750000
vt 0.656250 0.718750
vt 0.656250 0.750000
vt 0.687500 0.718750
vt 0.687500 0.750000
vt 0.718750 0.718750
vt 0.718750 0.750000
vt 0.750000 0.718750
vt 0.750000 0.750000
vt 0.781250 0.718750
vt 0.781250 0.750000
vt 0.812500 0.718750
vt 0.812500 0.750000
vt 0.843750 0.718750
vt 0.843750 0.750000
vt 0.875000 0.718750
vt 0.875000 0.750000
vt 0.906250 0.718750
vt 0.906250 0.750000
vt 0.937500 0.718750
vt 0.937500 0.750000
vt 0.968750 0.718750
vt 0.968750 0.750000
vt 1.000000 0.718750
vt 1.000000 0.750000
vt 1.000000 0.593750
vt 0.968750 0.593750
vt 0.968750 0.625000
vt 1.000000 0.625000
vt 0.937500 0.593750
vt 0.937500 0.625000
vt 0.906250 0.593750
vt 0.906250 0.625000
vt 0.875000 0.593750
vt 0.875000 0.625000
vt 0.843750 0.593750
vt 0.843750 0.625000
vt 0.812500 0.593750
vt 0.812500 0.625000
vt 0.781250 0.593750
vt 0.781250 0.625000
vt 0.750000 0.593750
vt 0.750000 0.625000
vt 0.718750 0.593750
vt 0.718750 0.625000
vt 0.687500 0.593750
vt 0.687500 0.625000
vt 0.656250 0.593750
vt 0.656250 0.625000
vt 0.625000 0.593750
vt 0.625000 0.625000
vt 0.593750 0.593750
vt 0.593750 0.625000
vt 0.562500 0.593750
vt 0.562500 0.625000
vt 0.531250 0.593750
vt 0.531250 0.625000
vt 0.500000 0.593750
vt 0.500000 0.625000
vt 0.468750 0.593750
vt 0.468750 0.625000
vt 0.437500 0.593750
vt 0.437500 0.625000
vt 0.406250 0.593750
vt 0.406250 0.625000
vt 0.375000 0.593750
vt 0.375000 0.625000
vt 0.343750 0.593750
vt 0.343750 0.625000
vt 0.312500 0.593750
vt 0.312500 0.625000
vt 0.281250 0.593750
vt 0.281250 0.625000
vt 0.250000 0.593750
vt 0.250000 0.625000
vt 0.218750 0.593750
vt 0.218750 0.625000
vt 0.187500 0.593750
vt 0.187500 0.625000
vt 0.156250 0.593750
vt 0.156250 0.625000
vt 0.125000 0.593750
vt 0.125000 0.625000
vt 0.093750 0.593750
vt 0.093750 0.625000
vt 0.062500 0.593750
vt 0.062500 0.625000
vt 0.046875 0.593750
vt 0.031250 0.593750
vt 0.031250 0.625000
vt 0.046875 0.625000
vt 0.000000 0.593750
vt 0.000000 0.625000
vt 0.031250 0.531250
vt 0.000000 0.531250
vt 0.000000 0.562500
vt 0.031250 0.562500
vt 0.046875 0.531250
vt 0.046875 0.562500
vt 0.093750 0.531250
vt 0.062500 0.531250
vt 0.062500 0.562500
vt 0.093750 0.562500
vt 0.125000 0.531250
vt 0.125000 0.562500
vt 0.156250 0.531250
vt 0.156250 0.562500
vt 0.187500 0.531250
vt 0.187500 0.562500
vt 0.218750 0.531250
vt 0.218750 0.562500
vt 0.250000 0.531250
vt 0.250000 0.562500
vt 0.281250 0.531250
vt 0.281250 0.562500
vt 0.312500 0.531250
vt 0.312500 0.562500
vt 0.343750 0.531250
vt 0.343750 0.562500
vt 0.375000 0.531250
vt 0.375000 0.562500
vt 0.406250 0.531250
vt 0.406250 0.562500
vt 0.437500 0.531250
vt 0.437500 0.562500
vt 0.468750 0.531250
vt 0.468750 0.562500
vt 0.500000 0.531250
vt 0.500000 0.562500
vt 0.531250 0.531250
vt 0.531250 0.562500
vt 0.562500 0.531250
vt 0.562500 0.562500
vt 0.593750 0.531250
vt 0.593750 0.562500
vt 0.625000 0.531250
vt 0.625000 0.562500
vt 0.656250 0.531250
vt 0.656250 0.562500
vt 0.687500 0.531250
vt 0.687500 0.562500
vt 0.718750 0.531250
vt 0.718750 0.562500
vt 0.750000 0.531250
vt 0.750000 0.562500
vt 0.781250 0.531250
vt 0.781250 0.562500
vt 0.812500 0.531250
vt 0.812500 0.562500
vt 0.843750 0.531250
vt 0.843750 0.562500
vt 0.875000 0.531250
vt 0.875000 0.562500
vt 0.906250 0.531250
vt 0.906250 0.562500
vt 0.937500 0.531250
vt 0.937500 0.562500
vt 0.968750 0.531250
vt 0.968750 0.562500
vt 1.000000 0.531250
vt 1.000000 0.562500
vt 0.062500 0.500000
vt 0.046875 0.500000
vt 1.000000 0.500000
vt 0.968750 0.500000
vt 0.937500 0.500000
vt 0.906250 0.500000
vt 0.875000 0.500000
vt 0.843750 0.500000
vt 0.812500 0.500000
vt 0.781250 0.500000
vt 0.750000 0.500000
vt 0.718750 0.500000
vt 0.687500 0.500000
vt 0.656250 0.500000
vt 0.625000 0.500000
vt 0.593750 0.500000
vt 0.562500 0.500000
vt 0.531250 0.500000
vt 0.500000 0.500000
vt 0.468750 0.500000
vt 0.437500 0.500000
vt 0.406250 0.500000
vt 0.375000 0.500000
vt 0.343750 0.500000
vt 0.312500 0.500000
vt 0.281250 0.500000
vt 0.250000 0.500000
vt 0.218750 0.500000
vt 0.187500 0.500000
vt 0.156250 0.500000
vt 0.125000 0.500000
vt 0.093750 0.500000
vt 0.031250 0.500000
vt 0.000000 0.500000
vt 0.062500 0.656250
vt 0.046875 0.656250
vt 0.046875 0.687500
vt 0.062500 0.687500
vt 1.000000 0.656250
vt 0.968750 0.656250
vt 0.968750 0.687500
vt 1.000000 0.687500
vt 0.937500 0.656250
vt 0.937500 0.687500
vt 0.906250 0.656250
vt 0.906250 0.687500
vt 0.875000 0.656250
vt 0.875000 0.687500
vt 0.843750 0.656250
vt 0.843750 0.687500
vt 0.812500 0.656250
vt 0.812500 0.687500
vt 0.781250 0.656250
vt 0.781250 0.687500
vt 0.750000 0.656250
vt 0.750000 0.687500
vt 0.718750 0.656250
vt 0.718750 0.687500
vt 0.687500 0.656250
vt 0.687500 0.687500
vt 0.656250 0.656250
vt 0.656250 0.687500
vt 0.625000 0.656250
vt 0.625000 0.687500
vt 0.593750 0.656250
vt 0.593750 0.687500
vt 0.562500 0.656250
vt 0.562500 0.687500
vt 0.531250 0.656250
vt 0.531250 0.687500
vt 0.500000 0.656250
vt 0.500000 0.687500
vt 0.468750 0.656250
vt 0.468750 0.687500
vt 0.437500 0.656250
vt 0.437500 0.687500
vt 0.406250 0.656250
vt 0.406250 0.687500
vt 0.375000 0.656250
vt 0.375000 0.687500
vt 0.343750 0.656250
vt 0.343750 0.687500
vt 0.312500 0.656250
vt 0.312500 0.687500
vt 0.281250 0.656250
vt 0.281250 0.687500
vt 0.250000 0.656250
vt 0.250000 0.687500
vt 0.218750 0.656250
vt 0.218750 0.687500
vt 0.187500 0.656250
vt 0.187500 0.687500
vt 0.156250 0.656250
vt 0.156250 0.687500
vt 0.125000 0.656250
vt 0.125000 0.687500
vt 0.093750 0.656250
vt 0.093750 0.687500
vt 0.031250 0.656250
vt 0.031250 0.687500
vt 0.000000 0.656250
vt 0.000000 0.687500
vt 0.031250 0.640625
vt 0.000000 0.640625
vt 0.046875 0.640625
vt 0.093750 0.640625
vt 0.062500 0.640625
vt 0.125000 0.640625
vt 0.156250 0.640625
vt 0.187500 0.640625
vt 0.218750 0.640625
vt 0.250000 0.640625
vt 0.281250 0.640625
vt 0.312500 0.640625
vt 0.343750 0.640625
vt 0.375000 0.640625
vt 0.406250 0.640625
vt 0.437500 0.640625
vt 0.468750 0.640625
vt 0.500000 0.640625
vt 0.531250 0.640625
vt 0.562500 0.640625
vt 0.593750 0.640625
vt 0.625000 0.640625
vt 0.656250 0.640625
vt 0.687500 0.640625
vt 0.718750 0.640625
vt 0.750000 0.640625
vt 0.781250 0.640625
vt 0.812500 0.640625
vt 0.843750 0.640625
vt 0.875000 0.640625
vt 0.906250 0.640625
vt 0.937500 0.640625
vt 0.968750 0.640625
vt 1.000000 0.640625
vt 0.062500 0.843750
vt 0.046875 0.843750
vt 0.031250 0.843750
vt 0.000000 0.843750
vt 0.093750 0.843750
vt 0.125000 0.843750
vt 0.156250 0.843750
vt 0.187500 0.843750
vt 0.218750 0.843750
vt 0.250000 0.843750
vt 0.281250 0.843750
vt 0.312500 0.843750
vt 0.343750 0.843750
vt 0.375000 0.843750
vt 0.406250 0.843750
vt 0.437500 0.843750
vt 0.468750 0.843750
vt 0.500000 0.843750
vt 0.531250 0.843750
vt 0.562500 0.843750
vt 0.593750 0.843750
vt 0.625000 0.843750
vt 0.656250 0.843750
vt 0.687500 0.843750
vt 0.718750 0.843750
vt 0.750000 0.843750
vt 0.781250 0.843750
vt 0.812500 0.843750
vt 0.843750 0.843750
vt 0.875000 0.843750
vt 0.906250 0.843750
vt 0.937500 0.843750
vt 0.968750 0.843750
vt 1.000000 0.843750
vt 1.000000 0.781250
vt 0.968750 0.781250
vt 0.968750 0.812500
vt 1.000000 0.812500
vt 0.937500 0.781250
vt 0.937500 0.812500
vt 0.906250 0.781250
vt 0.906250 0.812500
vt 0.875000 0.781250
vt 0.875000 0.812500
vt 0.843750 0.781250
vt 0.843750 0.812500
vt 0.812500 0.781250
vt 0.812500 0.812500
vt 0.781250 0.781250
vt 0.781250 0.812500
vt 0.750000 0.781250
vt 0.750000 0.812500
vt 0.718750 0.781250
vt 0.718750 0.812500
vt 0.687500 0.781250
vt 0.687500 0.812500
vt 0.656250 0.781250
vt 0.656250 0.812500
vt 0.625000 0.781250
vt 0.625000 0.812500
vt 0.593750 0.781250
vt 0.593750 0.812500
vt 0.562500 0.781250
vt 0.562500 0.812500
vt 0.531250 0.781250
vt 0.531250 0.812500
vt 0.500000 0.781250
vt 0.500000 0.812500
vt 0.468750 0.781250
vt 0.468750 0.812500
vt 0.437500 0.781250
vt 0.437500 0.812500
vt 0.406250 0.781250
vt 0.406250 0.812500
vt 0.375000 0.781250
vt 0.375000 0.812500
vt 0.343750 0.781250
vt 0.343750 0.812500
vt 0.312500 0.781250
vt 0.312500 0.812500
vt 0.281250 0.781250
vt 0.281250 0.812500
vt 0.250000 0.781250
vt 0.250000 0.812500
vt 0.218750 0.781250
vt 0.218750 0.812500
vt 0.187500 0.781250
vt 0.187500 0.812500
vt 0.156250 0.781250
vt 0.156250 0.812500
vt 0.125000 0.781250
vt 0.125000 0.812500
vt 0.093750 0.781250
vt 0.093750 0.812500
vt 0.062500 0.781250
vt 0.062500 0.812500
vt 0.046875 0.781250
vt 0.031250 0.781250
vt 0.031250 0.812500
vt 0.046875 0.812500
vt 0.000000 0.781250
vt 0.000000 0.812500
vn 0.0000 0.0232 0.9997
vn -0.1950 0.0232 0.9805
vn -0.1420 -0.6857 0.7139
vn 0.0000 -0.6857 0.7279
vn -0.3826 0.0233 0.9236
vn -0.2785 -0.6857 0.6725
vn -0.5554 0.0234 0.8312
vn -0.4044 -0.6857 0.6052
vn -0.7069 0.0235 0.7069
vn -0.5147 -0.6857 0.5147
vn -0.8312 0.0237 0.5554
vn -0.6052 -0.6857 0.4044
vn -0.9236 0.0238 0.3825
vn -0.6725 -0.6857 0.2785
vn -0.9805 0.0239 0.1950
vn -0.7139 -0.6857 0.1420
vn -0.9997 0.0240 -0.0000
vn -0.7279 -0.6857 0.0000
vn -0.9805 0.0242 -0.1950
vn -0.7139 -0.6857 -0.1420
vn -0.9236 0.0243 -0.3826
vn -0.6725 -0.6857 -0.2785
vn -0.8312 0.0244 -0.5554
vn -0.6052 -0.6857 -0.4044
vn -0.7069 0.0245 -0.7069
vn -0.5147 -0.6857 -0.5147
vn -0.5554 0.0245 -0.8312
vn -0.4044 -0.6857 -0.6052
vn -0.3825 0.0246 -0.9236
vn -0.2785 -0.6857 -0.6725
vn -0.1950 0.0246 -0.9805
vn -0.1420 -0.6857 -0.7139
vn 0.0000 0.0245 -0.9997
vn 0.0000 -0.6857 -0.7279
vn 0.1950 0.0245 -0.9805
vn 0.1420 -0.6857 -0.7139
vn 0.3825 0.0244 -0.9236
vn 0.2785 -0.6857 -0.6725
vn 0.5554 0.0243 -0.8312
vn 0.4044 -0.6857 -0.6052
vn 0.7069 0.0242 -0.7069
vn 0.5147 -0.6857 -0.5147
vn 0.8312 0.0240 -0.5554
vn 0.6052 -0.6857 -0.4044
vn 0.9236 0.0239 -0.3826
vn 0.6725 -0.6857 -0.2785
vn 0.9805 0.0238 -0.1951
vn 0.7139 -0.6857 -0.1420
vn 0.9997 0.0237 -0.0000
vn 0.7279 -0.6857 0.0000
vn 0.9805 0.0235 0.1950
vn 0.7139 -0.6857 0.1420
vn 0.9236 0.0234 0.3825
vn 0.6725 -0.6857 0.2785
vn 0.8312 0.0233 0.5554
vn 0.6052 -0.6857 0.4044
vn 0.7069 0.0232 0.7069
vn 0.5147 -0.6857 0.5147
vn 0.5554 0.0232 0.8312
vn 0.4044 -0.6857 0.6052
vn 0.3826 0.0231 0.9236
vn 0.2785 -0.6857 0.6725
vn 0.2052 -0.7071 0.6767
vn 0.1420 -0.6857 0.7139
vn 0.2902 0.0230 0.9567
vn 0.1950 0.0231 0.9805
vn 0.0000 0.6857 0.7279
vn 0.1420 0.6857 0.7139
vn 0.2052 0.7071 0.6767
vn 0.2785 0.6857 0.6725
vn 0.4044 0.6857 0.6052
vn 0.5147 0.6857 0.5147
vn 0.6052 0.6857 0.4044
vn 0.6725 0.6857 0.2785
vn 0.7139 0.6857 0.1420
vn 0.7279 0.6857 0.0000
vn 0.7139 0.6857 -0.1420
vn 0.6725 0.6857 -0.2785
vn 0.6052 0.6857 -0.4044
vn 0.5147 0.6857 -0.5147
vn 0.4044 0.6857 -0.6052
vn 0.2785 0.6857 -0.6725
vn 0.1420 0.6857 -0.7139
vn 0.0000 0.6857 -0.7279
vn -0.1420 0.6857 -0.7139
vn -0.2785 0.6857 -0.6725
vn -0.4044 0.6857 -0.6052
vn -0.5147 0.6857 -0.5147
vn -0.6052 0.6857 -0.4044
vn -0.6725 0.6857 -0.2785
vn -0.7139 0.6857 -0.1420
vn -0.7279 0.6857 0.0000
vn -0.7139 0.6857 0.1420
vn -0.6725 0.6857 0.2785
vn -0.6052 0.6857 0.4044
vn -0.5147 0.6857 0.5147
vn -0.4044 0.6857 0.6052
vn -0.2785 0.6857 0.6725
vn -0.1420 0.6857 0.7139
vn 0.1778 0.0961 0.9793
vn -0.0037 0.0975 0.9952
vn 0.0000 0.0697 0.9976
vn 0.1946 0.0697 0.9784
vn 0.2882 0.0937 0.9529
vn 0.2896 0.0691 0.9546
vn 0.5544 0.0826 0.8281
vn 0.3941 0.0896 0.9147
vn 0.3817 0.0697 0.9216
vn 0.5542 0.0697 0.8294
vn 0.7025 0.0723 0.7080
vn 0.7053 0.0699 0.7054
vn 0.8274 0.0590 0.5584
vn 0.8294 0.0701 0.5542
vn 0.9210 0.0436 0.3871
vn 0.9215 0.0704 0.3818
vn 0.9793 0.0267 0.2004
vn 0.9783 0.0708 0.1947
vn 0.9999 0.0090 0.0056
vn 0.9974 0.0712 0.0001
vn 0.9818 -0.0089 -0.1896
vn 0.9783 0.0716 -0.1945
vn 0.9255 -0.0261 -0.3777
vn 0.9215 0.0720 -0.3816
vn 0.8333 -0.0420 -0.5511
vn 0.8293 0.0724 -0.5540
vn 0.7088 -0.0560 -0.7031
vn 0.7053 0.0728 -0.7051
vn 0.5569 -0.0674 -0.8278
vn 0.5541 0.0732 -0.8292
vn 0.3836 -0.0758 -0.9204
vn 0.3817 0.0735 -0.9214
vn 0.1955 -0.0810 -0.9773
vn 0.1946 0.0737 -0.9781
vn 0.0000 -0.0828 -0.9966
vn 0.0000 0.0739 -0.9973
vn -0.1955 -0.0810 -0.9773
vn -0.1945 0.0739 -0.9781
vn -0.3836 -0.0758 -0.9204
vn -0.3816 0.0739 -0.9213
vn -0.5569 -0.0673 -0.8278
vn -0.5541 0.0739 -0.8292
vn -0.7088 -0.0559 -0.7031
vn -0.7052 0.0737 -0.7051
vn -0.8333 -0.0419 -0.5511
vn -0.8292 0.0735 -0.5540
vn -0.9256 -0.0260 -0.3777
vn -0.9214 0.0732 -0.3816
vn -0.9818 -0.0087 -0.1896
vn -0.9782 0.0728 -0.1945
vn -0.9999 0.0091 0.0056
vn -0.9973 0.0724 0.0001
vn -0.9793 0.0268 0.2004
vn -0.9782 0.0720 0.1947
vn -0.9210 0.0437 0.3871
vn -0.9214 0.0716 0.3818
vn -0.8274 0.0591 0.5584
vn -0.8293 0.0712 0.5542
vn -0.7025 0.0724 0.7080
vn -0.7053 0.0708 0.7054
vn -0.5511 0.0832 0.8303
vn -0.5541 0.0704 0.8294
vn -0.3791 0.0912 0.9208
vn -0.3817 0.0701 0.9216
vn -0.1931 0.0960 0.9764
vn -0.1946 0.0699 0.9784
vn -0.0157 -0.3452 0.9384
vn -0.1840 -0.3394 0.9225
vn -0.1946 -0.1562 0.9684
vn -0.0166 -0.1588 0.9872
vn -0.3633 -0.3216 0.8744
vn -0.3819 -0.1473 0.9124
vn -0.5326 -0.2921 0.7943
vn -0.5552 -0.1327 0.8211
vn -0.6858 -0.2510 0.6831
vn -0.7075 -0.1128 0.6976
vn -0.8161 -0.1991 0.5426
vn -0.8328 -0.0882 0.5465
vn -0.9160 -0.1379 0.3768
vn -0.9257 -0.0598 0.3735
vn -0.9788 -0.0699 0.1923
vn -0.9822 -0.0288 0.1854
vn -1.0000 0.0017 -0.0022
vn -0.9999 0.0032 -0.0099
vn -0.9778 0.0730 -0.1964
vn -0.9783 0.0349 -0.2044
vn -0.9142 0.1404 -0.3803
vn -0.9185 0.0647 -0.3901
vn -0.8139 0.2006 -0.5452
vn -0.8236 0.0914 -0.5598
vn -0.6838 0.2516 -0.6849
vn -0.6978 0.1142 -0.7071
vn -0.5310 0.2918 -0.7955
vn -0.5464 0.1323 -0.8270
vn -0.3622 0.3207 -0.8751
vn -0.3754 0.1455 -0.9153
vn -0.1834 0.3381 -0.9230
vn -0.1910 0.1534 -0.9695
vn 0.0000 0.3439 -0.9390
vn 0.0000 0.1561 -0.9877
vn 0.1834 0.3381 -0.9230
vn 0.1910 0.1534 -0.9695
vn 0.3622 0.3207 -0.8751
vn 0.3754 0.1455 -0.9153
vn 0.5310 0.2918 -0.7955
vn 0.5464 0.1323 -0.8270
vn 0.6838 0.2516 -0.6849
vn 0.6978 0.1142 -0.7071
vn 0.8139 0.2006 -0.5452
vn 0.8236 0.0914 -0.5598
vn 0.9142 0.1404 -0.3803
vn 0.9185 0.0647 -0.3901
vn 0.9778 0.0730 -0.1964
vn 0.9783 0.0349 -0.2044
vn 1.0000 0.0017 -0.0022
vn 0.9999 0.0032 -0.0099
vn 0.9788 -0.0699 0.1923
vn 0.9822 -0.0288 0.1854
vn 0.9160 -0.1379 0.3768
vn 0.9257 -0.0598 0.3735
vn 0.8161 -0.1991 0.5426
vn 0.8328 -0.0882 0.5465
vn 0.6858 -0.2510 0.6831
vn 0.7075 -0.1128 0.6976
vn 0.5460 -0.2890 0.7863
vn 0.5682 -0.1312 0.8123
vn 0.4166 -0.3137 0.8532
vn 0.4363 -0.1432 0.8883
vn 0.2745 -0.3319 0.9025
vn 0.1273 -0.3423 0.9309
vn 0.1344 -0.1573 0.9783
vn 0.2893 -0.1523 0.9450
vn 0.1769 -0.1344 0.9750
vn -0.0037 -0.1364 0.9906
vn -0.0113 -0.3245 0.9458
vn 0.1415 -0.3211 0.9364
vn 0.2866 -0.1313 0.9490
vn 0.2744 -0.3115 0.9097
vn 0.5515 -0.1148 0.8262
vn 0.3916 -0.1249 0.9116
vn 0.4057 -0.2965 0.8646
vn 0.5434 -0.2732 0.7937
vn 0.6995 -0.0997 0.7076
vn 0.6856 -0.2378 0.6880
vn 0.8250 -0.0799 0.5595
vn 0.8150 -0.1901 0.5473
vn 0.9194 -0.0568 0.3892
vn 0.9145 -0.1338 0.3818
vn 0.9786 -0.0312 0.2031
vn 0.9777 -0.0709 0.1978
vn 0.9999 -0.0041 0.0085
vn 1.0000 -0.0042 0.0035
vn 0.9821 0.0233 -0.1868
vn 0.9796 0.0628 -0.1911
vn 0.9257 0.0498 -0.3749
vn 0.9178 0.1268 -0.3763
vn 0.8331 0.0742 -0.5481
vn 0.8190 0.1845 -0.5433
vn 0.7081 0.0954 -0.6996
vn 0.6894 0.2337 -0.6856
vn 0.5560 0.1126 -0.8235
vn 0.5362 0.2729 -0.7987
vn 0.3826 0.1253 -0.9153
vn 0.3663 0.3011 -0.8804
vn 0.1950 0.1331 -0.9717
vn 0.1857 0.3181 -0.9297
vn 0.0000 0.1357 -0.9907
vn 0.0000 0.3238 -0.9461
vn -0.1950 0.1331 -0.9717
vn -0.1857 0.3181 -0.9297
vn -0.3826 0.1253 -0.9153
vn -0.3663 0.3011 -0.8804
vn -0.5560 0.1126 -0.8235
vn -0.5362 0.2729 -0.7987
vn -0.7081 0.0954 -0.6996
vn -0.6894 0.2337 -0.6856
vn -0.8331 0.0742 -0.5481
vn -0.8190 0.1845 -0.5433
vn -0.9257 0.0498 -0.3749
vn -0.9178 0.1268 -0.3763
vn -0.9821 0.0233 -0.1868
vn -0.9796 0.0628 -0.1911
vn -0.9999 -0.0041 0.0085
vn -1.0000 -0.0042 0.0035
vn -0.9786 -0.0312 0.2031
vn -0.9777 -0.0709 0.1978
vn -0.9194 -0.0568 0.3892
vn -0.9145 -0.1338 0.3818
vn -0.8250 -0.0799 0.5595
vn -0.8150 -0.1901 0.5473
vn -0.6995 -0.0997 0.7076
vn -0.6856 -0.2378 0.6880
vn -0.5481 -0.1156 0.8284
vn -0.5330 -0.2756 0.7999
vn -0.3768 -0.1271 0.9175
vn -0.3640 -0.3027 0.8808
vn -0.1918 -0.1342 0.9722
vn -0.1845 -0.3191 0.9296
vn 0.4177 0.3008 0.8573
vn 0.2752 0.3182 0.9072
vn 0.2802 0.2409 0.9292
vn 0.4129 0.2289 0.8815
vn -0.0157 0.3309 0.9435
vn -0.1845 0.3253 0.9274
vn -0.1884 0.2469 0.9505
vn -0.0116 0.2514 0.9678
vn -0.3642 0.3083 0.8788
vn -0.3708 0.2339 0.8987
vn -0.5335 0.2800 0.7981
vn -0.5412 0.2123 0.8136
vn -0.6864 0.2409 0.6862
vn -0.6933 0.1827 0.6971
vn -0.8161 0.1915 0.5453
vn -0.8207 0.1457 0.5524
vn -0.9155 0.1334 0.3794
vn -0.9175 0.1024 0.3842
vn -0.9784 0.0688 0.1950
vn -0.9785 0.0544 0.1990
vn -1.0000 0.0006 0.0007
vn -1.0000 0.0038 0.0045
vn -0.9787 -0.0676 -0.1938
vn -0.9806 -0.0471 -0.1904
vn -0.9161 -0.1325 -0.3784
vn -0.9213 -0.0960 -0.3769
vn -0.8167 -0.1909 -0.5445
vn -0.8254 -0.1405 -0.5468
vn -0.6870 -0.2405 -0.6857
vn -0.6980 -0.1789 -0.6933
vn -0.5340 -0.2799 -0.7978
vn -0.5453 -0.2099 -0.8115
vn -0.3645 -0.3084 -0.8786
vn -0.3738 -0.2325 -0.8979
vn -0.1848 -0.3255 -0.9273
vn -0.1899 -0.2463 -0.9504
vn 0.0000 -0.3312 -0.9435
vn 0.0000 -0.2509 -0.9680
vn 0.1848 -0.3255 -0.9273
vn 0.1899 -0.2463 -0.9504
vn 0.3645 -0.3084 -0.8786
vn 0.3738 -0.2325 -0.8979
vn 0.5340 -0.2799 -0.7978
vn 0.5453 -0.2099 -0.8115
vn 0.6870 -0.2405 -0.6857
vn 0.6980 -0.1789 -0.6933
vn 0.8167 -0.1909 -0.5445
vn 0.8254 -0.1405 -0.5468
vn 0.9161 -0.1325 -0.3784
vn 0.9213 -0.0960 -0.3769
vn 0.9787 -0.0676 -0.1938
vn 0.9806 -0.0471 -0.1904
vn 1.0000 0.0006 0.0007
vn 1.0000 0.0038 0.0045
vn 0.9784 0.0688 0.1950
vn 0.9785 0.0544 0.1990
vn 0.9155 0.1334 0.3794
vn 0.9175 0.1024 0.3842
vn 0.8161 0.1915 0.5453
vn 0.8207 0.1457 0.5524
vn 0.6864 0.2409 0.6862
vn 0.6933 0.1827 0.6971
vn 0.5471 0.2772 0.7898
vn 0.5517 0.2104 0.8071
vn 0.1277 0.3283 0.9359
vn 0.1446 0.2488 0.9577
vn 0.1342 0.1731 0.9757
vn -0.0165 0.1748 0.9844
vn 0.2888 0.1677 0.9426
vn 0.5675 0.1447 0.8105
vn 0.4356 0.1578 0.8862
vn 0.7070 0.1244 0.6962
vn 0.8325 0.0973 0.5454
vn 0.9257 0.0659 0.3725
vn 0.9823 0.0316 0.1845
vn 0.9999 -0.0039 -0.0109
vn 0.9779 -0.0390 -0.2052
vn 0.9177 -0.0719 -0.3907
vn 0.8224 -0.1013 -0.5599
vn 0.6963 -0.1261 -0.7065
vn 0.5450 -0.1458 -0.8256
vn 0.3742 -0.1601 -0.9134
vn 0.1904 -0.1686 -0.9671
vn 0.0000 -0.1715 -0.9852
vn -0.1904 -0.1686 -0.9671
vn -0.3742 -0.1601 -0.9134
vn -0.5450 -0.1458 -0.8256
vn -0.6963 -0.1261 -0.7065
vn -0.8224 -0.1013 -0.5599
vn -0.9177 -0.0719 -0.3907
vn -0.9779 -0.0390 -0.2052
vn -0.9999 -0.0039 -0.0109
vn -0.9823 0.0316 0.1845
vn -0.9257 0.0659 0.3725
vn -0.8325 0.0973 0.5454
vn -0.7070 0.1244 0.6962
vn -0.5546 0.1463 0.8192
vn -0.3814 0.1622 0.9101
vn -0.1942 0.1719 0.9658
vn 0.0174 -0.9990 0.0415
vn 0.0310 -0.9943 0.1021
vn 0.0086 -0.9990 0.0442
vn -0.0005 -0.9990 0.0451
vn 0.0255 -0.9990 0.0373
vn 0.0327 -0.9990 0.0315
vn 0.0387 -0.9989 0.0244
vn 0.0433 -0.9989 0.0161
vn 0.0462 -0.9989 0.0074
vn 0.0473 -0.9989 -0.0018
vn 0.0466 -0.9988 -0.0112
vn 0.0442 -0.9988 -0.0203
vn 0.0399 -0.9988 -0.0289
vn 0.0340 -0.9987 -0.0365
vn 0.0269 -0.9987 -0.0426
vn 0.0184 -0.9987 -0.0474
vn 0.0092 -0.9987 -0.0504
vn -0.0005 -0.9987 -0.0514
vn -0.0102 -0.9987 -0.0505
vn -0.0196 -0.9987 -0.0477
vn -0.0281 -0.9987 -0.0431
vn -0.0356 -0.9987 -0.0368
vn -0.0417 -0.9987 -0.0290
vn -0.0461 -0.9987 -0.0204
vn -0.0486 -0.9987 -0.0113
vn -0.0492 -0.9988 -0.0018
vn -0.0481 -0.9988 0.0076
vn -0.0450 -0.9988 0.0165
vn -0.0404 -0.9989 0.0247
vn -0.0342 -0.9989 0.0319
vn -0.0268 -0.9989 0.0377
vn -0.0186 -0.9989 0.0418
vn -0.0098 -0.9990 0.0443
vn 0.0027 -0.9822 0.1877
vn -0.0409 -0.9822 0.1830
vn 0.1929 -0.1483 -0.9699
vn 0.0000 -0.1480 -0.9890
vn -0.0726 -0.9822 0.1733
vn 0.3784 -0.1488 -0.9136
vn -0.1053 -0.9821 0.1561
vn 0.5493 -0.1494 -0.8221
vn -0.1309 -0.9817 0.1378
vn 0.6991 -0.1502 -0.6991
vn -0.1576 -0.9821 0.1028
vn 0.8219 -0.1510 -0.5492
vn -0.1806 -0.9815 0.0634
vn 0.9131 -0.1518 -0.3782
vn -0.1881 -0.9815 0.0362
vn 0.9693 -0.1527 -0.1928
vn -0.1919 -0.9814 0.0017
vn 0.9881 -0.1536 0.0000
vn -0.1891 -0.9812 -0.0384
vn 0.9690 -0.1544 0.1928
vn -0.1791 -0.9810 -0.0740
vn 0.9127 -0.1551 0.3781
vn -0.1600 -0.9810 -0.1093
vn 0.8213 -0.1557 0.5488
vn -0.1373 -0.9807 -0.1388
vn 0.6984 -0.1562 0.6984
vn -0.1089 -0.9810 -0.1606
vn 0.5487 -0.1565 0.8212
vn -0.0782 -0.9807 -0.1789
vn 0.3779 -0.1567 0.9124
vn -0.0411 -0.9809 -0.1901
vn 0.1927 -0.1567 0.9687
vn 0.0007 -0.9809 -0.1944
vn 0.0000 -0.1565 0.9876
vn 0.0416 -0.9810 -0.1895
vn -0.1927 -0.1562 0.9687
vn 0.0704 -0.9807 -0.1825
vn -0.3780 -0.1557 0.9126
vn 0.1012 -0.9814 -0.1633
vn -0.5488 -0.1551 0.8214
vn 0.1416 -0.9812 -0.1311
vn -0.6986 -0.1544 0.6986
vn 0.1601 -0.9812 -0.1078
vn -0.8216 -0.1535 0.5490
vn 0.1742 -0.9815 -0.0797
vn -0.9130 -0.1527 0.3782
vn 0.1874 -0.9816 -0.0370
vn -0.9694 -0.1518 0.1928
vn 0.1899 -0.9818 0.0019
vn -0.9885 -0.1509 0.0000
vn 0.1845 -0.9821 0.0389
vn -0.9697 -0.1502 -0.1928
vn 0.1742 -0.9819 0.0737
vn -0.9135 -0.1494 -0.3784
vn 0.1562 -0.9822 0.1043
vn -0.8222 -0.1488 -0.5494
vn 0.1314 -0.9823 0.1336
vn -0.6993 -0.1483 -0.6992
vn 0.1014 -0.9823 0.1575
vn -0.5495 -0.1480 -0.8223
vn 0.0731 -0.9823 0.1725
vn -0.3785 -0.1478 -0.9137
vn 0.0235 -0.9919 0.1247
vn 0.0266 -0.9821 0.1862
vn -0.1929 -0.1478 -0.9700
vn -0.2871 -0.1472 -0.9465
usemtl None
s 1
f 4441/4695/1199 4442/4696/1200 4180/4697/1201 4178/4698/1202
f 4442/4696/1200 4443/4699/1203 4182/4700/1204 4180/4697/1201
f 4443/4699/1203 4444/4701/1205 4184/4702/1206 4182/4700/1204
f 4444/4701/1205 4445/4703/1207 4186/4704/1208 4184/4702/1206
f 4445/4703/1207 4446/4705/1209 4188/4706/1210 4186/4704/1208
f 4446/4705/1209 4447/4707/1211 4190/4708/1212 4188/4706/1210
f 4447/4707/1211 4448/4709/1213 4192/4710/1214 4190/4708/1212
f 4448/4709/1213 4449/4711/1215 4194/4712/1216 4192/4710/1214
f 4449/4711/1215 4450/4713/1217 4196/4714/1218 4194/4712/1216
f 4450/4713/1217 4451/4715/1219 4198/4716/1220 4196/4714/1218
f 4451/4715/1219 4452/4717/1221 4200/4718/1222 4198/4716/1220
f 4452/4717/1221 4453/4719/1223 4202/4720/1224 4200/4718/1222
f 4453/4719/1223 4454/4721/1225 4204/4722/1226 4202/4720/1224
f 4454/4721/1225 4455/4723/1227 4206/4724/1228 4204/4722/1226
f 4455/4723/1227 4456/4725/1229 4208/4726/1230 4206/4724/1228
f 4456/4725/1229 4457/4727/1231 4210/4728/1232 4208/4726/1230
f 4457/4727/1231 4458/4729/1233 4212/4730/1234 4210/4728/1232
f 4458/4729/1233 4459/4731/1235 4214/4732/1236 4212/4730/1234
f 4459/4731/1235 4460/4733/1237 4216/4734/1238 4214/4732/1236
f 4460/4733/1237 4461/4735/1239 4218/4736/1240 4216/4734/1238
f 4461/4735/1239 4462/4737/1241 4220/4738/1242 4218/4736/1240
f 4462/4737/1241 4463/4739/1243 4222/4740/1244 4220/4738/1242
f 4463/4739/1243 4464/4741/1245 4224/4742/1246 4222/4740/1244
f 4464/4741/1245 4465/4743/1247 4226/4744/1248 4224/4742/1246
f 4465/4743/1247 4466/4745/1249 4228/4746/1250 4226/4744/1248
f 4466/4745/1249 4467/4747/1251 4230/4748/1252 4228/4746/1250
f 4467/4747/1251 4468/4749/1253 4232/4750/1254 4230/4748/1252
f 4468/4749/1253 4469/4751/1255 4234/4752/1256 4232/4750/1254
f 4469/4751/1255 4470/4753/1257 4236/4754/1258 4234/4752/1256
f 4470/4753/1257 4471/4755/1259 4238/4756/1260 4236/4754/1258
f 4180/4757/1201 4182/4758/1204 4184/4759/1206 4186/4760/1208 4188/4761/1210 4190/4762/1212 4192/4763/1214 4194/4764/1216 4196/4765/1218 4198/4766/1220 4200/4767/1222 4202/4768/1224 4204/4769/1226 4206/4770/1228 4208/4771/1230 4210/4772/1232 4212/4773/1234 4214/4774/1236 4216/4775/1238 4218/4776/1240 4220/4777/1242 4222/4778/1244 4224/4779/1246 4226/4780/1248 4228/4781/1250 4230/4782/1252 4232/4783/1254 4234/4784/1256 4236/4785/1258 4238/4786/1260 4338/4787/1261 4240/4788/1262 4178/4789/1202
f 4473/4790/1263 4472/4791/1264 4240/4792/1262 4338/4793/1261
f 4472/4791/1264 4441/4794/1199 4178/4795/1202 4240/4792/1262
f 4177/4796/1265 4239/4797/1266 4337/4798/1267 4237/4799/1268 4235/4800/1269 4233/4801/1270 4231/4802/1271 4229/4803/1272 4227/4804/1273 4225/4805/1274 4223/4806/1275 4221/4807/1276 4219/4808/1277 4217/4809/1278 4215/4810/1279 4213/4811/1280 4211/4812/1281 4209/4813/1282 4207/4814/1283 4205/4815/1284 4203/4816/1285 4201/4817/1286 4199/4818/1287 4197/4819/1288 4195/4820/1289 4193/4821/1290 4191/4822/1291 4189/4823/1292 4187/4824/1293 4185/4825/1294 4183/4826/1295 4181/4827/1296 4179/4828/1297
f 4505/4829/1298 4474/4830/1299 4241/4831/1300 4272/4832/1301
f 4506/4833/1302 4505/4829/1298 4272/4832/1301 4339/4834/1303
f 4503/4835/1304 4504/4836/1305 4271/4837/1306 4270/4838/1307
f 4502/4839/1308 4503/4835/1304 4270/4838/1307 4269/4840/1309
f 4501/4841/1310 4502/4839/1308 4269/4840/1309 4268/4842/1311
f 4500/4843/1312 4501/4841/1310 4268/4842/1311 4267/4844/1313
f 4499/4845/1314 4500/4843/1312 4267/4844/1313 4266/4846/1315
f 4498/4847/1316 4499/4845/1314 4266/4846/1315 4265/4848/1317
f 4497/4849/1318 4498/4847/1316 4265/4848/1317 4264/4850/1319
f 4496/4851/1320 4497/4849/1318 4264/4850/1319 4263/4852/1321
f 4495/4853/1322 4496/4851/1320 4263/4852/1321 4262/4854/1323
f 4494/4855/1324 4495/4853/1322 4262/4854/1323 4261/4856/1325
f 4493/4857/1326 4494/4855/1324 4261/4856/1325 4260/4858/1327
f 4492/4859/1328 4493/4857/1326 4260/4858/1327 4259/4860/1329
f 4491/4861/1330 4492/4859/1328 4259/4860/1329 4258/4862/1331
f 4490/4863/1332 4491/4861/1330 4258/4862/1331 4257/4864/1333
f 4489/4865/1334 4490/4863/1332 4257/4864/1333 4256/4866/1335
f 4488/4867/1336 4489/4865/1334 4256/4866/1335 4255/4868/1337
f 4487/4869/1338 4488/4867/1336 4255/4868/1337 4254/4870/1339
f 4486/4871/1340 4487/4869/1338 4254/4870/1339 4253/4872/1341
f 4485/4873/1342 4486/4871/1340 4253/4872/1341 4252/4874/1343
f 4484/4875/1344 4485/4873/1342 4252/4874/1343 4251/4876/1345
f 4483/4877/1346 4484/4875/1344 4251/4876/1345 4250/4878/1347
f 4482/4879/1348 4483/4877/1346 4250/4878/1347 4249/4880/1349
f 4481/4881/1350 4482/4879/1348 4249/4880/1349 4248/4882/1351
f 4480/4883/1352 4481/4881/1350 4248/4882/1351 4247/4884/1353
f 4479/4885/1354 4480/4883/1352 4247/4884/1353 4246/4886/1355
f 4478/4887/1356 4479/4885/1354 4246/4886/1355 4245/4888/1357
f 4477/4889/1358 4478/4887/1356 4245/4888/1357 4244/4890/1359
f 4476/4891/1360 4477/4889/1358 4244/4890/1359 4243/4892/1361
f 4475/4893/1362 4476/4891/1360 4243/4892/1361 4242/4894/1363
f 4474/4895/1299 4475/4893/1362 4242/4894/1363 4241/4896/1300
f 4606/4897/1364 4607/4898/1365 4273/4899/1366 4304/4900/1367
f 4607/4898/1365 4608/4901/1368 4274/4902/1369 4273/4899/1366
f 4608/4901/1368 4609/4903/1370 4275/4904/1371 4274/4902/1369
f 4609/4903/1370 4610/4905/1372 4276/4906/1373 4275/4904/1371
f 4610/4905/1372 4611/4907/1374 4277/4908/1375 4276/4906/1373
f 4611/4907/1374 4612/4909/1376 4278/4910/1377 4277/4908/1375
f 4612/4909/1376 4613/4911/1378 4279/4912/1379 4278/4910/1377
f 4613/4911/1378 4614/4913/1380 4280/4914/1381 4279/4912/1379
f 4614/4913/1380 4615/4915/1382 4281/4916/1383 4280/4914/1381
f 4615/4915/1382 4616/4917/1384 4282/4918/1385 4281/4916/1383
f 4616/4917/1384 4617/4919/1386 4283/4920/1387 4282/4918/1385
f 4617/4919/1386 4618/4921/1388 4284/4922/1389 4283/4920/1387
f 4618/4921/1388 4619/4923/1390 4285/4924/1391 4284/4922/1389
f 4619/4923/1390 4620/4925/1392 4286/4926/1393 4285/4924/1391
f 4620/4925/1392 4621/4927/1394 4287/4928/1395 4286/4926/1393
f 4621/4927/1394 4622/4929/1396 4288/4930/1397 4287/4928/1395
f 4622/4929/1396 4623/4931/1398 4289/4932/1399 4288/4930/1397
f 4623/4931/1398 4624/4933/1400 4290/4934/1401 4289/4932/1399
f 4624/4933/1400 4625/4935/1402 4291/4936/1403 4290/4934/1401
f 4625/4935/1402 4626/4937/1404 4292/4938/1405 4291/4936/1403
f 4626/4937/1404 4627/4939/1406 4293/4940/1407 4292/4938/1405
f 4627/4939/1406 4628/4941/1408 4294/4942/1409 4293/4940/1407
f 4628/4941/1408 4629/4943/1410 4295/4944/1411 4294/4942/1409
f 4629/4943/1410 4630/4945/1412 4296/4946/1413 4295/4944/1411
f 4630/4945/1412 4631/4947/1414 4297/4948/1415 4296/4946/1413
f 4631/4947/1414 4632/4949/1416 4298/4950/1417 4297/4948/1415
f 4632/4949/1416 4633/4951/1418 4299/4952/1419 4298/4950/1417
f 4633/4951/1418 4634/4953/1420 4300/4954/1421 4299/4952/1419
f 4634/4953/1420 4635/4955/1422 4301/4956/1423 4300/4954/1421
f 4635/4955/1422 4636/4957/1424 4302/4958/1425 4301/4956/1423
f 4638/4959/1426 4637/4960/1427 4303/4961/1428 4340/4962/1429
f 4637/4960/1427 4606/4963/1364 4304/4964/1367 4303/4961/1428
f 4372/4965/1430 4373/4966/1431 4336/4967/1432 4335/4968/1433
f 4374/4969/1434 4372/4965/1430 4335/4968/1433 4341/4970/1435
f 4370/4971/1436 4371/4972/1437 4334/4973/1438 4333/4974/1439
f 4369/4975/1440 4370/4971/1436 4333/4974/1439 4332/4976/1441
f 4368/4977/1442 4369/4975/1440 4332/4976/1441 4331/4978/1443
f 4367/4979/1444 4368/4977/1442 4331/4978/1443 4330/4980/1445
f 4366/4981/1446 4367/4979/1444 4330/4980/1445 4329/4982/1447
f 4365/4983/1448 4366/4981/1446 4329/4982/1447 4328/4984/1449
f 4364/4985/1450 4365/4983/1448 4328/4984/1449 4327/4986/1451
f 4363/4987/1452 4364/4985/1450 4327/4986/1451 4326/4988/1453
f 4362/4989/1454 4363/4987/1452 4326/4988/1453 4325/4990/1455
f 4361/4991/1456 4362/4989/1454 4325/4990/1455 4324/4992/1457
f 4360/4993/1458 4361/4991/1456 4324/4992/1457 4323/4994/1459
f 4359/4995/1460 4360/4993/1458 4323/4994/1459 4322/4996/1461
f 4358/4997/1462 4359/4995/1460 4322/4996/1461 4321/4998/1463
f 4357/4999/1464 4358/4997/1462 4321/4998/1463 4320/5000/1465
f 4356/5001/1466 4357/4999/1464 4320/5000/1465 4319/5002/1467
f 4355/5003/1468 4356/5001/1466 4319/5002/1467 4318/5004/1469
f 4354/5005/1470 4355/5003/1468 4318/5004/1469 4317/5006/1471
f 4353/5007/1472 4354/5005/1470 4317/5006/1471 4316/5008/1473
f 4352/5009/1474 4353/5007/1472 4316/5008/1473 4315/5010/1475
f 4351/5011/1476 4352/5009/1474 4315/5010/1475 4314/5012/1477
f 4350/5013/1478 4351/5011/1476 4314/5012/1477 4313/5014/1479
f 4349/5015/1480 4350/5013/1478 4313/5014/1479 4312/5016/1481
f 4348/5017/1482 4349/5015/1480 4312/5016/1481 4311/5018/1483
f 4347/5019/1484 4348/5017/1482 4311/5018/1483 4310/5020/1485
f 4346/5021/1486 4347/5019/1484 4310/5020/1485 4309/5022/1487
f 4345/5023/1488 4346/5021/1486 4309/5022/1487 4308/5024/1489
f 4344/5025/1490 4345/5023/1488 4308/5024/1489 4307/5026/1491
f 4343/5027/1492 4344/5025/1490 4307/5026/1491 4306/5028/1493
f 4342/5029/1494 4343/5027/1492 4306/5028/1493 4305/5030/1495
f 4373/5031/1431 4342/5029/1494 4305/5030/1495 4336/5032/1432
f 4371/4972/1437 4374/4969/1434 4341/4970/1435 4334/4973/1438
f 4636/4957/1424 4638/4959/1426 4340/4962/1429 4302/4958/1425
f 4504/4836/1305 4506/4833/1302 4339/4834/1303 4271/4837/1306
f 4471/4755/1259 4473/4790/1263 4338/4793/1261 4238/4756/1260
f 4237/5033/1268 4337/5034/1267 4374/4969/1434 4371/4972/1437
f 4177/5035/1265 4179/5036/1297 4342/5029/1494 4373/5031/1431
f 4179/5036/1297 4181/5037/1296 4343/5027/1492 4342/5029/1494
f 4181/5037/1296 4183/5038/1295 4344/5025/1490 4343/5027/1492
f 4183/5038/1295 4185/5039/1294 4345/5023/1488 4344/5025/1490
f 4185/5039/1294 4187/5040/1293 4346/5021/1486 4345/5023/1488
f 4187/5040/1293 4189/5041/1292 4347/5019/1484 4346/5021/1486
f 4189/5041/1292 4191/5042/1291 4348/5017/1482 4347/5019/1484
f 4191/5042/1291 4193/5043/1290 4349/5015/1480 4348/5017/1482
f 4193/5043/1290 4195/5044/1289 4350/5013/1478 4349/5015/1480
f 4195/5044/1289 4197/5045/1288 4351/5011/1476 4350/5013/1478
f 4197/5045/1288 4199/5046/1287 4352/5009/1474 4351/5011/1476
f 4199/5046/1287 4201/5047/1286 4353/5007/1472 4352/5009/1474
f 4201/5047/1286 4203/5048/1285 4354/5005/1470 4353/5007/1472
f 4203/5048/1285 4205/5049/1284 4355/5003/1468 4354/5005/1470
f 4205/5049/1284 4207/5050/1283 4356/5001/1466 4355/5003/1468
f 4207/5050/1283 4209/5051/1282 4357/4999/1464 4356/5001/1466
f 4209/5051/1282 4211/5052/1281 4358/4997/1462 4357/4999/1464
f 4211/5052/1281 4213/5053/1280 4359/4995/1460 4358/4997/1462
f 4213/5053/1280 4215/5054/1279 4360/4993/1458 4359/4995/1460
f 4215/5054/1279 4217/5055/1278 4361/4991/1456 4360/4993/1458
f 4217/5055/1278 4219/5056/1277 4362/4989/1454 4361/4991/1456
f 4219/5056/1277 4221/5057/1276 4363/4987/1452 4362/4989/1454
f 4221/5057/1276 4223/5058/1275 4364/4985/1450 4363/4987/1452
f 4223/5058/1275 4225/5059/1274 4365/4983/1448 4364/4985/1450
f 4225/5059/1274 4227/5060/1273 4366/4981/1446 4365/4983/1448
f 4227/5060/1273 4229/5061/1272 4367/4979/1444 4366/4981/1446
f 4229/5061/1272 4231/5062/1271 4368/4977/1442 4367/4979/1444
f 4231/5062/1271 4233/5063/1270 4369/4975/1440 4368/4977/1442
f 4233/5063/1270 4235/5064/1269 4370/4971/1436 4369/4975/1440
f 4235/5064/1269 4237/5033/1268 4371/4972/1437 4370/4971/1436
f 4337/5034/1267 4239/5065/1266 4372/4965/1430 4374/4969/1434
f 4239/5065/1266 4177/5066/1265 4373/4966/1431 4372/4965/1430
f 4437/5067/1496 4439/5068/1497 4407/5069/1498 4405/5070/1499
f 4440/5071/1500 4408/5072/1501 4376/5073/1502 4375/5074/1503
f 4408/5072/1501 4409/5075/1504 4377/5076/1505 4376/5073/1502
f 4409/5075/1504 4410/5077/1506 4378/5078/1507 4377/5076/1505
f 4410/5077/1506 4411/5079/1508 4379/5080/1509 4378/5078/1507
f 4411/5079/1508 4412/5081/1510 4380/5082/1511 4379/5080/1509
f 4412/5081/1510 4413/5083/1512 4381/5084/1513 4380/5082/1511
f 4413/5083/1512 4414/5085/1514 4382/5086/1515 4381/5084/1513
f 4414/5085/1514 4415/5087/1516 4383/5088/1517 4382/5086/1515
f 4415/5087/1516 4416/5089/1518 4384/5090/1519 4383/5088/1517
f 4416/5089/1518 4417/5091/1520 4385/5092/1521 4384/5090/1519
f 4417/5091/1520 4418/5093/1522 4386/5094/1523 4385/5092/1521
f 4418/5093/1522 4419/5095/1524 4387/5096/1525 4386/5094/1523
f 4419/5095/1524 4420/5097/1526 4388/5098/1527 4387/5096/1525
f 4420/5097/1526 4421/5099/1528 4389/5100/1529 4388/5098/1527
f 4421/5099/1528 4422/5101/1530 4390/5102/1531 4389/5100/1529
f 4422/5101/1530 4423/5103/1532 4391/5104/1533 4390/5102/1531
f 4423/5103/1532 4424/5105/1534 4392/5106/1535 4391/5104/1533
f 4424/5105/1534 4425/5107/1536 4393/5108/1537 4392/5106/1535
f 4425/5107/1536 4426/5109/1538 4394/5110/1539 4393/5108/1537
f 4426/5109/1538 4427/5111/1540 4395/5112/1541 4394/5110/1539
f 4427/5111/1540 4428/5113/1542 4396/5114/1543 4395/5112/1541
f 4428/5113/1542 4429/5115/1544 4397/5116/1545 4396/5114/1543
f 4429/5115/1544 4430/5117/1546 4398/5118/1547 4397/5116/1545
f 4430/5117/1546 4431/5119/1548 4399/5120/1549 4398/5118/1547
f 4431/5119/1548 4432/5121/1550 4400/5122/1551 4399/5120/1549
f 4432/5121/1550 4433/5123/1552 4401/5124/1553 4400/5122/1551
f 4433/5123/1552 4434/5125/1554 4402/5126/1555 4401/5124/1553
f 4434/5125/1554 4435/5127/1556 4403/5128/1557 4402/5126/1555
f 4435/5127/1556 4436/5129/1558 4404/5130/1559 4403/5128/1557
f 4436/5129/1558 4437/5067/1496 4405/5070/1499 4404/5130/1559
f 4439/5068/1497 4438/5131/1560 4406/5132/1561 4407/5069/1498
f 4438/5131/1560 4440/5133/1500 4375/5134/1503 4406/5132/1561
f 4669/5135/1562 4671/5136/1563 4440/5133/1500 4438/5131/1560
f 4670/5137/1564 4669/5135/1562 4438/5131/1560 4439/5068/1497
f 4667/5138/1565 4668/5139/1566 4437/5067/1496 4436/5129/1558
f 4666/5140/1567 4667/5138/1565 4436/5129/1558 4435/5127/1556
f 4665/5141/1568 4666/5140/1567 4435/5127/1556 4434/5125/1554
f 4664/5142/1569 4665/5141/1568 4434/5125/1554 4433/5123/1552
f 4663/5143/1570 4664/5142/1569 4433/5123/1552 4432/5121/1550
f 4662/5144/1571 4663/5143/1570 4432/5121/1550 4431/5119/1548
f 4661/5145/1572 4662/5144/1571 4431/5119/1548 4430/5117/1546
f 4660/5146/1573 4661/5145/1572 4430/5117/1546 4429/5115/1544
f 4659/5147/1574 4660/5146/1573 4429/5115/1544 4428/5113/1542
f 4658/5148/1575 4659/5147/1574 4428/5113/1542 4427/5111/1540
f 4657/5149/1576 4658/5148/1575 4427/5111/1540 4426/5109/1538
f 4656/5150/1577 4657/5149/1576 4426/5109/1538 4425/5107/1536
f 4655/5151/1578 4656/5150/1577 4425/5107/1536 4424/5105/1534
f 4654/5152/1579 4655/5151/1578 4424/5105/1534 4423/5103/1532
f 4653/5153/1580 4654/5152/1579 4423/5103/1532 4422/5101/1530
f 4652/5154/1581 4653/5153/1580 4422/5101/1530 4421/5099/1528
f 4651/5155/1582 4652/5154/1581 4421/5099/1528 4420/5097/1526
f 4650/5156/1583 4651/5155/1582 4420/5097/1526 4419/5095/1524
f 4649/5157/1584 4650/5156/1583 4419/5095/1524 4418/5093/1522
f 4648/5158/1585 4649/5157/1584 4418/5093/1522 4417/5091/1520
f 4647/5159/1586 4648/5158/1585 4417/5091/1520 4416/5089/1518
f 4646/5160/1587 4647/5159/1586 4416/5089/1518 4415/5087/1516
f 4645/5161/1588 4646/5160/1587 4415/5087/1516 4414/5085/1514
f 4644/5162/1589 4645/5161/1588 4414/5085/1514 4413/5083/1512
f 4643/5163/1590 4644/5162/1589 4413/5083/1512 4412/5081/1510
f 4642/5164/1591 4643/5163/1590 4412/5081/1510 4411/5079/1508
f 4641/5165/1592 4642/5164/1591 4411/5079/1508 4410/5077/1506
f 4640/5166/1593 4641/5165/1592 4410/5077/1506 4409/5075/1504
f 4639/5167/1594 4640/5166/1593 4409/5075/1504 4408/5072/1501
f 4671/5168/1563 4639/5167/1594 4408/5072/1501 4440/5071/1500
f 4668/5139/1566 4670/5137/1564 4439/5068/1497 4437/5067/1496
f 4603/5169/1595 4605/5170/1596 4473/4790/1263 4471/4755/1259
f 4604/5171/1597 4573/5172/1598 4441/4794/1199 4472/4791/1264
f 4605/5170/1596 4604/5171/1597 4472/4791/1264 4473/4790/1263
f 4602/5173/1599 4603/5169/1595 4471/4755/1259 4470/4753/1257
f 4601/5174/1600 4602/5173/1599 4470/4753/1257 4469/4751/1255
f 4600/5175/1601 4601/5174/1600 4469/4751/1255 4468/4749/1253
f 4599/5176/1602 4600/5175/1601 4468/4749/1253 4467/4747/1251
f 4598/5177/1603 4599/5176/1602 4467/4747/1251 4466/4745/1249
f 4597/5178/1604 4598/5177/1603 4466/4745/1249 4465/4743/1247
f 4596/5179/1605 4597/5178/1604 4465/4743/1247 4464/4741/1245
f 4595/5180/1606 4596/5179/1605 4464/4741/1245 4463/4739/1243
f 4594/5181/1607 4595/5180/1606 4463/4739/1243 4462/4737/1241
f 4593/5182/1608 4594/5181/1607 4462/4737/1241 4461/4735/1239
f 4592/5183/1609 4593/5182/1608 4461/4735/1239 4460/4733/1237
f 4591/5184/1610 4592/5183/1609 4460/4733/1237 4459/4731/1235
f 4590/5185/1611 4591/5184/1610 4459/4731/1235 4458/4729/1233
f 4589/5186/1612 4590/5185/1611 4458/4729/1233 4457/4727/1231
f 4588/5187/1613 4589/5186/1612 4457/4727/1231 4456/4725/1229
f 4587/5188/1614 4588/5187/1613 4456/4725/1229 4455/4723/1227
f 4586/5189/1615 4587/5188/1614 4455/4723/1227 4454/4721/1225
f 4585/5190/1616 4586/5189/1615 4454/4721/1225 4453/4719/1223
f 4584/5191/1617 4585/5190/1616 4453/4719/1223 4452/4717/1221
f 4583/5192/1618 4584/5191/1617 4452/4717/1221 4451/4715/1219
f 4582/5193/1619 4583/5192/1618 4451/4715/1219 4450/4713/1217
f 4581/5194/1620 4582/5193/1619 4450/4713/1217 4449/4711/1215
f 4580/5195/1621 4581/5194/1620 4449/4711/1215 4448/4709/1213
f 4579/5196/1622 4580/5195/1621 4448/4709/1213 4447/4707/1211
f 4578/5197/1623 4579/5196/1622 4447/4707/1211 4446/4705/1209
f 4577/5198/1624 4578/5197/1623 4446/4705/1209 4445/4703/1207
f 4576/5199/1625 4577/5198/1624 4445/4703/1207 4444/4701/1205
f 4575/5200/1626 4576/5199/1625 4444/4701/1205 4443/4699/1203
f 4574/5201/1627 4575/5200/1626 4443/4699/1203 4442/4696/1200
f 4573/5202/1598 4574/5201/1627 4442/4696/1200 4441/4695/1199
f 4405/5070/1499 4407/5069/1498 4506/4833/1302 4504/4836/1305
f 4375/5074/1503 4376/5073/1502 4475/4893/1362 4474/4895/1299
f 4376/5073/1502 4377/5076/1505 4476/4891/1360 4475/4893/1362
f 4377/5076/1505 4378/5078/1507 4477/4889/1358 4476/4891/1360
f 4378/5078/1507 4379/5080/1509 4478/4887/1356 4477/4889/1358
f 4379/5080/1509 4380/5082/1511 4479/4885/1354 4478/4887/1356
f 4380/5082/1511 4381/5084/1513 4480/4883/1352 4479/4885/1354
f 4381/5084/1513 4382/5086/1515 4481/4881/1350 4480/4883/1352
f 4382/5086/1515 4383/5088/1517 4482/4879/1348 4481/4881/1350
f 4383/5088/1517 4384/5090/1519 4483/4877/1346 4482/4879/1348
f 4384/5090/1519 4385/5092/1521 4484/4875/1344 4483/4877/1346
f 4385/5092/1521 4386/5094/1523 4485/4873/1342 4484/4875/1344
f 4386/5094/1523 4387/5096/1525 4486/4871/1340 4485/4873/1342
f 4387/5096/1525 4388/5098/1527 4487/4869/1338 4486/4871/1340
f 4388/5098/1527 4389/5100/1529 4488/4867/1336 4487/4869/1338
f 4389/5100/1529 4390/5102/1531 4489/4865/1334 4488/4867/1336
f 4390/5102/1531 4391/5104/1533 4490/4863/1332 4489/4865/1334
f 4391/5104/1533 4392/5106/1535 4491/4861/1330 4490/4863/1332
f 4392/5106/1535 4393/5108/1537 4492/4859/1328 4491/4861/1330
f 4393/5108/1537 4394/5110/1539 4493/4857/1326 4492/4859/1328
f 4394/5110/1539 4395/5112/1541 4494/4855/1324 4493/4857/1326
f 4395/5112/1541 4396/5114/1543 4495/4853/1322 4494/4855/1324
f 4396/5114/1543 4397/5116/1545 4496/4851/1320 4495/4853/1322
f 4397/5116/1545 4398/5118/1547 4497/4849/1318 4496/4851/1320
f 4398/5118/1547 4399/5120/1549 4498/4847/1316 4497/4849/1318
f 4399/5120/1549 4400/5122/1551 4499/4845/1314 4498/4847/1316
f 4400/5122/1551 4401/5124/1553 4500/4843/1312 4499/4845/1314
f 4401/5124/1553 4402/5126/1555 4501/4841/1310 4500/4843/1312
f 4402/5126/1555 4403/5128/1557 4502/4839/1308 4501/4841/1310
f 4403/5128/1557 4404/5130/1559 4503/4835/1304 4502/4839/1308
f 4404/5130/1559 4405/5070/1499 4504/4836/1305 4503/4835/1304
f 4407/5069/1498 4406/5132/1561 4505/4829/1298 4506/4833/1302
f 4406/5132/1561 4375/5134/1503 4474/4830/1299 4505/4829/1298
f 4572/5203/1628 4540/5204/1629 4507/5205/1630 4539/5206/1631
f 4540/5204/1629 4541/5207/1632 4508/5208/1633 4507/5205/1630
f 4541/5207/1632 4542/5209/1634 4509/5210/1635 4508/5208/1633
f 4542/5209/1634 4543/5211/1636 4510/5212/1637 4509/5210/1635
f 4543/5211/1636 4544/5213/1638 4511/5214/1639 4510/5212/1637
f 4544/5213/1638 4545/5215/1640 4512/5216/1641 4511/5214/1639
f 4545/5215/1640 4546/5217/1642 4513/5218/1643 4512/5216/1641
f 4546/5217/1642 4547/5219/1644 4514/5220/1645 4513/5218/1643
f 4547/5219/1644 4548/5221/1646 4515/5222/1647 4514/5220/1645
f 4548/5221/1646 4549/5223/1648 4516/5224/1649 4515/5222/1647
f 4549/5223/1648 4550/5225/1650 4517/5226/1651 4516/5224/1649
f 4550/5225/1650 4551/5227/1652 4518/5228/1653 4517/5226/1651
f 4551/5227/1652 4552/5229/1654 4519/5230/1655 4518/5228/1653
f 4552/5229/1654 4553/5231/1656 4520/5232/1657 4519/5230/1655
f 4553/5231/1656 4554/5233/1658 4521/5234/1659 4520/5232/1657
f 4554/5233/1658 4555/5235/1660 4522/5236/1661 4521/5234/1659
f 4555/5235/1660 4556/5237/1662 4523/5238/1663 4522/5236/1661
f 4556/5237/1662 4557/5239/1664 4524/5240/1665 4523/5238/1663
f 4557/5239/1664 4558/5241/1666 4525/5242/1667 4524/5240/1665
f 4558/5241/1666 4559/5243/1668 4526/5244/1669 4525/5242/1667
f 4559/5243/1668 4560/5245/1670 4527/5246/1671 4526/5244/1669
f 4560/5245/1670 4561/5247/1672 4528/5248/1673 4527/5246/1671
f 4561/5247/1672 4562/5249/1674 4529/5250/1675 4528/5248/1673
f 4562/5249/1674 4563/5251/1676 4530/5252/1677 4529/5250/1675
f 4563/5251/1676 4564/5253/1678 4531/5254/1679 4530/5252/1677
f 4564/5253/1678 4565/5255/1680 4532/5256/1681 4531/5254/1679
f 4565/5255/1680 4566/5257/1682 4533/5258/1683 4532/5256/1681
f 4566/5257/1682 4567/5259/1684 4534/5260/1685 4533/5258/1683
f 4567/5259/1684 4568/5261/1686 4535/5262/1687 4534/5260/1685
f 4568/5261/1686 4569/5263/1688 4536/5264/1689 4535/5262/1687
f 4571/5265/1690 4570/5266/1691 4537/5267/1692 4538/5268/1693
f 4570/5266/1691 4572/5269/1628 4539/5270/1631 4537/5267/1692
f 4569/5263/1688 4571/5265/1690 4538/5268/1693 4536/5264/1689
f 4271/4837/1306 4339/4834/1303 4571/5265/1690 4569/5263/1688
f 4272/4832/1301 4241/4831/1300 4572/5269/1628 4570/5266/1691
f 4339/4834/1303 4272/4832/1301 4570/5266/1691 4571/5265/1690
f 4270/4838/1307 4271/4837/1306 4569/5263/1688 4568/5261/1686
f 4269/4840/1309 4270/4838/1307 4568/5261/1686 4567/5259/1684
f 4268/4842/1311 4269/4840/1309 4567/5259/1684 4566/5257/1682
f 4267/4844/1313 4268/4842/1311 4566/5257/1682 4565/5255/1680
f 4266/4846/1315 4267/4844/1313 4565/5255/1680 4564/5253/1678
f 4265/4848/1317 4266/4846/1315 4564/5253/1678 4563/5251/1676
f 4264/4850/1319 4265/4848/1317 4563/5251/1676 4562/5249/1674
f 4263/4852/1321 4264/4850/1319 4562/5249/1674 4561/5247/1672
f 4262/4854/1323 4263/4852/1321 4561/5247/1672 4560/5245/1670
f 4261/4856/1325 4262/4854/1323 4560/5245/1670 4559/5243/1668
f 4260/4858/1327 4261/4856/1325 4559/5243/1668 4558/5241/1666
f 4259/4860/1329 4260/4858/1327 4558/5241/1666 4557/5239/1664
f 4258/4862/1331 4259/4860/1329 4557/5239/1664 4556/5237/1662
f 4257/4864/1333 4258/4862/1331 4556/5237/1662 4555/5235/1660
f 4256/4866/1335 4257/4864/1333 4555/5235/1660 4554/5233/1658
f 4255/4868/1337 4256/4866/1335 4554/5233/1658 4553/5231/1656
f 4254/4870/1339 4255/4868/1337 4553/5231/1656 4552/5229/1654
f 4253/4872/1341 4254/4870/1339 4552/5229/1654 4551/5227/1652
f 4252/4874/1343 4253/4872/1341 4551/5227/1652 4550/5225/1650
f 4251/4876/1345 4252/4874/1343 4550/5225/1650 4549/5223/1648
f 4250/4878/1347 4251/4876/1345 4549/5223/1648 4548/5221/1646
f 4249/4880/1349 4250/4878/1347 4548/5221/1646 4547/5219/1644
f 4248/4882/1351 4249/4880/1349 4547/5219/1644 4546/5217/1642
f 4247/4884/1353 4248/4882/1351 4546/5217/1642 4545/5215/1640
f 4246/4886/1355 4247/4884/1353 4545/5215/1640 4544/5213/1638
f 4245/4888/1357 4246/4886/1355 4544/5213/1638 4543/5211/1636
f 4244/4890/1359 4245/4888/1357 4543/5211/1636 4542/5209/1634
f 4243/4892/1361 4244/4890/1359 4542/5209/1634 4541/5207/1632
f 4242/4894/1363 4243/4892/1361 4541/5207/1632 4540/5204/1629
f 4241/4896/1300 4242/4894/1363 4540/5204/1629 4572/5203/1628
f 4539/5206/1631 4507/5205/1630 4574/5201/1627 4573/5202/1598
f 4507/5205/1630 4508/5208/1633 4575/5200/1626 4574/5201/1627
f 4508/5208/1633 4509/5210/1635 4576/5199/1625 4575/5200/1626
f 4509/5210/1635 4510/5212/1637 4577/5198/1624 4576/5199/1625
f 4510/5212/1637 4511/5214/1639 4578/5197/1623 4577/5198/1624
f 4511/5214/1639 4512/5216/1641 4579/5196/1622 4578/5197/1623
f 4512/5216/1641 4513/5218/1643 4580/5195/1621 4579/5196/1622
f 4513/5218/1643 4514/5220/1645 4581/5194/1620 4580/5195/1621
f 4514/5220/1645 4515/5222/1647 4582/5193/1619 4581/5194/1620
f 4515/5222/1647 4516/5224/1649 4583/5192/1618 4582/5193/1619
f 4516/5224/1649 4517/5226/1651 4584/5191/1617 4583/5192/1618
f 4517/5226/1651 4518/5228/1653 4585/5190/1616 4584/5191/1617
f 4518/5228/1653 4519/5230/1655 4586/5189/1615 4585/5190/1616
f 4519/5230/1655 4520/5232/1657 4587/5188/1614 4586/5189/1615
f 4520/5232/1657 4521/5234/1659 4588/5187/1613 4587/5188/1614
f 4521/5234/1659 4522/5236/1661 4589/5186/1612 4588/5187/1613
f 4522/5236/1661 4523/5238/1663 4590/5185/1611 4589/5186/1612
f 4523/5238/1663 4524/5240/1665 4591/5184/1610 4590/5185/1611
f 4524/5240/1665 4525/5242/1667 4592/5183/1609 4591/5184/1610
f 4525/5242/1667 4526/5244/1669 4593/5182/1608 4592/5183/1609
f 4526/5244/1669 4527/5246/1671 4594/5181/1607 4593/5182/1608
f 4527/5246/1671 4528/5248/1673 4595/5180/1606 4594/5181/1607
f 4528/5248/1673 4529/5250/1675 4596/5179/1605 4595/5180/1606
f 4529/5250/1675 4530/5252/1677 4597/5178/1604 4596/5179/1605
f 4530/5252/1677 4531/5254/1679 4598/5177/1603 4597/5178/1604
f 4531/5254/1679 4532/5256/1681 4599/5176/1602 4598/5177/1603
f 4532/5256/1681 4533/5258/1683 4600/5175/1601 4599/5176/1602
f 4533/5258/1683 4534/5260/1685 4601/5174/1600 4600/5175/1601
f 4534/5260/1685 4535/5262/1687 4602/5173/1599 4601/5174/1600
f 4535/5262/1687 4536/5264/1689 4603/5169/1595 4602/5173/1599
f 4538/5268/1693 4537/5267/1692 4604/5171/1597 4605/5170/1596
f 4537/5267/1692 4539/5270/1631 4573/5172/1598 4604/5171/1597
f 4536/5264/1689 4538/5268/1693 4605/5170/1596 4603/5169/1595
f 4334/4973/1438 4341/4970/1435 4638/4959/1426 4636/4957/1424
f 4335/4968/1433 4336/4967/1432 4606/4963/1364 4637/4960/1427
f 4341/4970/1435 4335/4968/1433 4637/4960/1427 4638/4959/1426
f 4333/4974/1439 4334/4973/1438 4636/4957/1424 4635/4955/1422
f 4332/4976/1441 4333/4974/1439 4635/4955/1422 4634/4953/1420
f 4331/4978/1443 4332/4976/1441 4634/4953/1420 4633/4951/1418
f 4330/4980/1445 4331/4978/1443 4633/4951/1418 4632/4949/1416
f 4329/4982/1447 4330/4980/1445 4632/4949/1416 4631/4947/1414
f 4328/4984/1449 4329/4982/1447 4631/4947/1414 4630/4945/1412
f 4327/4986/1451 4328/4984/1449 4630/4945/1412 4629/4943/1410
f 4326/4988/1453 4327/4986/1451 4629/4943/1410 4628/4941/1408
f 4325/4990/1455 4326/4988/1453 4628/4941/1408 4627/4939/1406
f 4324/4992/1457 4325/4990/1455 4627/4939/1406 4626/4937/1404
f 4323/4994/1459 4324/4992/1457 4626/4937/1404 4625/4935/1402
f 4322/4996/1461 4323/4994/1459 4625/4935/1402 4624/4933/1400
f 4321/4998/1463 4322/4996/1461 4624/4933/1400 4623/4931/1398
f 4320/5000/1465 4321/4998/1463 4623/4931/1398 4622/4929/1396
f 4319/5002/1467 4320/5000/1465 4622/4929/1396 4621/4927/1394
f 4318/5004/1469 4319/5002/1467 4621/4927/1394 4620/4925/1392
f 4317/5006/1471 4318/5004/1469 4620/4925/1392 4619/4923/1390
f 4316/5008/1473 4317/5006/1471 4619/4923/1390 4618/4921/1388
f 4315/5010/1475 4316/5008/1473 4618/4921/1388 4617/4919/1386
f 4314/5012/1477 4315/5010/1475 4617/4919/1386 4616/4917/1384
f 4313/5014/1479 4314/5012/1477 4616/4917/1384 4615/4915/1382
f 4312/5016/1481 4313/5014/1479 4615/4915/1382 4614/4913/1380
f 4311/5018/1483 4312/5016/1481 4614/4913/1380 4613/4911/1378
f 4310/5020/1485 4311/5018/1483 4613/4911/1378 4612/4909/1376
f 4309/5022/1487 4310/5020/1485 4612/4909/1376 4611/4907/1374
f 4308/5024/1489 4309/5022/1487 4611/4907/1374 4610/4905/1372
f 4307/5026/1491 4308/5024/1489 4610/4905/1372 4609/4903/1370
f 4306/5028/1493 4307/5026/1491 4609/4903/1370 4608/4901/1368
f 4305/5030/1495 4306/5028/1493 4608/4901/1368 4607/4898/1365
f 4336/5032/1432 4305/5030/1495 4607/4898/1365 4606/4897/1364
f 4302/4958/1425 4340/4962/1429 4670/5137/1564 4668/5139/1566
f 4304/4900/1367 4273/4899/1366 4639/5167/1594 4671/5168/1563
f 4273/4899/1366 4274/4902/1369 4640/5166/1593 4639/5167/1594
f 4274/4902/1369 4275/4904/1371 4641/5165/1592 4640/5166/1593
f 4275/4904/1371 4276/4906/1373 4642/5164/1591 4641/5165/1592
f 4276/4906/1373 4277/4908/1375 4643/5163/1590 4642/5164/1591
f 4277/4908/1375 4278/4910/1377 4644/5162/1589 4643/5163/1590
f 4278/4910/1377 4279/4912/1379 4645/5161/1588 4644/5162/1589
f 4279/4912/1379 4280/4914/1381 4646/5160/1587 4645/5161/1588
f 4280/4914/1381 4281/4916/1383 4647/5159/1586 4646/5160/1587
f 4281/4916/1383 4282/4918/1385 4648/5158/1585 4647/5159/1586
f 4282/4918/1385 4283/4920/1387 4649/5157/1584 4648/5158/1585
f 4283/4920/1387 4284/4922/1389 4650/5156/1583 4649/5157/1584
f 4284/4922/1389 4285/4924/1391 4651/5155/1582 4650/5156/1583
f 4285/4924/1391 4286/4926/1393 4652/5154/1581 4651/5155/1582
f 4286/4926/1393 4287/4928/1395 4653/5153/1580 4652/5154/1581
f 4287/4928/1395 4288/4930/1397 4654/5152/1579 4653/5153/1580
f 4288/4930/1397 4289/4932/1399 4655/5151/1578 4654/5152/1579
f 4289/4932/1399 4290/4934/1401 4656/5150/1577 4655/5151/1578
f 4290/4934/1401 4291/4936/1403 4657/5149/1576 4656/5150/1577
f 4291/4936/1403 4292/4938/1405 4658/5148/1575 4657/5149/1576
f 4292/4938/1405 4293/4940/1407 4659/5147/1574 4658/5148/1575
f 4293/4940/1407 4294/4942/1409 4660/5146/1573 4659/5147/1574
f 4294/4942/1409 4295/4944/1411 4661/5145/1572 4660/5146/1573
f 4295/4944/1411 4296/4946/1413 4662/5144/1571 4661/5145/1572
f 4296/4946/1413 4297/4948/1415 4663/5143/1570 4662/5144/1571
f 4297/4948/1415 4298/4950/1417 4664/5142/1569 4663/5143/1570
f 4298/4950/1417 4299/4952/1419 4665/5141/1568 4664/5142/1569
f 4299/4952/1419 4300/4954/1421 4666/5140/1567 4665/5141/1568
f 4300/4954/1421 4301/4956/1423 4667/5138/1565 4666/5140/1567
f 4301/4956/1423 4302/4958/1425 4668/5139/1566 4667/5138/1565
f 4340/4962/1429 4303/4961/1428 4669/5135/1562 4670/5137/1564
f 4303/4961/1428 4304/4964/1367 4671/5136/1563 4669/5135/1562
o furtun.002_Cylinder.008
v -0.824356 1.631226 -0.702720
v -0.824368 0.145145 -0.701387
v -0.829051 1.631226 -0.703182
v -0.829330 0.145145 -0.701876
v -0.833565 1.631226 -0.704552
v -0.834102 0.145145 -0.703324
v -0.837725 1.631226 -0.706776
v -0.838500 0.145145 -0.705674
v -0.841372 1.631226 -0.709768
v -0.842354 0.145145 -0.708838
v -0.844365 1.631226 -0.713415
v -0.845518 0.145145 -0.712692
v -0.846588 1.631226 -0.717575
v -0.847868 0.145145 -0.717090
v -0.847958 1.631226 -0.722089
v -0.849316 0.145145 -0.721861
v -0.848420 1.631226 -0.726784
v -0.849804 0.145145 -0.726824
v -0.847958 1.631226 -0.731479
v -0.849316 0.145145 -0.731786
v -0.846588 1.631226 -0.735993
v -0.847868 0.145145 -0.736558
v -0.844365 1.631226 -0.740153
v -0.845518 0.145145 -0.740955
v -0.841372 1.631226 -0.743800
v -0.842354 0.145145 -0.744810
v -0.837725 1.631226 -0.746793
v -0.838500 0.145145 -0.747973
v -0.833565 1.631226 -0.749016
v -0.834102 0.145145 -0.750324
v -0.829051 1.631226 -0.750386
v -0.829330 0.145145 -0.751771
v -0.824356 1.631226 -0.750848
v -0.824368 0.145145 -0.752260
v -0.819661 1.631226 -0.750386
v -0.819406 0.145145 -0.751771
v -0.815147 1.631226 -0.749016
v -0.814634 0.145145 -0.750324
v -0.810987 1.631226 -0.746793
v -0.810236 0.145145 -0.747973
v -0.807340 1.631226 -0.743800
v -0.806382 0.145145 -0.744810
v -0.804348 1.631226 -0.740153
v -0.803219 0.145145 -0.740955
v -0.802124 1.631226 -0.735993
v -0.800868 0.145145 -0.736558
v -0.800754 1.631226 -0.731479
v -0.799421 0.145145 -0.731786
v -0.800292 1.631226 -0.726784
v -0.798932 0.145145 -0.726824
v -0.800754 1.631226 -0.722089
v -0.799421 0.145145 -0.721861
v -0.802124 1.631226 -0.717575
v -0.800868 0.145145 -0.717090
v -0.804348 1.631226 -0.713415
v -0.803219 0.145145 -0.712692
v -0.807340 1.631226 -0.709768
v -0.806382 0.145145 -0.708838
v -0.810987 1.631226 -0.706776
v -0.810237 0.145145 -0.705674
v -0.815147 1.631226 -0.704552
v -0.814634 0.145145 -0.703324
v -0.819661 1.631226 -0.703182
v -0.819406 0.145145 -0.701876
v -0.824362 0.952488 -0.702111
v -0.829179 0.952488 -0.702585
v -0.833811 0.952488 -0.703990
v -0.838080 0.952488 -0.706272
v -0.841821 0.952488 -0.709343
v -0.844892 0.952488 -0.713084
v -0.847174 0.952488 -0.717353
v -0.848579 0.952488 -0.721985
v -0.849053 0.952488 -0.726802
v -0.848579 0.952488 -0.731619
v -0.847174 0.952488 -0.736251
v -0.844892 0.952488 -0.740520
v -0.841821 0.952488 -0.744262
v -0.838080 0.952488 -0.747333
v -0.833811 0.952488 -0.749614
v -0.829179 0.952488 -0.751019
v -0.824362 0.952488 -0.751494
v -0.819544 0.952488 -0.751019
v -0.814912 0.952488 -0.749614
v -0.810644 0.952488 -0.747333
v -0.806902 0.952488 -0.744262
v -0.803831 0.952488 -0.740520
v -0.801549 0.952488 -0.736251
v -0.800144 0.952488 -0.731619
v -0.799670 0.952488 -0.726802
v -0.800144 0.952488 -0.721985
v -0.801550 0.952488 -0.717353
v -0.803831 0.952488 -0.713084
v -0.806902 0.952488 -0.709343
v -0.810644 0.952488 -0.706272
v -0.814913 0.952488 -0.703990
v -0.819544 0.952488 -0.702585
v -0.828999 1.324339 -0.780500
v -0.833463 1.324339 -0.781854
v -0.837577 1.324339 -0.784053
v -0.841183 1.324339 -0.787012
v -0.844142 1.324339 -0.790618
v -0.846341 1.324339 -0.794732
v -0.847695 1.324339 -0.799196
v -0.848152 1.324339 -0.803839
v -0.847695 1.324339 -0.808481
v -0.846341 1.324339 -0.812945
v -0.844142 1.324339 -0.817059
v -0.841183 1.324339 -0.820665
v -0.837577 1.324339 -0.823625
v -0.833463 1.324339 -0.825824
v -0.828999 1.324339 -0.827178
v -0.824356 1.324339 -0.827635
v -0.819714 1.324339 -0.827178
v -0.815250 1.324339 -0.825824
v -0.811136 1.324339 -0.823625
v -0.807530 1.324339 -0.820665
v -0.804570 1.324339 -0.817059
v -0.802371 1.324339 -0.812945
v -0.801017 1.324339 -0.808481
v -0.800560 1.324339 -0.803839
v -0.801017 1.324339 -0.799196
v -0.802371 1.324339 -0.794732
v -0.804570 1.324339 -0.790618
v -0.807530 1.324339 -0.787012
v -0.811136 1.324339 -0.784053
v -0.814596 1.324339 -0.782052
v -0.820367 1.324339 -0.780302
v -0.824356 1.324339 -0.780042
v -0.828999 1.472023 -0.725745
v -0.833463 1.472023 -0.727099
v -0.837577 1.472023 -0.729298
v -0.841183 1.472023 -0.732258
v -0.844142 1.472023 -0.735864
v -0.846341 1.472023 -0.739978
v -0.847695 1.472023 -0.744442
v -0.848152 1.472023 -0.749084
v -0.847695 1.472023 -0.753727
v -0.846341 1.472023 -0.758191
v -0.844142 1.472023 -0.762305
v -0.841183 1.472023 -0.765911
v -0.837577 1.472023 -0.768870
v -0.833463 1.472023 -0.771069
v -0.828999 1.472023 -0.772423
v -0.824356 1.472023 -0.772881
v -0.819714 1.472023 -0.772423
v -0.815250 1.472023 -0.771069
v -0.811136 1.472023 -0.768870
v -0.807530 1.472023 -0.765911
v -0.804570 1.472023 -0.762305
v -0.802371 1.472023 -0.758191
v -0.801017 1.472023 -0.753727
v -0.800560 1.472023 -0.749084
v -0.801017 1.472023 -0.744442
v -0.802371 1.472023 -0.739978
v -0.804570 1.472023 -0.735864
v -0.807530 1.472023 -0.732258
v -0.811136 1.472023 -0.729298
v -0.814596 1.472023 -0.727297
v -0.820367 1.472023 -0.725547
v -0.824356 1.472023 -0.725288
v -0.817404 1.631226 -0.703867
v -0.817020 0.145145 -0.702600
v -0.817229 0.952488 -0.703288
v -0.817404 1.324339 -0.780922
v -0.817404 1.472023 -0.726167
v -0.829051 1.551624 -0.703182
v -0.833565 1.551624 -0.704552
v -0.837725 1.551624 -0.706776
v -0.841372 1.551624 -0.709768
v -0.844365 1.551624 -0.713415
v -0.846588 1.551624 -0.717575
v -0.847958 1.551624 -0.722089
v -0.848420 1.551624 -0.726784
v -0.847958 1.551624 -0.731479
v -0.846588 1.551624 -0.735993
v -0.844365 1.551624 -0.740153
v -0.841372 1.551624 -0.743800
v -0.837725 1.551624 -0.746793
v -0.833565 1.551624 -0.749016
v -0.829051 1.551624 -0.750386
v -0.824356 1.551624 -0.750848
v -0.819661 1.551624 -0.750386
v -0.815147 1.551624 -0.749016
v -0.810987 1.551624 -0.746793
v -0.807340 1.551624 -0.743800
v -0.804348 1.551624 -0.740153
v -0.802124 1.551624 -0.735993
v -0.800754 1.551624 -0.731479
v -0.800292 1.551624 -0.726784
v -0.800754 1.551624 -0.722089
v -0.802124 1.551624 -0.717575
v -0.804348 1.551624 -0.713415
v -0.807340 1.551624 -0.709768
v -0.810987 1.551624 -0.706776
v -0.815147 1.551624 -0.704552
v -0.819661 1.551624 -0.703182
v -0.824356 1.551624 -0.702720
v -0.817404 1.551624 -0.703867
v -0.824356 1.115789 -0.725268
v -0.829003 1.115789 -0.725726
v -0.833471 1.115789 -0.727081
v -0.837588 1.115789 -0.729282
v -0.841197 1.115790 -0.732244
v -0.844159 1.115790 -0.735853
v -0.846360 1.115790 -0.739971
v -0.847715 1.115790 -0.744438
v -0.848173 1.115790 -0.749085
v -0.847715 1.115790 -0.753731
v -0.846360 1.115790 -0.758199
v -0.844159 1.115790 -0.762317
v -0.841197 1.115790 -0.765926
v -0.837588 1.115790 -0.768888
v -0.833471 1.115790 -0.771089
v -0.829003 1.115790 -0.772444
v -0.824356 1.115790 -0.772902
v -0.819710 1.115790 -0.772444
v -0.815242 1.115790 -0.771089
v -0.811124 1.115790 -0.768888
v -0.807515 1.115790 -0.765926
v -0.804553 1.115790 -0.762317
v -0.802352 1.115790 -0.758199
v -0.800997 1.115790 -0.753731
v -0.800539 1.115790 -0.749085
v -0.800997 1.115790 -0.744438
v -0.802352 1.115789 -0.739971
v -0.804553 1.115789 -0.735853
v -0.807515 1.115789 -0.732244
v -0.811124 1.115789 -0.729282
v -0.814589 1.115789 -0.727279
v -0.820363 1.115789 -0.725527
v -0.817399 1.115789 -0.726148
v -0.828999 1.211623 -0.758199
v -0.833463 1.211623 -0.759554
v -0.837577 1.211623 -0.761753
v -0.841183 1.211623 -0.764712
v -0.844142 1.211623 -0.768318
v -0.846341 1.211624 -0.772432
v -0.847695 1.211624 -0.776896
v -0.848152 1.211624 -0.781539
v -0.847695 1.211624 -0.786181
v -0.846341 1.211624 -0.790645
v -0.844142 1.211624 -0.794759
v -0.841183 1.211624 -0.798365
v -0.837577 1.211624 -0.801325
v -0.833463 1.211624 -0.803524
v -0.828999 1.211624 -0.804878
v -0.824356 1.211624 -0.805335
v -0.819714 1.211624 -0.804878
v -0.815250 1.211624 -0.803524
v -0.811136 1.211624 -0.801325
v -0.807530 1.211624 -0.798365
v -0.804570 1.211624 -0.794759
v -0.802371 1.211624 -0.790645
v -0.801017 1.211624 -0.786181
v -0.800560 1.211623 -0.781539
v -0.801017 1.211623 -0.776896
v -0.802371 1.211623 -0.772432
v -0.804570 1.211623 -0.768318
v -0.807530 1.211623 -0.764712
v -0.811136 1.211623 -0.761753
v -0.814596 1.211623 -0.759752
v -0.820367 1.211623 -0.758001
v -0.817404 1.211623 -0.758622
v -0.824356 1.211623 -0.757742
v -0.824368 0.939239 -0.701387
v -0.829330 0.939239 -0.701876
v -0.834102 0.939239 -0.703324
v -0.838500 0.939239 -0.705674
v -0.842354 0.939239 -0.708838
v -0.845518 0.939239 -0.712692
v -0.847868 0.939239 -0.717090
v -0.849316 0.939239 -0.721861
v -0.849804 0.939239 -0.726824
v -0.849316 0.939239 -0.731786
v -0.847868 0.939239 -0.736558
v -0.845518 0.939239 -0.740955
v -0.842354 0.939239 -0.744810
v -0.838500 0.939239 -0.747973
v -0.834102 0.939239 -0.750324
v -0.829330 0.939239 -0.751771
v -0.824368 0.939239 -0.752260
v -0.819406 0.939239 -0.751771
v -0.814634 0.939239 -0.750324
v -0.810236 0.939239 -0.747973
v -0.806382 0.939239 -0.744810
v -0.803219 0.939239 -0.740955
v -0.800868 0.939239 -0.736558
v -0.799421 0.939239 -0.731786
v -0.798932 0.939239 -0.726824
v -0.799421 0.939239 -0.721861
v -0.800868 0.939239 -0.717090
v -0.803219 0.939239 -0.712692
v -0.806382 0.939239 -0.708838
v -0.810237 0.939239 -0.705674
v -0.814634 0.939239 -0.703324
v -0.819406 0.939239 -0.701876
v -0.817020 0.939239 -0.702600
v -0.824357 0.993982 -0.702651
v -0.829065 0.993982 -0.703115
v -0.833593 0.993982 -0.704488
v -0.837765 0.993982 -0.706719
v -0.841423 0.993982 -0.709720
v -0.844424 0.993982 -0.713378
v -0.846654 0.993982 -0.717550
v -0.848028 0.993982 -0.722078
v -0.848492 0.993982 -0.726786
v -0.848028 0.993982 -0.731495
v -0.846654 0.993982 -0.736022
v -0.844424 0.993982 -0.740195
v -0.841423 0.993982 -0.743852
v -0.837765 0.993982 -0.746854
v -0.833593 0.993982 -0.749084
v -0.829065 0.993982 -0.750457
v -0.824357 0.993982 -0.750921
v -0.819648 0.993982 -0.750457
v -0.815121 0.993982 -0.749084
v -0.810948 0.993982 -0.746854
v -0.807291 0.993982 -0.743852
v -0.804289 0.993982 -0.740195
v -0.802059 0.993982 -0.736022
v -0.800686 0.993982 -0.731495
v -0.800222 0.993982 -0.726786
v -0.800686 0.993982 -0.722078
v -0.802059 0.993982 -0.717550
v -0.804289 0.993982 -0.713378
v -0.807291 0.993982 -0.709720
v -0.810948 0.993982 -0.706719
v -0.815121 0.993982 -0.704488
v -0.819648 0.993982 -0.703115
v -0.817384 0.993982 -0.703802
v -0.829278 0.948737 -0.702121
v -0.834001 0.948737 -0.703554
v -0.838355 0.948737 -0.705881
v -0.842170 0.948737 -0.709012
v -0.845301 0.948737 -0.712828
v -0.847628 0.948737 -0.717181
v -0.849061 0.948737 -0.721904
v -0.849545 0.948737 -0.726816
v -0.849061 0.948737 -0.731728
v -0.847628 0.948737 -0.736452
v -0.845301 0.948737 -0.740805
v -0.842170 0.948737 -0.744621
v -0.838355 0.948737 -0.747752
v -0.834001 0.948737 -0.750079
v -0.829278 0.948737 -0.751511
v -0.824366 0.948737 -0.751995
v -0.819454 0.948737 -0.751511
v -0.814730 0.948737 -0.750079
v -0.810377 0.948737 -0.747752
v -0.806562 0.948737 -0.744621
v -0.803430 0.948737 -0.740805
v -0.801103 0.948737 -0.736452
v -0.799671 0.948737 -0.731728
v -0.799187 0.948737 -0.726816
v -0.799671 0.948737 -0.721904
v -0.801103 0.948737 -0.717181
v -0.803430 0.948737 -0.712828
v -0.806562 0.948737 -0.709012
v -0.810377 0.948737 -0.705881
v -0.814730 0.948737 -0.703554
v -0.819454 0.948737 -0.702121
v -0.817092 0.948737 -0.702838
v -0.824366 0.948737 -0.701637
v -0.829303 0.947823 -0.702005
v -0.834049 0.947823 -0.703445
v -0.838423 0.947823 -0.705783
v -0.842257 0.947823 -0.708930
v -0.845404 0.947823 -0.712764
v -0.847742 0.947823 -0.717138
v -0.849181 0.947823 -0.721884
v -0.849667 0.947823 -0.726820
v -0.849181 0.947823 -0.731756
v -0.847742 0.947823 -0.736502
v -0.845404 0.947823 -0.740876
v -0.842257 0.947823 -0.744710
v -0.838423 0.947823 -0.747856
v -0.834049 0.947823 -0.750194
v -0.829303 0.947823 -0.751634
v -0.824367 0.947823 -0.752120
v -0.819431 0.947823 -0.751634
v -0.814685 0.947823 -0.750194
v -0.810311 0.947823 -0.747856
v -0.806477 0.947823 -0.744710
v -0.803330 0.947823 -0.740876
v -0.800992 0.947823 -0.736502
v -0.799552 0.947823 -0.731756
v -0.799066 0.947823 -0.726820
v -0.799552 0.947823 -0.721884
v -0.800992 0.947823 -0.717138
v -0.803330 0.947823 -0.712764
v -0.806477 0.947823 -0.708930
v -0.810311 0.947823 -0.705783
v -0.814685 0.947823 -0.703445
v -0.819431 0.947823 -0.702005
v -0.817058 0.947823 -0.702725
v -0.824367 0.947823 -0.701519
v -0.824363 0.950281 -0.701900
v -0.829223 0.950281 -0.702379
v -0.833895 0.950281 -0.703796
v -0.838202 0.950281 -0.706098
v -0.841976 0.950281 -0.709196
v -0.845074 0.950281 -0.712970
v -0.847376 0.950281 -0.717277
v -0.848793 0.950281 -0.721949
v -0.849271 0.950281 -0.726808
v -0.848793 0.950281 -0.731668
v -0.847376 0.950281 -0.736340
v -0.845074 0.950281 -0.740647
v -0.841976 0.950281 -0.744421
v -0.838202 0.950281 -0.747519
v -0.833895 0.950281 -0.749820
v -0.829223 0.950281 -0.751238
v -0.824363 0.950281 -0.751716
v -0.819504 0.950281 -0.751238
v -0.814832 0.950281 -0.749820
v -0.810525 0.950281 -0.747519
v -0.806751 0.950281 -0.744421
v -0.803653 0.950281 -0.740647
v -0.801351 0.950281 -0.736340
v -0.799934 0.950281 -0.731668
v -0.799455 0.950281 -0.726808
v -0.799934 0.950281 -0.721949
v -0.801351 0.950281 -0.717277
v -0.803653 0.950281 -0.712970
v -0.806751 0.950281 -0.709196
v -0.810525 0.950281 -0.706098
v -0.814832 0.950281 -0.703796
v -0.819504 0.950281 -0.702379
v -0.817168 0.950281 -0.703088
v -0.824356 1.392422 -0.757742
v -0.828999 1.392422 -0.758199
v -0.833463 1.392422 -0.759554
v -0.837577 1.392422 -0.761753
v -0.841183 1.392422 -0.764712
v -0.844142 1.392422 -0.768318
v -0.846341 1.392422 -0.772432
v -0.847695 1.392422 -0.776896
v -0.848152 1.392422 -0.781539
v -0.847695 1.392422 -0.786181
v -0.846341 1.392422 -0.790645
v -0.844142 1.392422 -0.794759
v -0.841183 1.392422 -0.798365
v -0.837577 1.392422 -0.801325
v -0.833463 1.392422 -0.803524
v -0.828999 1.392422 -0.804878
v -0.824356 1.392422 -0.805335
v -0.819714 1.392422 -0.804878
v -0.815250 1.392422 -0.803524
v -0.811136 1.392422 -0.801325
v -0.807530 1.392422 -0.798365
v -0.804570 1.392422 -0.794759
v -0.802371 1.392422 -0.790645
v -0.801017 1.392422 -0.786181
v -0.800560 1.392422 -0.781539
v -0.801017 1.392422 -0.776896
v -0.802371 1.392422 -0.772432
v -0.804570 1.392422 -0.768318
v -0.807530 1.392422 -0.764712
v -0.811136 1.392422 -0.761753
v -0.814596 1.392422 -0.759752
v -0.820367 1.392422 -0.758001
v -0.817404 1.392422 -0.758622
v -0.828999 1.273020 -0.780500
v -0.833463 1.273020 -0.781854
v -0.837577 1.273020 -0.784053
v -0.841183 1.273020 -0.787012
v -0.844142 1.273020 -0.790618
v -0.846341 1.273020 -0.794732
v -0.847695 1.273020 -0.799196
v -0.848152 1.273020 -0.803839
v -0.847695 1.273020 -0.808481
v -0.846341 1.273020 -0.812945
v -0.844142 1.273020 -0.817059
v -0.841183 1.273020 -0.820665
v -0.837577 1.273020 -0.823625
v -0.833463 1.273020 -0.825824
v -0.828999 1.273020 -0.827178
v -0.824356 1.273020 -0.827635
v -0.819714 1.273020 -0.827178
v -0.815250 1.273020 -0.825824
v -0.811136 1.273020 -0.823625
v -0.807530 1.273020 -0.820665
v -0.804570 1.273020 -0.817059
v -0.802371 1.273020 -0.812945
v -0.801017 1.273020 -0.808481
v -0.800560 1.273020 -0.803839
v -0.801017 1.273020 -0.799196
v -0.802371 1.273020 -0.794732
v -0.804570 1.273020 -0.790618
v -0.807530 1.273020 -0.787012
v -0.811136 1.273020 -0.784053
v -0.814596 1.273020 -0.782052
v -0.820367 1.273020 -0.780302
v -0.817404 1.273020 -0.780922
v -0.824356 1.273020 -0.780042
vt 1.000000 0.875000
vt 0.968750 0.875000
vt 0.968750 1.000000
vt 1.000000 1.000000
vt 0.937500 0.875000
vt 0.937500 1.000000
vt 0.906250 0.875000
vt 0.906250 1.000000
vt 0.875000 0.875000
vt 0.875000 1.000000
vt 0.843750 0.875000
vt 0.843750 1.000000
vt 0.812500 0.875000
vt 0.812500 1.000000
vt 0.781250 0.875000
vt 0.781250 1.000000
vt 0.750000 0.875000
vt 0.750000 1.000000
vt 0.718750 0.875000
vt 0.718750 1.000000
vt 0.687500 0.875000
vt 0.687500 1.000000
vt 0.656250 0.875000
vt 0.656250 1.000000
vt 0.625000 0.875000
vt 0.625000 1.000000
vt 0.593750 0.875000
vt 0.593750 1.000000
vt 0.562500 0.875000
vt 0.562500 1.000000
vt 0.531250 0.875000
vt 0.531250 1.000000
vt 0.500000 0.875000
vt 0.500000 1.000000
vt 0.468750 0.875000
vt 0.468750 1.000000
vt 0.437500 0.875000
vt 0.437500 1.000000
vt 0.406250 0.875000
vt 0.406250 1.000000
vt 0.375000 0.875000
vt 0.375000 1.000000
vt 0.343750 0.875000
vt 0.343750 1.000000
vt 0.312500 0.875000
vt 0.312500 1.000000
vt 0.281250 0.875000
vt 0.281250 1.000000
vt 0.250000 0.875000
vt 0.250000 1.000000
vt 0.218750 0.875000
vt 0.218750 1.000000
vt 0.187500 0.875000
vt 0.187500 1.000000
vt 0.156250 0.875000
vt 0.156250 1.000000
vt 0.125000 0.875000
vt 0.125000 1.000000
vt 0.093750 0.875000
vt 0.093750 1.000000
vt 0.062500 0.875000
vt 0.062500 1.000000
vt 0.296822 0.485388
vt 0.341844 0.471731
vt 0.383337 0.449553
vt 0.419706 0.419706
vt 0.449553 0.383337
vt 0.471731 0.341844
vt 0.485388 0.296822
vt 0.490000 0.250000
vt 0.485388 0.203178
vt 0.471731 0.158156
vt 0.449553 0.116663
vt 0.419706 0.080294
vt 0.383337 0.050447
vt 0.341844 0.028269
vt 0.296822 0.014612
vt 0.250000 0.010000
vt 0.203178 0.014612
vt 0.158156 0.028269
vt 0.116663 0.050447
vt 0.080294 0.080294
vt 0.050447 0.116663
vt 0.028269 0.158156
vt 0.014611 0.203179
vt 0.010000 0.250000
vt 0.014612 0.296822
vt 0.028269 0.341844
vt 0.050447 0.383337
vt 0.080295 0.419706
vt 0.116663 0.449553
vt 0.158156 0.471731
vt 0.180667 0.478560
vt 0.203179 0.485389
vt 0.250000 0.490000
vt 0.046875 0.875000
vt 0.031250 0.875000
vt 0.031250 1.000000
vt 0.046875 1.000000
vt 0.000000 0.875000
vt 0.000000 1.000000
vt 0.750000 0.490000
vt 0.703179 0.485389
vt 0.680668 0.478560
vt 0.658156 0.471731
vt 0.616663 0.449553
vt 0.580295 0.419706
vt 0.550447 0.383337
vt 0.528269 0.341844
vt 0.514612 0.296822
vt 0.510000 0.250000
vt 0.514611 0.203179
vt 0.528269 0.158156
vt 0.550447 0.116663
vt 0.580294 0.080294
vt 0.616663 0.050447
vt 0.658156 0.028269
vt 0.703178 0.014612
vt 0.750000 0.010000
vt 0.796822 0.014612
vt 0.841844 0.028269
vt 0.883337 0.050447
vt 0.919706 0.080294
vt 0.949553 0.116663
vt 0.971731 0.158156
vt 0.985388 0.203178
vt 0.990000 0.250000
vt 0.985388 0.296822
vt 0.971731 0.341844
vt 0.949553 0.383337
vt 0.919706 0.419706
vt 0.883337 0.449553
vt 0.841844 0.471731
vt 0.796822 0.485388
vt 0.031250 0.718750
vt 0.000000 0.718750
vt 0.000000 0.750000
vt 0.031250 0.750000
vt 0.046875 0.718750
vt 0.046875 0.750000
vt 0.093750 0.718750
vt 0.062500 0.718750
vt 0.062500 0.750000
vt 0.093750 0.750000
vt 0.125000 0.718750
vt 0.125000 0.750000
vt 0.156250 0.718750
vt 0.156250 0.750000
vt 0.187500 0.718750
vt 0.187500 0.750000
vt 0.218750 0.718750
vt 0.218750 0.750000
vt 0.250000 0.718750
vt 0.250000 0.750000
vt 0.281250 0.718750
vt 0.281250 0.750000
vt 0.312500 0.718750
vt 0.312500 0.750000
vt 0.343750 0.718750
vt 0.343750 0.750000
vt 0.375000 0.718750
vt 0.375000 0.750000
vt 0.406250 0.718750
vt 0.406250 0.750000
vt 0.437500 0.718750
vt 0.437500 0.750000
vt 0.468750 0.718750
vt 0.468750 0.750000
vt 0.500000 0.718750
vt 0.500000 0.750000
vt 0.531250 0.718750
vt 0.531250 0.750000
vt 0.562500 0.718750
vt 0.562500 0.750000
vt 0.593750 0.718750
vt 0.593750 0.750000
vt 0.625000 0.718750
vt 0.625000 0.750000
vt 0.656250 0.718750
vt 0.656250 0.750000
vt 0.687500 0.718750
vt 0.687500 0.750000
vt 0.718750 0.718750
vt 0.718750 0.750000
vt 0.750000 0.718750
vt 0.750000 0.750000
vt 0.781250 0.718750
vt 0.781250 0.750000
vt 0.812500 0.718750
vt 0.812500 0.750000
vt 0.843750 0.718750
vt 0.843750 0.750000
vt 0.875000 0.718750
vt 0.875000 0.750000
vt 0.906250 0.718750
vt 0.906250 0.750000
vt 0.937500 0.718750
vt 0.937500 0.750000
vt 0.968750 0.718750
vt 0.968750 0.750000
vt 1.000000 0.718750
vt 1.000000 0.750000
vt 1.000000 0.593750
vt 0.968750 0.593750
vt 0.968750 0.625000
vt 1.000000 0.625000
vt 0.937500 0.593750
vt 0.937500 0.625000
vt 0.906250 0.593750
vt 0.906250 0.625000
vt 0.875000 0.593750
vt 0.875000 0.625000
vt 0.843750 0.593750
vt 0.843750 0.625000
vt 0.812500 0.593750
vt 0.812500 0.625000
vt 0.781250 0.593750
vt 0.781250 0.625000
vt 0.750000 0.593750
vt 0.750000 0.625000
vt 0.718750 0.593750
vt 0.718750 0.625000
vt 0.687500 0.593750
vt 0.687500 0.625000
vt 0.656250 0.593750
vt 0.656250 0.625000
vt 0.625000 0.593750
vt 0.625000 0.625000
vt 0.593750 0.593750
vt 0.593750 0.625000
vt 0.562500 0.593750
vt 0.562500 0.625000
vt 0.531250 0.593750
vt 0.531250 0.625000
vt 0.500000 0.593750
vt 0.500000 0.625000
vt 0.468750 0.593750
vt 0.468750 0.625000
vt 0.437500 0.593750
vt 0.437500 0.625000
vt 0.406250 0.593750
vt 0.406250 0.625000
vt 0.375000 0.593750
vt 0.375000 0.625000
vt 0.343750 0.593750
vt 0.343750 0.625000
vt 0.312500 0.593750
vt 0.312500 0.625000
vt 0.281250 0.593750
vt 0.281250 0.625000
vt 0.250000 0.593750
vt 0.250000 0.625000
vt 0.218750 0.593750
vt 0.218750 0.625000
vt 0.187500 0.593750
vt 0.187500 0.625000
vt 0.156250 0.593750
vt 0.156250 0.625000
vt 0.125000 0.593750
vt 0.125000 0.625000
vt 0.093750 0.593750
vt 0.093750 0.625000
vt 0.062500 0.593750
vt 0.062500 0.625000
vt 0.046875 0.593750
vt 0.031250 0.593750
vt 0.031250 0.625000
vt 0.046875 0.625000
vt 0.000000 0.593750
vt 0.000000 0.625000
vt 0.031250 0.531250
vt 0.000000 0.531250
vt 0.000000 0.562500
vt 0.031250 0.562500
vt 0.046875 0.531250
vt 0.046875 0.562500
vt 0.093750 0.531250
vt 0.062500 0.531250
vt 0.062500 0.562500
vt 0.093750 0.562500
vt 0.125000 0.531250
vt 0.125000 0.562500
vt 0.156250 0.531250
vt 0.156250 0.562500
vt 0.187500 0.531250
vt 0.187500 0.562500
vt 0.218750 0.531250
vt 0.218750 0.562500
vt 0.250000 0.531250
vt 0.250000 0.562500
vt 0.281250 0.531250
vt 0.281250 0.562500
vt 0.312500 0.531250
vt 0.312500 0.562500
vt 0.343750 0.531250
vt 0.343750 0.562500
vt 0.375000 0.531250
vt 0.375000 0.562500
vt 0.406250 0.531250
vt 0.406250 0.562500
vt 0.437500 0.531250
vt 0.437500 0.562500
vt 0.468750 0.531250
vt 0.468750 0.562500
vt 0.500000 0.531250
vt 0.500000 0.562500
vt 0.531250 0.531250
vt 0.531250 0.562500
vt 0.562500 0.531250
vt 0.562500 0.562500
vt 0.593750 0.531250
vt 0.593750 0.562500
vt 0.625000 0.531250
vt 0.625000 0.562500
vt 0.656250 0.531250
vt 0.656250 0.562500
vt 0.687500 0.531250
vt 0.687500 0.562500
vt 0.718750 0.531250
vt 0.718750 0.562500
vt 0.750000 0.531250
vt 0.750000 0.562500
vt 0.781250 0.531250
vt 0.781250 0.562500
vt 0.812500 0.531250
vt 0.812500 0.562500
vt 0.843750 0.531250
vt 0.843750 0.562500
vt 0.875000 0.531250
vt 0.875000 0.562500
vt 0.906250 0.531250
vt 0.906250 0.562500
vt 0.937500 0.531250
vt 0.937500 0.562500
vt 0.968750 0.531250
vt 0.968750 0.562500
vt 1.000000 0.531250
vt 1.000000 0.562500
vt 0.062500 0.500000
vt 0.046875 0.500000
vt 1.000000 0.500000
vt 0.968750 0.500000
vt 0.937500 0.500000
vt 0.906250 0.500000
vt 0.875000 0.500000
vt 0.843750 0.500000
vt 0.812500 0.500000
vt 0.781250 0.500000
vt 0.750000 0.500000
vt 0.718750 0.500000
vt 0.687500 0.500000
vt 0.656250 0.500000
vt 0.625000 0.500000
vt 0.593750 0.500000
vt 0.562500 0.500000
vt 0.531250 0.500000
vt 0.500000 0.500000
vt 0.468750 0.500000
vt 0.437500 0.500000
vt 0.406250 0.500000
vt 0.375000 0.500000
vt 0.343750 0.500000
vt 0.312500 0.500000
vt 0.281250 0.500000
vt 0.250000 0.500000
vt 0.218750 0.500000
vt 0.187500 0.500000
vt 0.156250 0.500000
vt 0.125000 0.500000
vt 0.093750 0.500000
vt 0.031250 0.500000
vt 0.000000 0.500000
vt 0.062500 0.656250
vt 0.046875 0.656250
vt 0.046875 0.687500
vt 0.062500 0.687500
vt 1.000000 0.656250
vt 0.968750 0.656250
vt 0.968750 0.687500
vt 1.000000 0.687500
vt 0.937500 0.656250
vt 0.937500 0.687500
vt 0.906250 0.656250
vt 0.906250 0.687500
vt 0.875000 0.656250
vt 0.875000 0.687500
vt 0.843750 0.656250
vt 0.843750 0.687500
vt 0.812500 0.656250
vt 0.812500 0.687500
vt 0.781250 0.656250
vt 0.781250 0.687500
vt 0.750000 0.656250
vt 0.750000 0.687500
vt 0.718750 0.656250
vt 0.718750 0.687500
vt 0.687500 0.656250
vt 0.687500 0.687500
vt 0.656250 0.656250
vt 0.656250 0.687500
vt 0.625000 0.656250
vt 0.625000 0.687500
vt 0.593750 0.656250
vt 0.593750 0.687500
vt 0.562500 0.656250
vt 0.562500 0.687500
vt 0.531250 0.656250
vt 0.531250 0.687500
vt 0.500000 0.656250
vt 0.500000 0.687500
vt 0.468750 0.656250
vt 0.468750 0.687500
vt 0.437500 0.656250
vt 0.437500 0.687500
vt 0.406250 0.656250
vt 0.406250 0.687500
vt 0.375000 0.656250
vt 0.375000 0.687500
vt 0.343750 0.656250
vt 0.343750 0.687500
vt 0.312500 0.656250
vt 0.312500 0.687500
vt 0.281250 0.656250
vt 0.281250 0.687500
vt 0.250000 0.656250
vt 0.250000 0.687500
vt 0.218750 0.656250
vt 0.218750 0.687500
vt 0.187500 0.656250
vt 0.187500 0.687500
vt 0.156250 0.656250
vt 0.156250 0.687500
vt 0.125000 0.656250
vt 0.125000 0.687500
vt 0.093750 0.656250
vt 0.093750 0.687500
vt 0.031250 0.656250
vt 0.031250 0.687500
vt 0.000000 0.656250
vt 0.000000 0.687500
vt 0.031250 0.640625
vt 0.000000 0.640625
vt 0.046875 0.640625
vt 0.093750 0.640625
vt 0.062500 0.640625
vt 0.125000 0.640625
vt 0.156250 0.640625
vt 0.187500 0.640625
vt 0.218750 0.640625
vt 0.250000 0.640625
vt 0.281250 0.640625
vt 0.312500 0.640625
vt 0.343750 0.640625
vt 0.375000 0.640625
vt 0.406250 0.640625
vt 0.437500 0.640625
vt 0.468750 0.640625
vt 0.500000 0.640625
vt 0.531250 0.640625
vt 0.562500 0.640625
vt 0.593750 0.640625
vt 0.625000 0.640625
vt 0.656250 0.640625
vt 0.687500 0.640625
vt 0.718750 0.640625
vt 0.750000 0.640625
vt 0.781250 0.640625
vt 0.812500 0.640625
vt 0.843750 0.640625
vt 0.875000 0.640625
vt 0.906250 0.640625
vt 0.937500 0.640625
vt 0.968750 0.640625
vt 1.000000 0.640625
vt 0.062500 0.843750
vt 0.046875 0.843750
vt 0.031250 0.843750
vt 0.000000 0.843750
vt 0.093750 0.843750
vt 0.125000 0.843750
vt 0.156250 0.843750
vt 0.187500 0.843750
vt 0.218750 0.843750
vt 0.250000 0.843750
vt 0.281250 0.843750
vt 0.312500 0.843750
vt 0.343750 0.843750
vt 0.375000 0.843750
vt 0.406250 0.843750
vt 0.437500 0.843750
vt 0.468750 0.843750
vt 0.500000 0.843750
vt 0.531250 0.843750
vt 0.562500 0.843750
vt 0.593750 0.843750
vt 0.625000 0.843750
vt 0.656250 0.843750
vt 0.687500 0.843750
vt 0.718750 0.843750
vt 0.750000 0.843750
vt 0.781250 0.843750
vt 0.812500 0.843750
vt 0.843750 0.843750
vt 0.875000 0.843750
vt 0.906250 0.843750
vt 0.937500 0.843750
vt 0.968750 0.843750
vt 1.000000 0.843750
vt 1.000000 0.781250
vt 0.968750 0.781250
vt 0.968750 0.812500
vt 1.000000 0.812500
vt 0.937500 0.781250
vt 0.937500 0.812500
vt 0.906250 0.781250
vt 0.906250 0.812500
vt 0.875000 0.781250
vt 0.875000 0.812500
vt 0.843750 0.781250
vt 0.843750 0.812500
vt 0.812500 0.781250
vt 0.812500 0.812500
vt 0.781250 0.781250
vt 0.781250 0.812500
vt 0.750000 0.781250
vt 0.750000 0.812500
vt 0.718750 0.781250
vt 0.718750 0.812500
vt 0.687500 0.781250
vt 0.687500 0.812500
vt 0.656250 0.781250
vt 0.656250 0.812500
vt 0.625000 0.781250
vt 0.625000 0.812500
vt 0.593750 0.781250
vt 0.593750 0.812500
vt 0.562500 0.781250
vt 0.562500 0.812500
vt 0.531250 0.781250
vt 0.531250 0.812500
vt 0.500000 0.781250
vt 0.500000 0.812500
vt 0.468750 0.781250
vt 0.468750 0.812500
vt 0.437500 0.781250
vt 0.437500 0.812500
vt 0.406250 0.781250
vt 0.406250 0.812500
vt 0.375000 0.781250
vt 0.375000 0.812500
vt 0.343750 0.781250
vt 0.343750 0.812500
vt 0.312500 0.781250
vt 0.312500 0.812500
vt 0.281250 0.781250
vt 0.281250 0.812500
vt 0.250000 0.781250
vt 0.250000 0.812500
vt 0.218750 0.781250
vt 0.218750 0.812500
vt 0.187500 0.781250
vt 0.187500 0.812500
vt 0.156250 0.781250
vt 0.156250 0.812500
vt 0.125000 0.781250
vt 0.125000 0.812500
vt 0.093750 0.781250
vt 0.093750 0.812500
vt 0.062500 0.781250
vt 0.062500 0.812500
vt 0.046875 0.781250
vt 0.031250 0.781250
vt 0.031250 0.812500
vt 0.046875 0.812500
vt 0.000000 0.781250
vt 0.000000 0.812500
vn 0.0000 0.0232 0.9997
vn -0.1950 0.0232 0.9805
vn -0.1420 -0.6857 0.7139
vn 0.0000 -0.6857 0.7279
vn -0.3826 0.0233 0.9236
vn -0.2785 -0.6857 0.6725
vn -0.5554 0.0234 0.8312
vn -0.4044 -0.6857 0.6052
vn -0.7069 0.0235 0.7069
vn -0.5147 -0.6857 0.5147
vn -0.8312 0.0237 0.5554
vn -0.6052 -0.6857 0.4044
vn -0.9236 0.0238 0.3825
vn -0.6725 -0.6857 0.2785
vn -0.9805 0.0239 0.1950
vn -0.7139 -0.6857 0.1420
vn -0.9997 0.0240 -0.0000
vn -0.7279 -0.6857 0.0000
vn -0.9805 0.0242 -0.1950
vn -0.7139 -0.6857 -0.1420
vn -0.9236 0.0243 -0.3826
vn -0.6725 -0.6857 -0.2785
vn -0.8312 0.0244 -0.5554
vn -0.6052 -0.6857 -0.4044
vn -0.7069 0.0245 -0.7069
vn -0.5147 -0.6857 -0.5147
vn -0.5554 0.0245 -0.8312
vn -0.4044 -0.6857 -0.6052
vn -0.3825 0.0246 -0.9236
vn -0.2785 -0.6857 -0.6725
vn -0.1950 0.0246 -0.9805
vn -0.1420 -0.6857 -0.7139
vn 0.0000 0.0245 -0.9997
vn 0.0000 -0.6857 -0.7279
vn 0.1950 0.0245 -0.9805
vn 0.1420 -0.6857 -0.7139
vn 0.3825 0.0244 -0.9236
vn 0.2785 -0.6857 -0.6725
vn 0.5554 0.0243 -0.8312
vn 0.4044 -0.6857 -0.6052
vn 0.7069 0.0242 -0.7069
vn 0.5147 -0.6857 -0.5147
vn 0.8312 0.0240 -0.5554
vn 0.6052 -0.6857 -0.4044
vn 0.9236 0.0239 -0.3826
vn 0.6725 -0.6857 -0.2785
vn 0.9805 0.0238 -0.1951
vn 0.7139 -0.6857 -0.1420
vn 0.9997 0.0237 -0.0000
vn 0.7279 -0.6857 0.0000
vn 0.9805 0.0235 0.1950
vn 0.7139 -0.6857 0.1420
vn 0.9236 0.0234 0.3825
vn 0.6725 -0.6857 0.2785
vn 0.8312 0.0233 0.5554
vn 0.6052 -0.6857 0.4044
vn 0.7069 0.0232 0.7069
vn 0.5147 -0.6857 0.5147
vn 0.5554 0.0232 0.8312
vn 0.4044 -0.6857 0.6052
vn 0.3826 0.0231 0.9236
vn 0.2785 -0.6857 0.6725
vn 0.2052 -0.7071 0.6767
vn 0.1420 -0.6857 0.7139
vn 0.2902 0.0230 0.9567
vn 0.1950 0.0231 0.9805
vn 0.0000 0.6857 0.7279
vn 0.1420 0.6857 0.7139
vn 0.2053 0.7071 0.6767
vn 0.2785 0.6857 0.6725
vn 0.4044 0.6857 0.6052
vn 0.5147 0.6857 0.5147
vn 0.6052 0.6857 0.4044
vn 0.6725 0.6857 0.2785
vn 0.7139 0.6857 0.1420
vn 0.7279 0.6857 0.0000
vn 0.7139 0.6857 -0.1420
vn 0.6725 0.6857 -0.2785
vn 0.6052 0.6857 -0.4044
vn 0.5147 0.6857 -0.5147
vn 0.4044 0.6857 -0.6052
vn 0.2785 0.6857 -0.6725
vn 0.1420 0.6857 -0.7139
vn 0.0000 0.6857 -0.7279
vn -0.1420 0.6857 -0.7139
vn -0.2785 0.6857 -0.6725
vn -0.4044 0.6857 -0.6052
vn -0.5147 0.6857 -0.5147
vn -0.6052 0.6857 -0.4044
vn -0.6725 0.6857 -0.2785
vn -0.7139 0.6857 -0.1420
vn -0.7279 0.6857 0.0000
vn -0.7139 0.6857 0.1420
vn -0.6725 0.6857 0.2785
vn -0.6052 0.6857 0.4044
vn -0.5147 0.6857 0.5147
vn -0.4044 0.6857 0.6052
vn -0.2785 0.6857 0.6725
vn -0.1420 0.6857 0.7139
vn 0.1778 0.0961 0.9793
vn -0.0037 0.0975 0.9952
vn 0.0000 0.0697 0.9976
vn 0.1946 0.0697 0.9784
vn 0.2882 0.0937 0.9529
vn 0.2896 0.0691 0.9546
vn 0.5544 0.0826 0.8281
vn 0.3941 0.0896 0.9147
vn 0.3817 0.0697 0.9216
vn 0.5542 0.0697 0.8294
vn 0.7025 0.0723 0.7080
vn 0.7053 0.0699 0.7054
vn 0.8274 0.0590 0.5584
vn 0.8294 0.0701 0.5542
vn 0.9210 0.0436 0.3871
vn 0.9215 0.0704 0.3818
vn 0.9793 0.0267 0.2004
vn 0.9783 0.0708 0.1947
vn 0.9999 0.0090 0.0056
vn 0.9974 0.0712 0.0001
vn 0.9818 -0.0089 -0.1896
vn 0.9783 0.0716 -0.1945
vn 0.9255 -0.0261 -0.3777
vn 0.9215 0.0720 -0.3816
vn 0.8333 -0.0420 -0.5511
vn 0.8293 0.0724 -0.5540
vn 0.7088 -0.0560 -0.7031
vn 0.7053 0.0728 -0.7052
vn 0.5569 -0.0674 -0.8278
vn 0.5541 0.0732 -0.8292
vn 0.3836 -0.0758 -0.9204
vn 0.3817 0.0735 -0.9214
vn 0.1955 -0.0810 -0.9773
vn 0.1946 0.0737 -0.9781
vn 0.0000 -0.0828 -0.9966
vn 0.0000 0.0739 -0.9973
vn -0.1955 -0.0810 -0.9773
vn -0.1945 0.0739 -0.9781
vn -0.3836 -0.0758 -0.9204
vn -0.3816 0.0739 -0.9213
vn -0.5569 -0.0673 -0.8278
vn -0.5541 0.0739 -0.8292
vn -0.7088 -0.0559 -0.7031
vn -0.7052 0.0737 -0.7051
vn -0.8333 -0.0419 -0.5511
vn -0.8292 0.0735 -0.5540
vn -0.9256 -0.0260 -0.3777
vn -0.9214 0.0732 -0.3816
vn -0.9818 -0.0087 -0.1896
vn -0.9782 0.0728 -0.1945
vn -0.9999 0.0091 0.0056
vn -0.9973 0.0724 0.0001
vn -0.9793 0.0268 0.2004
vn -0.9782 0.0720 0.1947
vn -0.9210 0.0437 0.3871
vn -0.9214 0.0716 0.3818
vn -0.8274 0.0591 0.5584
vn -0.8293 0.0712 0.5542
vn -0.7025 0.0724 0.7080
vn -0.7053 0.0708 0.7054
vn -0.5511 0.0832 0.8303
vn -0.5541 0.0704 0.8294
vn -0.3791 0.0912 0.9208
vn -0.3817 0.0701 0.9216
vn -0.1931 0.0960 0.9764
vn -0.1946 0.0699 0.9784
vn -0.0157 -0.3452 0.9384
vn -0.1840 -0.3394 0.9225
vn -0.1946 -0.1562 0.9684
vn -0.0166 -0.1588 0.9872
vn -0.3633 -0.3216 0.8744
vn -0.3819 -0.1473 0.9124
vn -0.5326 -0.2921 0.7943
vn -0.5552 -0.1327 0.8211
vn -0.6858 -0.2510 0.6831
vn -0.7075 -0.1128 0.6976
vn -0.8161 -0.1990 0.5426
vn -0.8328 -0.0882 0.5465
vn -0.9160 -0.1379 0.3768
vn -0.9257 -0.0598 0.3735
vn -0.9788 -0.0699 0.1923
vn -0.9822 -0.0288 0.1854
vn -1.0000 0.0017 -0.0022
vn -0.9999 0.0032 -0.0099
vn -0.9778 0.0730 -0.1964
vn -0.9783 0.0349 -0.2044
vn -0.9142 0.1404 -0.3803
vn -0.9185 0.0647 -0.3901
vn -0.8139 0.2006 -0.5452
vn -0.8236 0.0914 -0.5598
vn -0.6838 0.2516 -0.6849
vn -0.6978 0.1142 -0.7071
vn -0.5310 0.2918 -0.7955
vn -0.5464 0.1323 -0.8270
vn -0.3622 0.3207 -0.8751
vn -0.3754 0.1455 -0.9153
vn -0.1834 0.3381 -0.9230
vn -0.1910 0.1534 -0.9695
vn 0.0000 0.3439 -0.9390
vn 0.0000 0.1561 -0.9877
vn 0.1834 0.3381 -0.9230
vn 0.1910 0.1534 -0.9695
vn 0.3622 0.3207 -0.8751
vn 0.3754 0.1455 -0.9153
vn 0.5310 0.2918 -0.7955
vn 0.5464 0.1323 -0.8270
vn 0.6838 0.2516 -0.6849
vn 0.6978 0.1142 -0.7071
vn 0.8139 0.2006 -0.5452
vn 0.8236 0.0914 -0.5598
vn 0.9142 0.1404 -0.3803
vn 0.9185 0.0647 -0.3901
vn 0.9778 0.0730 -0.1964
vn 0.9783 0.0349 -0.2044
vn 1.0000 0.0017 -0.0022
vn 0.9999 0.0032 -0.0099
vn 0.9788 -0.0699 0.1923
vn 0.9822 -0.0288 0.1854
vn 0.9160 -0.1379 0.3768
vn 0.9257 -0.0598 0.3735
vn 0.8161 -0.1991 0.5426
vn 0.8328 -0.0882 0.5465
vn 0.6858 -0.2510 0.6831
vn 0.7075 -0.1128 0.6976
vn 0.5460 -0.2890 0.7863
vn 0.5682 -0.1312 0.8123
vn 0.4166 -0.3137 0.8532
vn 0.4363 -0.1432 0.8883
vn 0.2745 -0.3319 0.9025
vn 0.1273 -0.3423 0.9309
vn 0.1344 -0.1573 0.9783
vn 0.2893 -0.1523 0.9450
vn 0.1769 -0.1344 0.9750
vn -0.0037 -0.1364 0.9906
vn -0.0113 -0.3245 0.9458
vn 0.1415 -0.3211 0.9364
vn 0.2866 -0.1313 0.9490
vn 0.2744 -0.3115 0.9097
vn 0.5515 -0.1148 0.8262
vn 0.3916 -0.1249 0.9116
vn 0.4057 -0.2965 0.8646
vn 0.5434 -0.2732 0.7937
vn 0.6995 -0.0997 0.7076
vn 0.6856 -0.2378 0.6880
vn 0.8250 -0.0799 0.5595
vn 0.8150 -0.1901 0.5473
vn 0.9194 -0.0568 0.3892
vn 0.9145 -0.1338 0.3818
vn 0.9786 -0.0312 0.2031
vn 0.9777 -0.0709 0.1978
vn 0.9999 -0.0041 0.0085
vn 1.0000 -0.0042 0.0035
vn 0.9821 0.0233 -0.1868
vn 0.9796 0.0628 -0.1911
vn 0.9257 0.0498 -0.3749
vn 0.9178 0.1268 -0.3763
vn 0.8331 0.0742 -0.5481
vn 0.8190 0.1845 -0.5433
vn 0.7081 0.0954 -0.6996
vn 0.6894 0.2337 -0.6856
vn 0.5560 0.1126 -0.8235
vn 0.5362 0.2729 -0.7987
vn 0.3826 0.1253 -0.9153
vn 0.3663 0.3011 -0.8804
vn 0.1950 0.1331 -0.9717
vn 0.1856 0.3181 -0.9297
vn 0.0000 0.1357 -0.9907
vn 0.0000 0.3238 -0.9461
vn -0.1950 0.1331 -0.9717
vn -0.1857 0.3181 -0.9297
vn -0.3826 0.1253 -0.9153
vn -0.3663 0.3011 -0.8804
vn -0.5560 0.1126 -0.8235
vn -0.5362 0.2729 -0.7987
vn -0.7081 0.0954 -0.6996
vn -0.6894 0.2337 -0.6856
vn -0.8331 0.0742 -0.5481
vn -0.8190 0.1845 -0.5433
vn -0.9257 0.0498 -0.3749
vn -0.9178 0.1268 -0.3763
vn -0.9821 0.0233 -0.1868
vn -0.9796 0.0628 -0.1911
vn -0.9999 -0.0041 0.0085
vn -1.0000 -0.0042 0.0035
vn -0.9786 -0.0312 0.2031
vn -0.9777 -0.0709 0.1978
vn -0.9194 -0.0568 0.3892
vn -0.9145 -0.1338 0.3818
vn -0.8250 -0.0799 0.5595
vn -0.8150 -0.1901 0.5473
vn -0.6995 -0.0997 0.7076
vn -0.6856 -0.2378 0.6880
vn -0.5481 -0.1156 0.8284
vn -0.5330 -0.2756 0.7999
vn -0.3768 -0.1271 0.9175
vn -0.3640 -0.3027 0.8808
vn -0.1918 -0.1342 0.9722
vn -0.1845 -0.3191 0.9296
vn 0.4177 0.3008 0.8573
vn 0.2752 0.3182 0.9072
vn 0.2802 0.2409 0.9292
vn 0.4129 0.2289 0.8815
vn -0.0157 0.3309 0.9435
vn -0.1845 0.3253 0.9274
vn -0.1884 0.2469 0.9505
vn -0.0116 0.2514 0.9678
vn -0.3642 0.3083 0.8788
vn -0.3708 0.2339 0.8987
vn -0.5335 0.2800 0.7981
vn -0.5412 0.2123 0.8136
vn -0.6864 0.2409 0.6862
vn -0.6933 0.1827 0.6971
vn -0.8161 0.1915 0.5453
vn -0.8207 0.1457 0.5524
vn -0.9155 0.1334 0.3794
vn -0.9175 0.1024 0.3842
vn -0.9784 0.0688 0.1950
vn -0.9785 0.0544 0.1990
vn -1.0000 0.0006 0.0007
vn -1.0000 0.0038 0.0045
vn -0.9787 -0.0676 -0.1938
vn -0.9806 -0.0471 -0.1904
vn -0.9161 -0.1325 -0.3784
vn -0.9213 -0.0960 -0.3769
vn -0.8167 -0.1909 -0.5445
vn -0.8254 -0.1405 -0.5468
vn -0.6870 -0.2405 -0.6857
vn -0.6980 -0.1789 -0.6933
vn -0.5340 -0.2799 -0.7978
vn -0.5453 -0.2099 -0.8115
vn -0.3645 -0.3084 -0.8786
vn -0.3738 -0.2325 -0.8979
vn -0.1848 -0.3255 -0.9273
vn -0.1899 -0.2463 -0.9504
vn 0.0000 -0.3312 -0.9435
vn 0.0000 -0.2509 -0.9680
vn 0.1848 -0.3255 -0.9273
vn 0.1899 -0.2463 -0.9504
vn 0.3645 -0.3084 -0.8786
vn 0.3738 -0.2325 -0.8979
vn 0.5340 -0.2799 -0.7978
vn 0.5453 -0.2099 -0.8115
vn 0.6870 -0.2405 -0.6857
vn 0.6980 -0.1789 -0.6933
vn 0.8167 -0.1909 -0.5445
vn 0.8254 -0.1405 -0.5468
vn 0.9161 -0.1325 -0.3784
vn 0.9213 -0.0960 -0.3769
vn 0.9787 -0.0676 -0.1938
vn 0.9806 -0.0471 -0.1904
vn 1.0000 0.0006 0.0007
vn 1.0000 0.0038 0.0045
vn 0.9784 0.0688 0.1950
vn 0.9785 0.0544 0.1990
vn 0.9155 0.1334 0.3794
vn 0.9175 0.1024 0.3842
vn 0.8161 0.1915 0.5453
vn 0.8207 0.1457 0.5524
vn 0.6864 0.2409 0.6862
vn 0.6933 0.1827 0.6971
vn 0.5471 0.2772 0.7898
vn 0.5517 0.2104 0.8071
vn 0.1277 0.3283 0.9359
vn 0.1446 0.2488 0.9577
vn 0.1342 0.1731 0.9757
vn -0.0165 0.1748 0.9844
vn 0.2888 0.1677 0.9426
vn 0.5675 0.1447 0.8105
vn 0.4356 0.1578 0.8862
vn 0.7070 0.1244 0.6962
vn 0.8325 0.0973 0.5454
vn 0.9257 0.0659 0.3725
vn 0.9823 0.0316 0.1845
vn 0.9999 -0.0039 -0.0108
vn 0.9779 -0.0390 -0.2052
vn 0.9177 -0.0719 -0.3907
vn 0.8224 -0.1013 -0.5599
vn 0.6963 -0.1261 -0.7065
vn 0.5450 -0.1458 -0.8256
vn 0.3742 -0.1601 -0.9134
vn 0.1904 -0.1686 -0.9671
vn 0.0000 -0.1715 -0.9852
vn -0.1904 -0.1686 -0.9671
vn -0.3742 -0.1601 -0.9134
vn -0.5450 -0.1458 -0.8256
vn -0.6963 -0.1261 -0.7065
vn -0.8224 -0.1013 -0.5599
vn -0.9177 -0.0719 -0.3907
vn -0.9779 -0.0390 -0.2052
vn -0.9999 -0.0039 -0.0108
vn -0.9823 0.0316 0.1845
vn -0.9257 0.0659 0.3725
vn -0.8325 0.0973 0.5454
vn -0.7070 0.1244 0.6962
vn -0.5545 0.1463 0.8192
vn -0.3814 0.1622 0.9101
vn -0.1942 0.1719 0.9658
vn 0.0175 -0.9990 0.0414
vn 0.0309 -0.9943 0.1021
vn 0.0085 -0.9990 0.0442
vn -0.0005 -0.9990 0.0451
vn 0.0255 -0.9990 0.0372
vn 0.0327 -0.9990 0.0314
vn 0.0387 -0.9989 0.0243
vn 0.0433 -0.9989 0.0161
vn 0.0462 -0.9989 0.0074
vn 0.0474 -0.9989 -0.0018
vn 0.0467 -0.9988 -0.0111
vn 0.0443 -0.9988 -0.0201
vn 0.0399 -0.9988 -0.0288
vn 0.0340 -0.9987 -0.0365
vn 0.0269 -0.9987 -0.0427
vn 0.0183 -0.9987 -0.0474
vn 0.0091 -0.9987 -0.0504
vn -0.0005 -0.9987 -0.0514
vn -0.0102 -0.9987 -0.0505
vn -0.0195 -0.9987 -0.0477
vn -0.0281 -0.9987 -0.0431
vn -0.0355 -0.9987 -0.0369
vn -0.0416 -0.9987 -0.0291
vn -0.0460 -0.9987 -0.0204
vn -0.0485 -0.9987 -0.0113
vn -0.0493 -0.9988 -0.0018
vn -0.0480 -0.9988 0.0076
vn -0.0450 -0.9988 0.0164
vn -0.0403 -0.9989 0.0247
vn -0.0342 -0.9989 0.0320
vn -0.0269 -0.9989 0.0376
vn -0.0187 -0.9989 0.0417
vn -0.0098 -0.9990 0.0443
vn 0.0030 -0.9822 0.1877
vn -0.0343 -0.9821 0.1850
vn 0.1929 -0.1483 -0.9699
vn 0.0000 -0.1480 -0.9890
vn -0.0750 -0.9825 0.1707
vn 0.3784 -0.1488 -0.9136
vn -0.1146 -0.9820 0.1499
vn 0.5493 -0.1494 -0.8221
vn -0.1357 -0.9818 0.1325
vn 0.6991 -0.1502 -0.6991
vn -0.1582 -0.9818 0.1044
vn 0.8220 -0.1509 -0.5492
vn -0.1767 -0.9819 0.0682
vn 0.9131 -0.1518 -0.3782
vn -0.1868 -0.9817 0.0361
vn 0.9693 -0.1527 -0.1928
vn -0.1924 -0.9813 0.0020
vn 0.9881 -0.1536 0.0000
vn -0.1893 -0.9813 -0.0345
vn 0.9690 -0.1544 0.1928
vn -0.1788 -0.9815 -0.0680
vn 0.9127 -0.1551 0.3781
vn -0.1633 -0.9810 -0.1044
vn 0.8213 -0.1557 0.5488
vn -0.1428 -0.9808 -0.1329
vn 0.6984 -0.1562 0.6984
vn -0.1113 -0.9810 -0.1589
vn 0.5487 -0.1565 0.8212
vn -0.0732 -0.9808 -0.1805
vn 0.3779 -0.1567 0.9124
vn -0.0356 -0.9808 -0.1916
vn 0.1927 -0.1567 0.9687
vn -0.0006 -0.9809 -0.1943
vn 0.0000 -0.1565 0.9876
vn 0.0367 -0.9809 -0.1910
vn -0.1927 -0.1562 0.9687
vn 0.0824 -0.9810 -0.1755
vn -0.3780 -0.1557 0.9126
vn 0.1185 -0.9809 -0.1544
vn -0.5488 -0.1551 0.8214
vn 0.1409 -0.9810 -0.1330
vn -0.6986 -0.1544 0.6986
vn 0.1585 -0.9811 -0.1104
vn -0.8216 -0.1535 0.5490
vn 0.1735 -0.9813 -0.0826
vn -0.9130 -0.1527 0.3782
vn 0.1874 -0.9815 -0.0394
vn -0.9694 -0.1518 0.1928
vn 0.1904 -0.9817 0.0016
vn -0.9885 -0.1510 0.0000
vn 0.1869 -0.9816 0.0392
vn -0.9697 -0.1501 -0.1928
vn 0.1746 -0.9822 0.0694
vn -0.9135 -0.1494 -0.3784
vn 0.1520 -0.9823 0.1091
vn -0.8222 -0.1488 -0.5494
vn 0.1315 -0.9818 0.1365
vn -0.6993 -0.1483 -0.6993
vn 0.1060 -0.9823 0.1542
vn -0.5495 -0.1480 -0.8223
vn 0.0713 -0.9824 0.1727
vn -0.3785 -0.1478 -0.9137
vn 0.0339 -0.9920 0.1216
vn 0.0374 -0.9824 0.1829
vn -0.1929 -0.1478 -0.9700
vn -0.2871 -0.1473 -0.9465
usemtl None
s 1
f 4936/5271/1694 4937/5272/1695 4675/5273/1696 4673/5274/1697
f 4937/5272/1695 4938/5275/1698 4677/5276/1699 4675/5273/1696
f 4938/5275/1698 4939/5277/1700 4679/5278/1701 4677/5276/1699
f 4939/5277/1700 4940/5279/1702 4681/5280/1703 4679/5278/1701
f 4940/5279/1702 4941/5281/1704 4683/5282/1705 4681/5280/1703
f 4941/5281/1704 4942/5283/1706 4685/5284/1707 4683/5282/1705
f 4942/5283/1706 4943/5285/1708 4687/5286/1709 4685/5284/1707
f 4943/5285/1708 4944/5287/1710 4689/5288/1711 4687/5286/1709
f 4944/5287/1710 4945/5289/1712 4691/5290/1713 4689/5288/1711
f 4945/5289/1712 4946/5291/1714 4693/5292/1715 4691/5290/1713
f 4946/5291/1714 4947/5293/1716 4695/5294/1717 4693/5292/1715
f 4947/5293/1716 4948/5295/1718 4697/5296/1719 4695/5294/1717
f 4948/5295/1718 4949/5297/1720 4699/5298/1721 4697/5296/1719
f 4949/5297/1720 4950/5299/1722 4701/5300/1723 4699/5298/1721
f 4950/5299/1722 4951/5301/1724 4703/5302/1725 4701/5300/1723
f 4951/5301/1724 4952/5303/1726 4705/5304/1727 4703/5302/1725
f 4952/5303/1726 4953/5305/1728 4707/5306/1729 4705/5304/1727
f 4953/5305/1728 4954/5307/1730 4709/5308/1731 4707/5306/1729
f 4954/5307/1730 4955/5309/1732 4711/5310/1733 4709/5308/1731
f 4955/5309/1732 4956/5311/1734 4713/5312/1735 4711/5310/1733
f 4956/5311/1734 4957/5313/1736 4715/5314/1737 4713/5312/1735
f 4957/5313/1736 4958/5315/1738 4717/5316/1739 4715/5314/1737
f 4958/5315/1738 4959/5317/1740 4719/5318/1741 4717/5316/1739
f 4959/5317/1740 4960/5319/1742 4721/5320/1743 4719/5318/1741
f 4960/5319/1742 4961/5321/1744 4723/5322/1745 4721/5320/1743
f 4961/5321/1744 4962/5323/1746 4725/5324/1747 4723/5322/1745
f 4962/5323/1746 4963/5325/1748 4727/5326/1749 4725/5324/1747
f 4963/5325/1748 4964/5327/1750 4729/5328/1751 4727/5326/1749
f 4964/5327/1750 4965/5329/1752 4731/5330/1753 4729/5328/1751
f 4965/5329/1752 4966/5331/1754 4733/5332/1755 4731/5330/1753
f 4675/5333/1696 4677/5334/1699 4679/5335/1701 4681/5336/1703 4683/5337/1705 4685/5338/1707 4687/5339/1709 4689/5340/1711 4691/5341/1713 4693/5342/1715 4695/5343/1717 4697/5344/1719 4699/5345/1721 4701/5346/1723 4703/5347/1725 4705/5348/1727 4707/5349/1729 4709/5350/1731 4711/5351/1733 4713/5352/1735 4715/5353/1737 4717/5354/1739 4719/5355/1741 4721/5356/1743 4723/5357/1745 4725/5358/1747 4727/5359/1749 4729/5360/1751 4731/5361/1753 4733/5362/1755 4833/5363/1756 4735/5364/1757 4673/5365/1697
f 4968/5366/1758 4967/5367/1759 4735/5368/1757 4833/5369/1756
f 4967/5367/1759 4936/5370/1694 4673/5371/1697 4735/5368/1757
f 4672/5372/1760 4734/5373/1761 4832/5374/1762 4732/5375/1763 4730/5376/1764 4728/5377/1765 4726/5378/1766 4724/5379/1767 4722/5380/1768 4720/5381/1769 4718/5382/1770 4716/5383/1771 4714/5384/1772 4712/5385/1773 4710/5386/1774 4708/5387/1775 4706/5388/1776 4704/5389/1777 4702/5390/1778 4700/5391/1779 4698/5392/1780 4696/5393/1781 4694/5394/1782 4692/5395/1783 4690/5396/1784 4688/5397/1785 4686/5398/1786 4684/5399/1787 4682/5400/1788 4680/5401/1789 4678/5402/1790 4676/5403/1791 4674/5404/1792
f 5000/5405/1793 4969/5406/1794 4736/5407/1795 4767/5408/1796
f 5001/5409/1797 5000/5405/1793 4767/5408/1796 4834/5410/1798
f 4998/5411/1799 4999/5412/1800 4766/5413/1801 4765/5414/1802
f 4997/5415/1803 4998/5411/1799 4765/5414/1802 4764/5416/1804
f 4996/5417/1805 4997/5415/1803 4764/5416/1804 4763/5418/1806
f 4995/5419/1807 4996/5417/1805 4763/5418/1806 4762/5420/1808
f 4994/5421/1809 4995/5419/1807 4762/5420/1808 4761/5422/1810
f 4993/5423/1811 4994/5421/1809 4761/5422/1810 4760/5424/1812
f 4992/5425/1813 4993/5423/1811 4760/5424/1812 4759/5426/1814
f 4991/5427/1815 4992/5425/1813 4759/5426/1814 4758/5428/1816
f 4990/5429/1817 4991/5427/1815 4758/5428/1816 4757/5430/1818
f 4989/5431/1819 4990/5429/1817 4757/5430/1818 4756/5432/1820
f 4988/5433/1821 4989/5431/1819 4756/5432/1820 4755/5434/1822
f 4987/5435/1823 4988/5433/1821 4755/5434/1822 4754/5436/1824
f 4986/5437/1825 4987/5435/1823 4754/5436/1824 4753/5438/1826
f 4985/5439/1827 4986/5437/1825 4753/5438/1826 4752/5440/1828
f 4984/5441/1829 4985/5439/1827 4752/5440/1828 4751/5442/1830
f 4983/5443/1831 4984/5441/1829 4751/5442/1830 4750/5444/1832
f 4982/5445/1833 4983/5443/1831 4750/5444/1832 4749/5446/1834
f 4981/5447/1835 4982/5445/1833 4749/5446/1834 4748/5448/1836
f 4980/5449/1837 4981/5447/1835 4748/5448/1836 4747/5450/1838
f 4979/5451/1839 4980/5449/1837 4747/5450/1838 4746/5452/1840
f 4978/5453/1841 4979/5451/1839 4746/5452/1840 4745/5454/1842
f 4977/5455/1843 4978/5453/1841 4745/5454/1842 4744/5456/1844
f 4976/5457/1845 4977/5455/1843 4744/5456/1844 4743/5458/1846
f 4975/5459/1847 4976/5457/1845 4743/5458/1846 4742/5460/1848
f 4974/5461/1849 4975/5459/1847 4742/5460/1848 4741/5462/1850
f 4973/5463/1851 4974/5461/1849 4741/5462/1850 4740/5464/1852
f 4972/5465/1853 4973/5463/1851 4740/5464/1852 4739/5466/1854
f 4971/5467/1855 4972/5465/1853 4739/5466/1854 4738/5468/1856
f 4970/5469/1857 4971/5467/1855 4738/5468/1856 4737/5470/1858
f 4969/5471/1794 4970/5469/1857 4737/5470/1858 4736/5472/1795
f 5101/5473/1859 5102/5474/1860 4768/5475/1861 4799/5476/1862
f 5102/5474/1860 5103/5477/1863 4769/5478/1864 4768/5475/1861
f 5103/5477/1863 5104/5479/1865 4770/5480/1866 4769/5478/1864
f 5104/5479/1865 5105/5481/1867 4771/5482/1868 4770/5480/1866
f 5105/5481/1867 5106/5483/1869 4772/5484/1870 4771/5482/1868
f 5106/5483/1869 5107/5485/1871 4773/5486/1872 4772/5484/1870
f 5107/5485/1871 5108/5487/1873 4774/5488/1874 4773/5486/1872
f 5108/5487/1873 5109/5489/1875 4775/5490/1876 4774/5488/1874
f 5109/5489/1875 5110/5491/1877 4776/5492/1878 4775/5490/1876
f 5110/5491/1877 5111/5493/1879 4777/5494/1880 4776/5492/1878
f 5111/5493/1879 5112/5495/1881 4778/5496/1882 4777/5494/1880
f 5112/5495/1881 5113/5497/1883 4779/5498/1884 4778/5496/1882
f 5113/5497/1883 5114/5499/1885 4780/5500/1886 4779/5498/1884
f 5114/5499/1885 5115/5501/1887 4781/5502/1888 4780/5500/1886
f 5115/5501/1887 5116/5503/1889 4782/5504/1890 4781/5502/1888
f 5116/5503/1889 5117/5505/1891 4783/5506/1892 4782/5504/1890
f 5117/5505/1891 5118/5507/1893 4784/5508/1894 4783/5506/1892
f 5118/5507/1893 5119/5509/1895 4785/5510/1896 4784/5508/1894
f 5119/5509/1895 5120/5511/1897 4786/5512/1898 4785/5510/1896
f 5120/5511/1897 5121/5513/1899 4787/5514/1900 4786/5512/1898
f 5121/5513/1899 5122/5515/1901 4788/5516/1902 4787/5514/1900
f 5122/5515/1901 5123/5517/1903 4789/5518/1904 4788/5516/1902
f 5123/5517/1903 5124/5519/1905 4790/5520/1906 4789/5518/1904
f 5124/5519/1905 5125/5521/1907 4791/5522/1908 4790/5520/1906
f 5125/5521/1907 5126/5523/1909 4792/5524/1910 4791/5522/1908
f 5126/5523/1909 5127/5525/1911 4793/5526/1912 4792/5524/1910
f 5127/5525/1911 5128/5527/1913 4794/5528/1914 4793/5526/1912
f 5128/5527/1913 5129/5529/1915 4795/5530/1916 4794/5528/1914
f 5129/5529/1915 5130/5531/1917 4796/5532/1918 4795/5530/1916
f 5130/5531/1917 5131/5533/1919 4797/5534/1920 4796/5532/1918
f 5133/5535/1921 5132/5536/1922 4798/5537/1923 4835/5538/1924
f 5132/5536/1922 5101/5539/1859 4799/5540/1862 4798/5537/1923
f 4867/5541/1925 4868/5542/1926 4831/5543/1927 4830/5544/1928
f 4869/5545/1929 4867/5541/1925 4830/5544/1928 4836/5546/1930
f 4865/5547/1931 4866/5548/1932 4829/5549/1933 4828/5550/1934
f 4864/5551/1935 4865/5547/1931 4828/5550/1934 4827/5552/1936
f 4863/5553/1937 4864/5551/1935 4827/5552/1936 4826/5554/1938
f 4862/5555/1939 4863/5553/1937 4826/5554/1938 4825/5556/1940
f 4861/5557/1941 4862/5555/1939 4825/5556/1940 4824/5558/1942
f 4860/5559/1943 4861/5557/1941 4824/5558/1942 4823/5560/1944
f 4859/5561/1945 4860/5559/1943 4823/5560/1944 4822/5562/1946
f 4858/5563/1947 4859/5561/1945 4822/5562/1946 4821/5564/1948
f 4857/5565/1949 4858/5563/1947 4821/5564/1948 4820/5566/1950
f 4856/5567/1951 4857/5565/1949 4820/5566/1950 4819/5568/1952
f 4855/5569/1953 4856/5567/1951 4819/5568/1952 4818/5570/1954
f 4854/5571/1955 4855/5569/1953 4818/5570/1954 4817/5572/1956
f 4853/5573/1957 4854/5571/1955 4817/5572/1956 4816/5574/1958
f 4852/5575/1959 4853/5573/1957 4816/5574/1958 4815/5576/1960
f 4851/5577/1961 4852/5575/1959 4815/5576/1960 4814/5578/1962
f 4850/5579/1963 4851/5577/1961 4814/5578/1962 4813/5580/1964
f 4849/5581/1965 4850/5579/1963 4813/5580/1964 4812/5582/1966
f 4848/5583/1967 4849/5581/1965 4812/5582/1966 4811/5584/1968
f 4847/5585/1969 4848/5583/1967 4811/5584/1968 4810/5586/1970
f 4846/5587/1971 4847/5585/1969 4810/5586/1970 4809/5588/1972
f 4845/5589/1973 4846/5587/1971 4809/5588/1972 4808/5590/1974
f 4844/5591/1975 4845/5589/1973 4808/5590/1974 4807/5592/1976
f 4843/5593/1977 4844/5591/1975 4807/5592/1976 4806/5594/1978
f 4842/5595/1979 4843/5593/1977 4806/5594/1978 4805/5596/1980
f 4841/5597/1981 4842/5595/1979 4805/5596/1980 4804/5598/1982
f 4840/5599/1983 4841/5597/1981 4804/5598/1982 4803/5600/1984
f 4839/5601/1985 4840/5599/1983 4803/5600/1984 4802/5602/1986
f 4838/5603/1987 4839/5601/1985 4802/5602/1986 4801/5604/1988
f 4837/5605/1989 4838/5603/1987 4801/5604/1988 4800/5606/1990
f 4868/5607/1926 4837/5605/1989 4800/5606/1990 4831/5608/1927
f 4866/5548/1932 4869/5545/1929 4836/5546/1930 4829/5549/1933
f 5131/5533/1919 5133/5535/1921 4835/5538/1924 4797/5534/1920
f 4999/5412/1800 5001/5409/1797 4834/5410/1798 4766/5413/1801
f 4966/5331/1754 4968/5366/1758 4833/5369/1756 4733/5332/1755
f 4732/5609/1763 4832/5610/1762 4869/5545/1929 4866/5548/1932
f 4672/5611/1760 4674/5612/1792 4837/5605/1989 4868/5607/1926
f 4674/5612/1792 4676/5613/1791 4838/5603/1987 4837/5605/1989
f 4676/5613/1791 4678/5614/1790 4839/5601/1985 4838/5603/1987
f 4678/5614/1790 4680/5615/1789 4840/5599/1983 4839/5601/1985
f 4680/5615/1789 4682/5616/1788 4841/5597/1981 4840/5599/1983
f 4682/5616/1788 4684/5617/1787 4842/5595/1979 4841/5597/1981
f 4684/5617/1787 4686/5618/1786 4843/5593/1977 4842/5595/1979
f 4686/5618/1786 4688/5619/1785 4844/5591/1975 4843/5593/1977
f 4688/5619/1785 4690/5620/1784 4845/5589/1973 4844/5591/1975
f 4690/5620/1784 4692/5621/1783 4846/5587/1971 4845/5589/1973
f 4692/5621/1783 4694/5622/1782 4847/5585/1969 4846/5587/1971
f 4694/5622/1782 4696/5623/1781 4848/5583/1967 4847/5585/1969
f 4696/5623/1781 4698/5624/1780 4849/5581/1965 4848/5583/1967
f 4698/5624/1780 4700/5625/1779 4850/5579/1963 4849/5581/1965
f 4700/5625/1779 4702/5626/1778 4851/5577/1961 4850/5579/1963
f 4702/5626/1778 4704/5627/1777 4852/5575/1959 4851/5577/1961
f 4704/5627/1777 4706/5628/1776 4853/5573/1957 4852/5575/1959
f 4706/5628/1776 4708/5629/1775 4854/5571/1955 4853/5573/1957
f 4708/5629/1775 4710/5630/1774 4855/5569/1953 4854/5571/1955
f 4710/5630/1774 4712/5631/1773 4856/5567/1951 4855/5569/1953
f 4712/5631/1773 4714/5632/1772 4857/5565/1949 4856/5567/1951
f 4714/5632/1772 4716/5633/1771 4858/5563/1947 4857/5565/1949
f 4716/5633/1771 4718/5634/1770 4859/5561/1945 4858/5563/1947
f 4718/5634/1770 4720/5635/1769 4860/5559/1943 4859/5561/1945
f 4720/5635/1769 4722/5636/1768 4861/5557/1941 4860/5559/1943
f 4722/5636/1768 4724/5637/1767 4862/5555/1939 4861/5557/1941
f 4724/5637/1767 4726/5638/1766 4863/5553/1937 4862/5555/1939
f 4726/5638/1766 4728/5639/1765 4864/5551/1935 4863/5553/1937
f 4728/5639/1765 4730/5640/1764 4865/5547/1931 4864/5551/1935
f 4730/5640/1764 4732/5609/1763 4866/5548/1932 4865/5547/1931
f 4832/5610/1762 4734/5641/1761 4867/5541/1925 4869/5545/1929
f 4734/5641/1761 4672/5642/1760 4868/5542/1926 4867/5541/1925
f 4932/5643/1991 4934/5644/1992 4902/5645/1993 4900/5646/1994
f 4935/5647/1995 4903/5648/1996 4871/5649/1997 4870/5650/1998
f 4903/5648/1996 4904/5651/1999 4872/5652/2000 4871/5649/1997
f 4904/5651/1999 4905/5653/2001 4873/5654/2002 4872/5652/2000
f 4905/5653/2001 4906/5655/2003 4874/5656/2004 4873/5654/2002
f 4906/5655/2003 4907/5657/2005 4875/5658/2006 4874/5656/2004
f 4907/5657/2005 4908/5659/2007 4876/5660/2008 4875/5658/2006
f 4908/5659/2007 4909/5661/2009 4877/5662/2010 4876/5660/2008
f 4909/5661/2009 4910/5663/2011 4878/5664/2012 4877/5662/2010
f 4910/5663/2011 4911/5665/2013 4879/5666/2014 4878/5664/2012
f 4911/5665/2013 4912/5667/2015 4880/5668/2016 4879/5666/2014
f 4912/5667/2015 4913/5669/2017 4881/5670/2018 4880/5668/2016
f 4913/5669/2017 4914/5671/2019 4882/5672/2020 4881/5670/2018
f 4914/5671/2019 4915/5673/2021 4883/5674/2022 4882/5672/2020
f 4915/5673/2021 4916/5675/2023 4884/5676/2024 4883/5674/2022
f 4916/5675/2023 4917/5677/2025 4885/5678/2026 4884/5676/2024
f 4917/5677/2025 4918/5679/2027 4886/5680/2028 4885/5678/2026
f 4918/5679/2027 4919/5681/2029 4887/5682/2030 4886/5680/2028
f 4919/5681/2029 4920/5683/2031 4888/5684/2032 4887/5682/2030
f 4920/5683/2031 4921/5685/2033 4889/5686/2034 4888/5684/2032
f 4921/5685/2033 4922/5687/2035 4890/5688/2036 4889/5686/2034
f 4922/5687/2035 4923/5689/2037 4891/5690/2038 4890/5688/2036
f 4923/5689/2037 4924/5691/2039 4892/5692/2040 4891/5690/2038
f 4924/5691/2039 4925/5693/2041 4893/5694/2042 4892/5692/2040
f 4925/5693/2041 4926/5695/2043 4894/5696/2044 4893/5694/2042
f 4926/5695/2043 4927/5697/2045 4895/5698/2046 4894/5696/2044
f 4927/5697/2045 4928/5699/2047 4896/5700/2048 4895/5698/2046
f 4928/5699/2047 4929/5701/2049 4897/5702/2050 4896/5700/2048
f 4929/5701/2049 4930/5703/2051 4898/5704/2052 4897/5702/2050
f 4930/5703/2051 4931/5705/2053 4899/5706/2054 4898/5704/2052
f 4931/5705/2053 4932/5643/1991 4900/5646/1994 4899/5706/2054
f 4934/5644/1992 4933/5707/2055 4901/5708/2056 4902/5645/1993
f 4933/5707/2055 4935/5709/1995 4870/5710/1998 4901/5708/2056
f 5164/5711/2057 5166/5712/2058 4935/5709/1995 4933/5707/2055
f 5165/5713/2059 5164/5711/2057 4933/5707/2055 4934/5644/1992
f 5162/5714/2060 5163/5715/2061 4932/5643/1991 4931/5705/2053
f 5161/5716/2062 5162/5714/2060 4931/5705/2053 4930/5703/2051
f 5160/5717/2063 5161/5716/2062 4930/5703/2051 4929/5701/2049
f 5159/5718/2064 5160/5717/2063 4929/5701/2049 4928/5699/2047
f 5158/5719/2065 5159/5718/2064 4928/5699/2047 4927/5697/2045
f 5157/5720/2066 5158/5719/2065 4927/5697/2045 4926/5695/2043
f 5156/5721/2067 5157/5720/2066 4926/5695/2043 4925/5693/2041
f 5155/5722/2068 5156/5721/2067 4925/5693/2041 4924/5691/2039
f 5154/5723/2069 5155/5722/2068 4924/5691/2039 4923/5689/2037
f 5153/5724/2070 5154/5723/2069 4923/5689/2037 4922/5687/2035
f 5152/5725/2071 5153/5724/2070 4922/5687/2035 4921/5685/2033
f 5151/5726/2072 5152/5725/2071 4921/5685/2033 4920/5683/2031
f 5150/5727/2073 5151/5726/2072 4920/5683/2031 4919/5681/2029
f 5149/5728/2074 5150/5727/2073 4919/5681/2029 4918/5679/2027
f 5148/5729/2075 5149/5728/2074 4918/5679/2027 4917/5677/2025
f 5147/5730/2076 5148/5729/2075 4917/5677/2025 4916/5675/2023
f 5146/5731/2077 5147/5730/2076 4916/5675/2023 4915/5673/2021
f 5145/5732/2078 5146/5731/2077 4915/5673/2021 4914/5671/2019
f 5144/5733/2079 5145/5732/2078 4914/5671/2019 4913/5669/2017
f 5143/5734/2080 5144/5733/2079 4913/5669/2017 4912/5667/2015
f 5142/5735/2081 5143/5734/2080 4912/5667/2015 4911/5665/2013
f 5141/5736/2082 5142/5735/2081 4911/5665/2013 4910/5663/2011
f 5140/5737/2083 5141/5736/2082 4910/5663/2011 4909/5661/2009
f 5139/5738/2084 5140/5737/2083 4909/5661/2009 4908/5659/2007
f 5138/5739/2085 5139/5738/2084 4908/5659/2007 4907/5657/2005
f 5137/5740/2086 5138/5739/2085 4907/5657/2005 4906/5655/2003
f 5136/5741/2087 5137/5740/2086 4906/5655/2003 4905/5653/2001
f 5135/5742/2088 5136/5741/2087 4905/5653/2001 4904/5651/1999
f 5134/5743/2089 5135/5742/2088 4904/5651/1999 4903/5648/1996
f 5166/5744/2058 5134/5743/2089 4903/5648/1996 4935/5647/1995
f 5163/5715/2061 5165/5713/2059 4934/5644/1992 4932/5643/1991
f 5098/5745/2090 5100/5746/2091 4968/5366/1758 4966/5331/1754
f 5099/5747/2092 5068/5748/2093 4936/5370/1694 4967/5367/1759
f 5100/5746/2091 5099/5747/2092 4967/5367/1759 4968/5366/1758
f 5097/5749/2094 5098/5745/2090 4966/5331/1754 4965/5329/1752
f 5096/5750/2095 5097/5749/2094 4965/5329/1752 4964/5327/1750
f 5095/5751/2096 5096/5750/2095 4964/5327/1750 4963/5325/1748
f 5094/5752/2097 5095/5751/2096 4963/5325/1748 4962/5323/1746
f 5093/5753/2098 5094/5752/2097 4962/5323/1746 4961/5321/1744
f 5092/5754/2099 5093/5753/2098 4961/5321/1744 4960/5319/1742
f 5091/5755/2100 5092/5754/2099 4960/5319/1742 4959/5317/1740
f 5090/5756/2101 5091/5755/2100 4959/5317/1740 4958/5315/1738
f 5089/5757/2102 5090/5756/2101 4958/5315/1738 4957/5313/1736
f 5088/5758/2103 5089/5757/2102 4957/5313/1736 4956/5311/1734
f 5087/5759/2104 5088/5758/2103 4956/5311/1734 4955/5309/1732
f 5086/5760/2105 5087/5759/2104 4955/5309/1732 4954/5307/1730
f 5085/5761/2106 5086/5760/2105 4954/5307/1730 4953/5305/1728
f 5084/5762/2107 5085/5761/2106 4953/5305/1728 4952/5303/1726
f 5083/5763/2108 5084/5762/2107 4952/5303/1726 4951/5301/1724
f 5082/5764/2109 5083/5763/2108 4951/5301/1724 4950/5299/1722
f 5081/5765/2110 5082/5764/2109 4950/5299/1722 4949/5297/1720
f 5080/5766/2111 5081/5765/2110 4949/5297/1720 4948/5295/1718
f 5079/5767/2112 5080/5766/2111 4948/5295/1718 4947/5293/1716
f 5078/5768/2113 5079/5767/2112 4947/5293/1716 4946/5291/1714
f 5077/5769/2114 5078/5768/2113 4946/5291/1714 4945/5289/1712
f 5076/5770/2115 5077/5769/2114 4945/5289/1712 4944/5287/1710
f 5075/5771/2116 5076/5770/2115 4944/5287/1710 4943/5285/1708
f 5074/5772/2117 5075/5771/2116 4943/5285/1708 4942/5283/1706
f 5073/5773/2118 5074/5772/2117 4942/5283/1706 4941/5281/1704
f 5072/5774/2119 5073/5773/2118 4941/5281/1704 4940/5279/1702
f 5071/5775/2120 5072/5774/2119 4940/5279/1702 4939/5277/1700
f 5070/5776/2121 5071/5775/2120 4939/5277/1700 4938/5275/1698
f 5069/5777/2122 5070/5776/2121 4938/5275/1698 4937/5272/1695
f 5068/5778/2093 5069/5777/2122 4937/5272/1695 4936/5271/1694
f 4900/5646/1994 4902/5645/1993 5001/5409/1797 4999/5412/1800
f 4870/5650/1998 4871/5649/1997 4970/5469/1857 4969/5471/1794
f 4871/5649/1997 4872/5652/2000 4971/5467/1855 4970/5469/1857
f 4872/5652/2000 4873/5654/2002 4972/5465/1853 4971/5467/1855
f 4873/5654/2002 4874/5656/2004 4973/5463/1851 4972/5465/1853
f 4874/5656/2004 4875/5658/2006 4974/5461/1849 4973/5463/1851
f 4875/5658/2006 4876/5660/2008 4975/5459/1847 4974/5461/1849
f 4876/5660/2008 4877/5662/2010 4976/5457/1845 4975/5459/1847
f 4877/5662/2010 4878/5664/2012 4977/5455/1843 4976/5457/1845
f 4878/5664/2012 4879/5666/2014 4978/5453/1841 4977/5455/1843
f 4879/5666/2014 4880/5668/2016 4979/5451/1839 4978/5453/1841
f 4880/5668/2016 4881/5670/2018 4980/5449/1837 4979/5451/1839
f 4881/5670/2018 4882/5672/2020 4981/5447/1835 4980/5449/1837
f 4882/5672/2020 4883/5674/2022 4982/5445/1833 4981/5447/1835
f 4883/5674/2022 4884/5676/2024 4983/5443/1831 4982/5445/1833
f 4884/5676/2024 4885/5678/2026 4984/5441/1829 4983/5443/1831
f 4885/5678/2026 4886/5680/2028 4985/5439/1827 4984/5441/1829
f 4886/5680/2028 4887/5682/2030 4986/5437/1825 4985/5439/1827
f 4887/5682/2030 4888/5684/2032 4987/5435/1823 4986/5437/1825
f 4888/5684/2032 4889/5686/2034 4988/5433/1821 4987/5435/1823
f 4889/5686/2034 4890/5688/2036 4989/5431/1819 4988/5433/1821
f 4890/5688/2036 4891/5690/2038 4990/5429/1817 4989/5431/1819
f 4891/5690/2038 4892/5692/2040 4991/5427/1815 4990/5429/1817
f 4892/5692/2040 4893/5694/2042 4992/5425/1813 4991/5427/1815
f 4893/5694/2042 4894/5696/2044 4993/5423/1811 4992/5425/1813
f 4894/5696/2044 4895/5698/2046 4994/5421/1809 4993/5423/1811
f 4895/5698/2046 4896/5700/2048 4995/5419/1807 4994/5421/1809
f 4896/5700/2048 4897/5702/2050 4996/5417/1805 4995/5419/1807
f 4897/5702/2050 4898/5704/2052 4997/5415/1803 4996/5417/1805
f 4898/5704/2052 4899/5706/2054 4998/5411/1799 4997/5415/1803
f 4899/5706/2054 4900/5646/1994 4999/5412/1800 4998/5411/1799
f 4902/5645/1993 4901/5708/2056 5000/5405/1793 5001/5409/1797
f 4901/5708/2056 4870/5710/1998 4969/5406/1794 5000/5405/1793
f 5067/5779/2123 5035/5780/2124 5002/5781/2125 5034/5782/2126
f 5035/5780/2124 5036/5783/2127 5003/5784/2128 5002/5781/2125
f 5036/5783/2127 5037/5785/2129 5004/5786/2130 5003/5784/2128
f 5037/5785/2129 5038/5787/2131 5005/5788/2132 5004/5786/2130
f 5038/5787/2131 5039/5789/2133 5006/5790/2134 5005/5788/2132
f 5039/5789/2133 5040/5791/2135 5007/5792/2136 5006/5790/2134
f 5040/5791/2135 5041/5793/2137 5008/5794/2138 5007/5792/2136
f 5041/5793/2137 5042/5795/2139 5009/5796/2140 5008/5794/2138
f 5042/5795/2139 5043/5797/2141 5010/5798/2142 5009/5796/2140
f 5043/5797/2141 5044/5799/2143 5011/5800/2144 5010/5798/2142
f 5044/5799/2143 5045/5801/2145 5012/5802/2146 5011/5800/2144
f 5045/5801/2145 5046/5803/2147 5013/5804/2148 5012/5802/2146
f 5046/5803/2147 5047/5805/2149 5014/5806/2150 5013/5804/2148
f 5047/5805/2149 5048/5807/2151 5015/5808/2152 5014/5806/2150
f 5048/5807/2151 5049/5809/2153 5016/5810/2154 5015/5808/2152
f 5049/5809/2153 5050/5811/2155 5017/5812/2156 5016/5810/2154
f 5050/5811/2155 5051/5813/2157 5018/5814/2158 5017/5812/2156
f 5051/5813/2157 5052/5815/2159 5019/5816/2160 5018/5814/2158
f 5052/5815/2159 5053/5817/2161 5020/5818/2162 5019/5816/2160
f 5053/5817/2161 5054/5819/2163 5021/5820/2164 5020/5818/2162
f 5054/5819/2163 5055/5821/2165 5022/5822/2166 5021/5820/2164
f 5055/5821/2165 5056/5823/2167 5023/5824/2168 5022/5822/2166
f 5056/5823/2167 5057/5825/2169 5024/5826/2170 5023/5824/2168
f 5057/5825/2169 5058/5827/2171 5025/5828/2172 5024/5826/2170
f 5058/5827/2171 5059/5829/2173 5026/5830/2174 5025/5828/2172
f 5059/5829/2173 5060/5831/2175 5027/5832/2176 5026/5830/2174
f 5060/5831/2175 5061/5833/2177 5028/5834/2178 5027/5832/2176
f 5061/5833/2177 5062/5835/2179 5029/5836/2180 5028/5834/2178
f 5062/5835/2179 5063/5837/2181 5030/5838/2182 5029/5836/2180
f 5063/5837/2181 5064/5839/2183 5031/5840/2184 5030/5838/2182
f 5066/5841/2185 5065/5842/2186 5032/5843/2187 5033/5844/2188
f 5065/5842/2186 5067/5845/2123 5034/5846/2126 5032/5843/2187
f 5064/5839/2183 5066/5841/2185 5033/5844/2188 5031/5840/2184
f 4766/5413/1801 4834/5410/1798 5066/5841/2185 5064/5839/2183
f 4767/5408/1796 4736/5407/1795 5067/5845/2123 5065/5842/2186
f 4834/5410/1798 4767/5408/1796 5065/5842/2186 5066/5841/2185
f 4765/5414/1802 4766/5413/1801 5064/5839/2183 5063/5837/2181
f 4764/5416/1804 4765/5414/1802 5063/5837/2181 5062/5835/2179
f 4763/5418/1806 4764/5416/1804 5062/5835/2179 5061/5833/2177
f 4762/5420/1808 4763/5418/1806 5061/5833/2177 5060/5831/2175
f 4761/5422/1810 4762/5420/1808 5060/5831/2175 5059/5829/2173
f 4760/5424/1812 4761/5422/1810 5059/5829/2173 5058/5827/2171
f 4759/5426/1814 4760/5424/1812 5058/5827/2171 5057/5825/2169
f 4758/5428/1816 4759/5426/1814 5057/5825/2169 5056/5823/2167
f 4757/5430/1818 4758/5428/1816 5056/5823/2167 5055/5821/2165
f 4756/5432/1820 4757/5430/1818 5055/5821/2165 5054/5819/2163
f 4755/5434/1822 4756/5432/1820 5054/5819/2163 5053/5817/2161
f 4754/5436/1824 4755/5434/1822 5053/5817/2161 5052/5815/2159
f 4753/5438/1826 4754/5436/1824 5052/5815/2159 5051/5813/2157
f 4752/5440/1828 4753/5438/1826 5051/5813/2157 5050/5811/2155
f 4751/5442/1830 4752/5440/1828 5050/5811/2155 5049/5809/2153
f 4750/5444/1832 4751/5442/1830 5049/5809/2153 5048/5807/2151
f 4749/5446/1834 4750/5444/1832 5048/5807/2151 5047/5805/2149
f 4748/5448/1836 4749/5446/1834 5047/5805/2149 5046/5803/2147
f 4747/5450/1838 4748/5448/1836 5046/5803/2147 5045/5801/2145
f 4746/5452/1840 4747/5450/1838 5045/5801/2145 5044/5799/2143
f 4745/5454/1842 4746/5452/1840 5044/5799/2143 5043/5797/2141
f 4744/5456/1844 4745/5454/1842 5043/5797/2141 5042/5795/2139
f 4743/5458/1846 4744/5456/1844 5042/5795/2139 5041/5793/2137
f 4742/5460/1848 4743/5458/1846 5041/5793/2137 5040/5791/2135
f 4741/5462/1850 4742/5460/1848 5040/5791/2135 5039/5789/2133
f 4740/5464/1852 4741/5462/1850 5039/5789/2133 5038/5787/2131
f 4739/5466/1854 4740/5464/1852 5038/5787/2131 5037/5785/2129
f 4738/5468/1856 4739/5466/1854 5037/5785/2129 5036/5783/2127
f 4737/5470/1858 4738/5468/1856 5036/5783/2127 5035/5780/2124
f 4736/5472/1795 4737/5470/1858 5035/5780/2124 5067/5779/2123
f 5034/5782/2126 5002/5781/2125 5069/5777/2122 5068/5778/2093
f 5002/5781/2125 5003/5784/2128 5070/5776/2121 5069/5777/2122
f 5003/5784/2128 5004/5786/2130 5071/5775/2120 5070/5776/2121
f 5004/5786/2130 5005/5788/2132 5072/5774/2119 5071/5775/2120
f 5005/5788/2132 5006/5790/2134 5073/5773/2118 5072/5774/2119
f 5006/5790/2134 5007/5792/2136 5074/5772/2117 5073/5773/2118
f 5007/5792/2136 5008/5794/2138 5075/5771/2116 5074/5772/2117
f 5008/5794/2138 5009/5796/2140 5076/5770/2115 5075/5771/2116
f 5009/5796/2140 5010/5798/2142 5077/5769/2114 5076/5770/2115
f 5010/5798/2142 5011/5800/2144 5078/5768/2113 5077/5769/2114
f 5011/5800/2144 5012/5802/2146 5079/5767/2112 5078/5768/2113
f 5012/5802/2146 5013/5804/2148 5080/5766/2111 5079/5767/2112
f 5013/5804/2148 5014/5806/2150 5081/5765/2110 5080/5766/2111
f 5014/5806/2150 5015/5808/2152 5082/5764/2109 5081/5765/2110
f 5015/5808/2152 5016/5810/2154 5083/5763/2108 5082/5764/2109
f 5016/5810/2154 5017/5812/2156 5084/5762/2107 5083/5763/2108
f 5017/5812/2156 5018/5814/2158 5085/5761/2106 5084/5762/2107
f 5018/5814/2158 5019/5816/2160 5086/5760/2105 5085/5761/2106
f 5019/5816/2160 5020/5818/2162 5087/5759/2104 5086/5760/2105
f 5020/5818/2162 5021/5820/2164 5088/5758/2103 5087/5759/2104
f 5021/5820/2164 5022/5822/2166 5089/5757/2102 5088/5758/2103
f 5022/5822/2166 5023/5824/2168 5090/5756/2101 5089/5757/2102
f 5023/5824/2168 5024/5826/2170 5091/5755/2100 5090/5756/2101
f 5024/5826/2170 5025/5828/2172 5092/5754/2099 5091/5755/2100
f 5025/5828/2172 5026/5830/2174 5093/5753/2098 5092/5754/2099
f 5026/5830/2174 5027/5832/2176 5094/5752/2097 5093/5753/2098
f 5027/5832/2176 5028/5834/2178 5095/5751/2096 5094/5752/2097
f 5028/5834/2178 5029/5836/2180 5096/5750/2095 5095/5751/2096
f 5029/5836/2180 5030/5838/2182 5097/5749/2094 5096/5750/2095
f 5030/5838/2182 5031/5840/2184 5098/5745/2090 5097/5749/2094
f 5033/5844/2188 5032/5843/2187 5099/5747/2092 5100/5746/2091
f 5032/5843/2187 5034/5846/2126 5068/5748/2093 5099/5747/2092
f 5031/5840/2184 5033/5844/2188 5100/5746/2091 5098/5745/2090
f 4829/5549/1933 4836/5546/1930 5133/5535/1921 5131/5533/1919
f 4830/5544/1928 4831/5543/1927 5101/5539/1859 5132/5536/1922
f 4836/5546/1930 4830/5544/1928 5132/5536/1922 5133/5535/1921
f 4828/5550/1934 4829/5549/1933 5131/5533/1919 5130/5531/1917
f 4827/5552/1936 4828/5550/1934 5130/5531/1917 5129/5529/1915
f 4826/5554/1938 4827/5552/1936 5129/5529/1915 5128/5527/1913
f 4825/5556/1940 4826/5554/1938 5128/5527/1913 5127/5525/1911
f 4824/5558/1942 4825/5556/1940 5127/5525/1911 5126/5523/1909
f 4823/5560/1944 4824/5558/1942 5126/5523/1909 5125/5521/1907
f 4822/5562/1946 4823/5560/1944 5125/5521/1907 5124/5519/1905
f 4821/5564/1948 4822/5562/1946 5124/5519/1905 5123/5517/1903
f 4820/5566/1950 4821/5564/1948 5123/5517/1903 5122/5515/1901
f 4819/5568/1952 4820/5566/1950 5122/5515/1901 5121/5513/1899
f 4818/5570/1954 4819/5568/1952 5121/5513/1899 5120/5511/1897
f 4817/5572/1956 4818/5570/1954 5120/5511/1897 5119/5509/1895
f 4816/5574/1958 4817/5572/1956 5119/5509/1895 5118/5507/1893
f 4815/5576/1960 4816/5574/1958 5118/5507/1893 5117/5505/1891
f 4814/5578/1962 4815/5576/1960 5117/5505/1891 5116/5503/1889
f 4813/5580/1964 4814/5578/1962 5116/5503/1889 5115/5501/1887
f 4812/5582/1966 4813/5580/1964 5115/5501/1887 5114/5499/1885
f 4811/5584/1968 4812/5582/1966 5114/5499/1885 5113/5497/1883
f 4810/5586/1970 4811/5584/1968 5113/5497/1883 5112/5495/1881
f 4809/5588/1972 4810/5586/1970 5112/5495/1881 5111/5493/1879
f 4808/5590/1974 4809/5588/1972 5111/5493/1879 5110/5491/1877
f 4807/5592/1976 4808/5590/1974 5110/5491/1877 5109/5489/1875
f 4806/5594/1978 4807/5592/1976 5109/5489/1875 5108/5487/1873
f 4805/5596/1980 4806/5594/1978 5108/5487/1873 5107/5485/1871
f 4804/5598/1982 4805/5596/1980 5107/5485/1871 5106/5483/1869
f 4803/5600/1984 4804/5598/1982 5106/5483/1869 5105/5481/1867
f 4802/5602/1986 4803/5600/1984 5105/5481/1867 5104/5479/1865
f 4801/5604/1988 4802/5602/1986 5104/5479/1865 5103/5477/1863
f 4800/5606/1990 4801/5604/1988 5103/5477/1863 5102/5474/1860
f 4831/5608/1927 4800/5606/1990 5102/5474/1860 5101/5473/1859
f 4797/5534/1920 4835/5538/1924 5165/5713/2059 5163/5715/2061
f 4799/5476/1862 4768/5475/1861 5134/5743/2089 5166/5744/2058
f 4768/5475/1861 4769/5478/1864 5135/5742/2088 5134/5743/2089
f 4769/5478/1864 4770/5480/1866 5136/5741/2087 5135/5742/2088
f 4770/5480/1866 4771/5482/1868 5137/5740/2086 5136/5741/2087
f 4771/5482/1868 4772/5484/1870 5138/5739/2085 5137/5740/2086
f 4772/5484/1870 4773/5486/1872 5139/5738/2084 5138/5739/2085
f 4773/5486/1872 4774/5488/1874 5140/5737/2083 5139/5738/2084
f 4774/5488/1874 4775/5490/1876 5141/5736/2082 5140/5737/2083
f 4775/5490/1876 4776/5492/1878 5142/5735/2081 5141/5736/2082
f 4776/5492/1878 4777/5494/1880 5143/5734/2080 5142/5735/2081
f 4777/5494/1880 4778/5496/1882 5144/5733/2079 5143/5734/2080
f 4778/5496/1882 4779/5498/1884 5145/5732/2078 5144/5733/2079
f 4779/5498/1884 4780/5500/1886 5146/5731/2077 5145/5732/2078
f 4780/5500/1886 4781/5502/1888 5147/5730/2076 5146/5731/2077
f 4781/5502/1888 4782/5504/1890 5148/5729/2075 5147/5730/2076
f 4782/5504/1890 4783/5506/1892 5149/5728/2074 5148/5729/2075
f 4783/5506/1892 4784/5508/1894 5150/5727/2073 5149/5728/2074
f 4784/5508/1894 4785/5510/1896 5151/5726/2072 5150/5727/2073
f 4785/5510/1896 4786/5512/1898 5152/5725/2071 5151/5726/2072
f 4786/5512/1898 4787/5514/1900 5153/5724/2070 5152/5725/2071
f 4787/5514/1900 4788/5516/1902 5154/5723/2069 5153/5724/2070
f 4788/5516/1902 4789/5518/1904 5155/5722/2068 5154/5723/2069
f 4789/5518/1904 4790/5520/1906 5156/5721/2067 5155/5722/2068
f 4790/5520/1906 4791/5522/1908 5157/5720/2066 5156/5721/2067
f 4791/5522/1908 4792/5524/1910 5158/5719/2065 5157/5720/2066
f 4792/5524/1910 4793/5526/1912 5159/5718/2064 5158/5719/2065
f 4793/5526/1912 4794/5528/1914 5160/5717/2063 5159/5718/2064
f 4794/5528/1914 4795/5530/1916 5161/5716/2062 5160/5717/2063
f 4795/5530/1916 4796/5532/1918 5162/5714/2060 5161/5716/2062
f 4796/5532/1918 4797/5534/1920 5163/5715/2061 5162/5714/2060
f 4835/5538/1924 4798/5537/1923 5164/5711/2057 5165/5713/2059
f 4798/5537/1923 4799/5540/1862 5166/5712/2058 5164/5711/2057
o tragaci_pompa_Cylinder.001
v -0.481627 1.616656 -0.732658
v -0.481627 1.773751 -0.796333
v -0.477400 1.616648 -0.732559
v -0.477400 1.773996 -0.796269
v -0.473335 1.616513 -0.731861
v -0.473335 1.774721 -0.796080
v -0.469589 1.616342 -0.730908
v -0.469589 1.775899 -0.795773
v -0.466306 1.616083 -0.729634
v -0.466306 1.777484 -0.795359
v -0.463611 1.615656 -0.727816
v -0.463611 1.779415 -0.794856
v -0.461609 1.615146 -0.725801
v -0.461609 1.781618 -0.794282
v -0.460376 1.614519 -0.723573
v -0.460376 1.784008 -0.793658
v -0.459959 1.613778 -0.721138
v -0.459959 1.786494 -0.793010
v -0.460376 1.612962 -0.718608
v -0.460376 1.788980 -0.792362
v -0.461609 1.612110 -0.716085
v -0.461609 1.791370 -0.791739
v -0.463611 1.611266 -0.713682
v -0.463611 1.793573 -0.791164
v -0.466306 1.610482 -0.711569
v -0.466306 1.795504 -0.790661
v -0.469589 1.609819 -0.709862
v -0.469589 1.797089 -0.790248
v -0.473335 1.609315 -0.708521
v -0.473335 1.798267 -0.789941
v -0.477400 1.609002 -0.707789
v -0.477400 1.798992 -0.789752
v -0.481627 1.608882 -0.707453
v -0.481627 1.799237 -0.789688
v -0.485854 1.609002 -0.707789
v -0.485854 1.798992 -0.789752
v -0.489919 1.609315 -0.708521
v -0.489919 1.798267 -0.789941
v -0.493665 1.609819 -0.709862
v -0.493665 1.797089 -0.790248
v -0.496949 1.610482 -0.711569
v -0.496949 1.795504 -0.790661
v -0.499643 1.611266 -0.713682
v -0.499643 1.793573 -0.791164
v -0.501646 1.612110 -0.716085
v -0.501646 1.791370 -0.791739
v -0.502879 1.612962 -0.718608
v -0.502879 1.788980 -0.792362
v -0.503295 1.613778 -0.721138
v -0.503295 1.786494 -0.793010
v -0.502879 1.614519 -0.723573
v -0.502879 1.784008 -0.793658
v -0.501646 1.615146 -0.725801
v -0.501646 1.781618 -0.794282
v -0.499643 1.615656 -0.727816
v -0.499643 1.779415 -0.794856
v -0.496949 1.616083 -0.729634
v -0.496949 1.777484 -0.795359
v -0.493665 1.616342 -0.730909
v -0.493665 1.775899 -0.795773
v -0.489919 1.616513 -0.731861
v -0.489919 1.774721 -0.796080
v -0.485854 1.616648 -0.732559
v -0.485854 1.773996 -0.796269
v -0.481627 1.694561 -0.714320
v -0.477400 1.694806 -0.714256
v -0.473335 1.695531 -0.714067
v -0.469589 1.696709 -0.713760
v -0.466306 1.698294 -0.713347
v -0.463611 1.700225 -0.712843
v -0.461609 1.702428 -0.712269
v -0.460376 1.704818 -0.711646
v -0.459959 1.707304 -0.710998
v -0.460376 1.709790 -0.710350
v -0.461609 1.712180 -0.709726
v -0.463611 1.714383 -0.709152
v -0.466306 1.716314 -0.708648
v -0.469589 1.717899 -0.708235
v -0.473335 1.719076 -0.707928
v -0.477400 1.719802 -0.707739
v -0.481627 1.720046 -0.707675
v -0.485854 1.719802 -0.707739
v -0.489919 1.719076 -0.707928
v -0.493665 1.717899 -0.708235
v -0.496949 1.716314 -0.708648
v -0.499643 1.714383 -0.709152
v -0.501646 1.712180 -0.709726
v -0.502879 1.709790 -0.710350
v -0.503295 1.707304 -0.710998
v -0.502879 1.704818 -0.711646
v -0.501646 1.702428 -0.712269
v -0.499643 1.700225 -0.712843
v -0.496949 1.698294 -0.713347
v -0.493665 1.696709 -0.713760
v -0.489919 1.695531 -0.714067
v -0.485854 1.694806 -0.714256
vt 1.000000 0.750000
vt 1.000000 1.000000
vt 0.968750 1.000000
vt 0.968750 0.750000
vt 0.937500 1.000000
vt 0.937500 0.750000
vt 0.906250 1.000000
vt 0.906250 0.750000
vt 0.875000 1.000000
vt 0.875000 0.750000
vt 0.843750 1.000000
vt 0.843750 0.750000
vt 0.812500 1.000000
vt 0.812500 0.750000
vt 0.781250 1.000000
vt 0.781250 0.750000
vt 0.750000 1.000000
vt 0.750000 0.750000
vt 0.718750 1.000000
vt 0.718750 0.750000
vt 0.687500 1.000000
vt 0.687500 0.750000
vt 0.656250 1.000000
vt 0.656250 0.750000
vt 0.625000 1.000000
vt 0.625000 0.750000
vt 0.593750 1.000000
vt 0.593750 0.750000
vt 0.562500 1.000000
vt 0.562500 0.750000
vt 0.531250 1.000000
vt 0.531250 0.750000
vt 0.500000 1.000000
vt 0.500000 0.750000
vt 0.468750 1.000000
vt 0.468750 0.750000
vt 0.437500 1.000000
vt 0.437500 0.750000
vt 0.406250 1.000000
vt 0.406250 0.750000
vt 0.375000 1.000000
vt 0.375000 0.750000
vt 0.343750 1.000000
vt 0.343750 0.750000
vt 0.312500 1.000000
vt 0.312500 0.750000
vt 0.281250 1.000000
vt 0.281250 0.750000
vt 0.250000 1.000000
vt 0.250000 0.750000
vt 0.218750 1.000000
vt 0.218750 0.750000
vt 0.187500 1.000000
vt 0.187500 0.750000
vt 0.156250 1.000000
vt 0.156250 0.750000
vt 0.125000 1.000000
vt 0.125000 0.750000
vt 0.093750 1.000000
vt 0.093750 0.750000
vt 0.062500 1.000000
vt 0.062500 0.750000
vt 0.296822 0.485388
vt 0.250000 0.490000
vt 0.203179 0.485389
vt 0.158156 0.471731
vt 0.116663 0.449553
vt 0.080295 0.419706
vt 0.050447 0.383337
vt 0.028269 0.341844
vt 0.014612 0.296822
vt 0.010000 0.250000
vt 0.014611 0.203179
vt 0.028269 0.158156
vt 0.050447 0.116663
vt 0.080294 0.080294
vt 0.116663 0.050447
vt 0.158156 0.028269
vt 0.203178 0.014612
vt 0.250000 0.010000
vt 0.296822 0.014612
vt 0.341844 0.028269
vt 0.383337 0.050447
vt 0.419706 0.080294
vt 0.449553 0.116663
vt 0.471731 0.158156
vt 0.485388 0.203178
vt 0.490000 0.250000
vt 0.485388 0.296822
vt 0.471731 0.341844
vt 0.449553 0.383337
vt 0.419706 0.419706
vt 0.383337 0.449553
vt 0.341844 0.471731
vt 0.031250 1.000000
vt 0.031250 0.750000
vt 0.000000 1.000000
vt 0.000000 0.750000
vt 0.750000 0.490000
vt 0.796822 0.485388
vt 0.841844 0.471731
vt 0.883337 0.449553
vt 0.919706 0.419706
vt 0.949553 0.383337
vt 0.971731 0.341844
vt 0.985388 0.296822
vt 0.990000 0.250000
vt 0.985388 0.203178
vt 0.971731 0.158156
vt 0.949553 0.116663
vt 0.919706 0.080294
vt 0.883337 0.050447
vt 0.841844 0.028269
vt 0.796822 0.014612
vt 0.750000 0.010000
vt 0.703178 0.014612
vt 0.658156 0.028269
vt 0.616663 0.050447
vt 0.580294 0.080294
vt 0.550447 0.116663
vt 0.528269 0.158156
vt 0.514611 0.203179
vt 0.510000 0.250000
vt 0.514612 0.296822
vt 0.528269 0.341844
vt 0.550447 0.383337
vt 0.580295 0.419706
vt 0.616663 0.449553
vt 0.658156 0.471731
vt 0.703179 0.485389
vt 0.031250 0.500000
vt 0.000000 0.500000
vt 0.062500 0.500000
vt 0.093750 0.500000
vt 0.125000 0.500000
vt 0.156250 0.500000
vt 0.187500 0.500000
vt 0.218750 0.500000
vt 0.250000 0.500000
vt 0.281250 0.500000
vt 0.312500 0.500000
vt 0.343750 0.500000
vt 0.375000 0.500000
vt 0.406250 0.500000
vt 0.437500 0.500000
vt 0.468750 0.500000
vt 0.500000 0.500000
vt 0.531250 0.500000
vt 0.562500 0.500000
vt 0.593750 0.500000
vt 0.625000 0.500000
vt 0.656250 0.500000
vt 0.687500 0.500000
vt 0.718750 0.500000
vt 0.750000 0.500000
vt 0.781250 0.500000
vt 0.812500 0.500000
vt 0.843750 0.500000
vt 0.875000 0.500000
vt 0.906250 0.500000
vt 0.937500 0.500000
vt 0.968750 0.500000
vt 1.000000 0.500000
vn 0.0000 -0.2665 -0.9638
vn 0.0000 -0.2862 -0.9582
vn 0.0641 -0.2843 -0.9566
vn 0.0895 -0.2655 -0.9599
vn 0.1319 -0.2782 -0.9514
vn 0.1850 -0.2615 -0.9473
vn 0.2078 -0.2660 -0.9413
vn 0.2850 -0.2528 -0.9246
vn 0.2969 -0.2434 -0.9233
vn 0.4221 -0.2376 -0.8748
vn 0.4050 -0.2017 -0.8918
vn 0.5769 -0.2109 -0.7891
vn 0.5330 -0.1245 -0.8369
vn 0.7617 -0.1695 -0.6254
vn 0.6632 0.0097 -0.7484
vn 0.9430 -0.1136 -0.3126
vn 0.7487 0.2047 -0.6304
vn 0.9948 -0.0327 0.0958
vn 0.7489 0.4221 -0.5108
vn 0.9078 0.0931 0.4088
vn 0.6737 0.6110 -0.4155
vn 0.7610 0.2091 0.6140
vn 0.5609 0.7502 -0.3501
vn 0.5996 0.2895 0.7460
vn 0.4391 0.8440 -0.3080
vn 0.4496 0.3399 0.8260
vn 0.3209 0.9042 -0.2818
vn 0.3219 0.3706 0.8712
vn 0.2093 0.9409 -0.2661
vn 0.2047 0.3891 0.8982
vn 0.1032 0.9607 -0.2578
vn 0.1008 0.3987 0.9115
vn 0.0000 0.9669 -0.2551
vn 0.0000 0.4020 0.9156
vn -0.1032 0.9607 -0.2578
vn -0.1008 0.3987 0.9115
vn -0.2093 0.9409 -0.2661
vn -0.2047 0.3891 0.8982
vn -0.3209 0.9042 -0.2818
vn -0.3219 0.3706 0.8712
vn -0.4391 0.8440 -0.3080
vn -0.4497 0.3399 0.8260
vn -0.5609 0.7502 -0.3501
vn -0.5996 0.2895 0.7460
vn -0.6737 0.6110 -0.4155
vn -0.7610 0.2091 0.6140
vn -0.7489 0.4221 -0.5108
vn -0.9078 0.0931 0.4088
vn -0.7487 0.2047 -0.6304
vn -0.9948 -0.0327 0.0958
vn -0.6632 0.0097 -0.7483
vn -0.9430 -0.1136 -0.3126
vn -0.5330 -0.1245 -0.8369
vn -0.7617 -0.1695 -0.6254
vn -0.4050 -0.2017 -0.8918
vn -0.5769 -0.2109 -0.7891
vn -0.2969 -0.2434 -0.9233
vn -0.4221 -0.2376 -0.8748
vn -0.2078 -0.2660 -0.9413
vn -0.2850 -0.2528 -0.9246
vn -0.1319 -0.2782 -0.9514
vn -0.1850 -0.2615 -0.9473
vn -0.0641 -0.2843 -0.9566
vn -0.0895 -0.2655 -0.9599
vn 0.0000 -0.4917 -0.8707
vn 0.0356 -0.4791 -0.8770
vn 0.0770 -0.4928 -0.8667
vn 0.1177 -0.4922 -0.8625
vn 0.1951 -0.4882 -0.8506
vn 0.2943 -0.5090 -0.8089
vn 0.4351 -0.5250 -0.7314
vn 0.6238 -0.5735 -0.5309
vn 0.7355 -0.6529 -0.1812
vn 0.6761 -0.7189 0.1611
vn 0.5394 -0.7566 0.3694
vn 0.4111 -0.7743 0.4811
vn 0.3016 -0.7839 0.5427
vn 0.2146 -0.7919 0.5717
vn 0.1365 -0.7887 0.5994
vn 0.0669 -0.7966 0.6008
vn 0.0000 -0.7900 0.6131
vn -0.0669 -0.7966 0.6008
vn -0.1365 -0.7887 0.5994
vn -0.2147 -0.7919 0.5717
vn -0.3016 -0.7839 0.5427
vn -0.4111 -0.7743 0.4811
vn -0.5394 -0.7566 0.3694
vn -0.6761 -0.7189 0.1611
vn -0.7355 -0.6529 -0.1812
vn -0.6238 -0.5735 -0.5309
vn -0.4351 -0.5250 -0.7314
vn -0.2943 -0.5090 -0.8089
vn -0.1951 -0.4882 -0.8506
vn -0.1177 -0.4922 -0.8625
vn -0.0770 -0.4928 -0.8667
vn -0.0356 -0.4792 -0.8770
usemtl None
s 1
f 5231/5847/2189 5168/5848/2190 5170/5849/2191 5232/5850/2192
f 5232/5850/2192 5170/5849/2191 5172/5851/2193 5233/5852/2194
f 5233/5852/2194 5172/5851/2193 5174/5853/2195 5234/5854/2196
f 5234/5854/2196 5174/5853/2195 5176/5855/2197 5235/5856/2198
f 5235/5856/2198 5176/5855/2197 5178/5857/2199 5236/5858/2200
f 5236/5858/2200 5178/5857/2199 5180/5859/2201 5237/5860/2202
f 5237/5860/2202 5180/5859/2201 5182/5861/2203 5238/5862/2204
f 5238/5862/2204 5182/5861/2203 5184/5863/2205 5239/5864/2206
f 5239/5864/2206 5184/5863/2205 5186/5865/2207 5240/5866/2208
f 5240/5866/2208 5186/5865/2207 5188/5867/2209 5241/5868/2210
f 5241/5868/2210 5188/5867/2209 5190/5869/2211 5242/5870/2212
f 5242/5870/2212 5190/5869/2211 5192/5871/2213 5243/5872/2214
f 5243/5872/2214 5192/5871/2213 5194/5873/2215 5244/5874/2216
f 5244/5874/2216 5194/5873/2215 5196/5875/2217 5245/5876/2218
f 5245/5876/2218 5196/5875/2217 5198/5877/2219 5246/5878/2220
f 5246/5878/2220 5198/5877/2219 5200/5879/2221 5247/5880/2222
f 5247/5880/2222 5200/5879/2221 5202/5881/2223 5248/5882/2224
f 5248/5882/2224 5202/5881/2223 5204/5883/2225 5249/5884/2226
f 5249/5884/2226 5204/5883/2225 5206/5885/2227 5250/5886/2228
f 5250/5886/2228 5206/5885/2227 5208/5887/2229 5251/5888/2230
f 5251/5888/2230 5208/5887/2229 5210/5889/2231 5252/5890/2232
f 5252/5890/2232 5210/5889/2231 5212/5891/2233 5253/5892/2234
f 5253/5892/2234 5212/5891/2233 5214/5893/2235 5254/5894/2236
f 5254/5894/2236 5214/5893/2235 5216/5895/2237 5255/5896/2238
f 5255/5896/2238 5216/5895/2237 5218/5897/2239 5256/5898/2240
f 5256/5898/2240 5218/5897/2239 5220/5899/2241 5257/5900/2242
f 5257/5900/2242 5220/5899/2241 5222/5901/2243 5258/5902/2244
f 5258/5902/2244 5222/5901/2243 5224/5903/2245 5259/5904/2246
f 5259/5904/2246 5224/5903/2245 5226/5905/2247 5260/5906/2248
f 5260/5906/2248 5226/5905/2247 5228/5907/2249 5261/5908/2250
f 5170/5909/2191 5168/5910/2190 5230/5911/2251 5228/5912/2249 5226/5913/2247 5224/5914/2245 5222/5915/2243 5220/5916/2241 5218/5917/2239 5216/5918/2237 5214/5919/2235 5212/5920/2233 5210/5921/2231 5208/5922/2229 5206/5923/2227 5204/5924/2225 5202/5925/2223 5200/5926/2221 5198/5927/2219 5196/5928/2217 5194/5929/2215 5192/5930/2213 5190/5931/2211 5188/5932/2209 5186/5933/2207 5184/5934/2205 5182/5935/2203 5180/5936/2201 5178/5937/2199 5176/5938/2197 5174/5939/2195 5172/5940/2193
f 5261/5908/2250 5228/5907/2249 5230/5941/2251 5262/5942/2252
f 5262/5942/2252 5230/5941/2251 5168/5943/2190 5231/5944/2189
f 5167/5945/2253 5169/5946/2254 5171/5947/2255 5173/5948/2256 5175/5949/2257 5177/5950/2258 5179/5951/2259 5181/5952/2260 5183/5953/2261 5185/5954/2262 5187/5955/2263 5189/5956/2264 5191/5957/2265 5193/5958/2266 5195/5959/2267 5197/5960/2268 5199/5961/2269 5201/5962/2270 5203/5963/2271 5205/5964/2272 5207/5965/2273 5209/5966/2274 5211/5967/2275 5213/5968/2276 5215/5969/2277 5217/5970/2278 5219/5971/2279 5221/5972/2280 5223/5973/2281 5225/5974/2282 5227/5975/2283 5229/5976/2284
f 5229/5977/2284 5262/5942/2252 5231/5944/2189 5167/5978/2253
f 5227/5979/2283 5261/5908/2250 5262/5942/2252 5229/5977/2284
f 5225/5980/2282 5260/5906/2248 5261/5908/2250 5227/5979/2283
f 5223/5981/2281 5259/5904/2246 5260/5906/2248 5225/5980/2282
f 5221/5982/2280 5258/5902/2244 5259/5904/2246 5223/5981/2281
f 5219/5983/2279 5257/5900/2242 5258/5902/2244 5221/5982/2280
f 5217/5984/2278 5256/5898/2240 5257/5900/2242 5219/5983/2279
f 5215/5985/2277 5255/5896/2238 5256/5898/2240 5217/5984/2278
f 5213/5986/2276 5254/5894/2236 5255/5896/2238 5215/5985/2277
f 5211/5987/2275 5253/5892/2234 5254/5894/2236 5213/5986/2276
f 5209/5988/2274 5252/5890/2232 5253/5892/2234 5211/5987/2275
f 5207/5989/2273 5251/5888/2230 5252/5890/2232 5209/5988/2274
f 5205/5990/2272 5250/5886/2228 5251/5888/2230 5207/5989/2273
f 5203/5991/2271 5249/5884/2226 5250/5886/2228 5205/5990/2272
f 5201/5992/2270 5248/5882/2224 5249/5884/2226 5203/5991/2271
f 5199/5993/2269 5247/5880/2222 5248/5882/2224 5201/5992/2270
f 5197/5994/2268 5246/5878/2220 5247/5880/2222 5199/5993/2269
f 5195/5995/2267 5245/5876/2218 5246/5878/2220 5197/5994/2268
f 5193/5996/2266 5244/5874/2216 5245/5876/2218 5195/5995/2267
f 5191/5997/2265 5243/5872/2214 5244/5874/2216 5193/5996/2266
f 5189/5998/2264 5242/5870/2212 5243/5872/2214 5191/5997/2265
f 5187/5999/2263 5241/5868/2210 5242/5870/2212 5189/5998/2264
f 5185/6000/2262 5240/5866/2208 5241/5868/2210 5187/5999/2263
f 5183/6001/2261 5239/5864/2206 5240/5866/2208 5185/6000/2262
f 5181/6002/2260 5238/5862/2204 5239/5864/2206 5183/6001/2261
f 5179/6003/2259 5237/5860/2202 5238/5862/2204 5181/6002/2260
f 5177/6004/2258 5236/5858/2200 5237/5860/2202 5179/6003/2259
f 5175/6005/2257 5235/5856/2198 5236/5858/2200 5177/6004/2258
f 5173/6006/2256 5234/5854/2196 5235/5856/2198 5175/6005/2257
f 5171/6007/2255 5233/5852/2194 5234/5854/2196 5173/6006/2256
f 5169/6008/2254 5232/5850/2192 5233/5852/2194 5171/6007/2255
f 5167/6009/2253 5231/5847/2189 5232/5850/2192 5169/6008/2254
o tragaci_pompa.001_Cylinder.002
v -0.121019 1.616656 -0.732658
v -0.121019 1.773751 -0.796333
v -0.116791 1.616648 -0.732559
v -0.116791 1.773996 -0.796269
v -0.112727 1.616513 -0.731861
v -0.112727 1.774721 -0.796080
v -0.108980 1.616342 -0.730908
v -0.108980 1.775899 -0.795773
v -0.105697 1.616083 -0.729634
v -0.105697 1.777484 -0.795359
v -0.103002 1.615656 -0.727816
v -0.103002 1.779415 -0.794856
v -0.101000 1.615146 -0.725801
v -0.101000 1.781618 -0.794282
v -0.099767 1.614519 -0.723573
v -0.099767 1.784008 -0.793658
v -0.099351 1.613778 -0.721138
v -0.099351 1.786494 -0.793010
v -0.099767 1.612962 -0.718608
v -0.099767 1.788980 -0.792362
v -0.101000 1.612110 -0.716085
v -0.101000 1.791370 -0.791739
v -0.103002 1.611266 -0.713682
v -0.103002 1.793573 -0.791164
v -0.105697 1.610482 -0.711569
v -0.105697 1.795504 -0.790661
v -0.108980 1.609819 -0.709862
v -0.108980 1.797089 -0.790248
v -0.112727 1.609315 -0.708521
v -0.112727 1.798267 -0.789941
v -0.116791 1.609002 -0.707789
v -0.116791 1.798992 -0.789752
v -0.121019 1.608882 -0.707453
v -0.121019 1.799237 -0.789688
v -0.125246 1.609002 -0.707789
v -0.125246 1.798992 -0.789752
v -0.129310 1.609315 -0.708521
v -0.129310 1.798267 -0.789941
v -0.133057 1.609819 -0.709862
v -0.133057 1.797089 -0.790248
v -0.136340 1.610482 -0.711569
v -0.136340 1.795504 -0.790661
v -0.139035 1.611266 -0.713682
v -0.139035 1.793573 -0.791164
v -0.141037 1.612110 -0.716085
v -0.141037 1.791370 -0.791739
v -0.142270 1.612962 -0.718608
v -0.142270 1.788980 -0.792362
v -0.142686 1.613778 -0.721138
v -0.142686 1.786494 -0.793010
v -0.142270 1.614519 -0.723573
v -0.142270 1.784008 -0.793658
v -0.141037 1.615146 -0.725801
v -0.141037 1.781618 -0.794282
v -0.139035 1.615656 -0.727816
v -0.139035 1.779415 -0.794856
v -0.136340 1.616083 -0.729634
v -0.136340 1.777484 -0.795359
v -0.133057 1.616342 -0.730909
v -0.133057 1.775899 -0.795773
v -0.129310 1.616513 -0.731861
v -0.129310 1.774721 -0.796080
v -0.125246 1.616648 -0.732559
v -0.125246 1.773996 -0.796269
v -0.121019 1.694561 -0.714320
v -0.116791 1.694806 -0.714256
v -0.112727 1.695531 -0.714067
v -0.108980 1.696709 -0.713760
v -0.105697 1.698294 -0.713347
v -0.103002 1.700225 -0.712843
v -0.101000 1.702428 -0.712269
v -0.099767 1.704818 -0.711646
v -0.099351 1.707304 -0.710998
v -0.099767 1.709790 -0.710350
v -0.101000 1.712180 -0.709726
v -0.103002 1.714383 -0.709152
v -0.105697 1.716314 -0.708648
v -0.108980 1.717899 -0.708235
v -0.112727 1.719076 -0.707928
v -0.116791 1.719802 -0.707739
v -0.121019 1.720046 -0.707675
v -0.125246 1.719802 -0.707739
v -0.129310 1.719076 -0.707928
v -0.133057 1.717899 -0.708235
v -0.136340 1.716314 -0.708648
v -0.139035 1.714383 -0.709152
v -0.141037 1.712180 -0.709726
v -0.142270 1.709790 -0.710350
v -0.142686 1.707304 -0.710998
v -0.142270 1.704818 -0.711646
v -0.141037 1.702428 -0.712269
v -0.139035 1.700225 -0.712843
v -0.136340 1.698294 -0.713347
v -0.133057 1.696709 -0.713760
v -0.129310 1.695531 -0.714067
v -0.125246 1.694806 -0.714256
vt 1.000000 0.750000
vt 1.000000 1.000000
vt 0.968750 1.000000
vt 0.968750 0.750000
vt 0.937500 1.000000
vt 0.937500 0.750000
vt 0.906250 1.000000
vt 0.906250 0.750000
vt 0.875000 1.000000
vt 0.875000 0.750000
vt 0.843750 1.000000
vt 0.843750 0.750000
vt 0.812500 1.000000
vt 0.812500 0.750000
vt 0.781250 1.000000
vt 0.781250 0.750000
vt 0.750000 1.000000
vt 0.750000 0.750000
vt 0.718750 1.000000
vt 0.718750 0.750000
vt 0.687500 1.000000
vt 0.687500 0.750000
vt 0.656250 1.000000
vt 0.656250 0.750000
vt 0.625000 1.000000
vt 0.625000 0.750000
vt 0.593750 1.000000
vt 0.593750 0.750000
vt 0.562500 1.000000
vt 0.562500 0.750000
vt 0.531250 1.000000
vt 0.531250 0.750000
vt 0.500000 1.000000
vt 0.500000 0.750000
vt 0.468750 1.000000
vt 0.468750 0.750000
vt 0.437500 1.000000
vt 0.437500 0.750000
vt 0.406250 1.000000
vt 0.406250 0.750000
vt 0.375000 1.000000
vt 0.375000 0.750000
vt 0.343750 1.000000
vt 0.343750 0.750000
vt 0.312500 1.000000
vt 0.312500 0.750000
vt 0.281250 1.000000
vt 0.281250 0.750000
vt 0.250000 1.000000
vt 0.250000 0.750000
vt 0.218750 1.000000
vt 0.218750 0.750000
vt 0.187500 1.000000
vt 0.187500 0.750000
vt 0.156250 1.000000
vt 0.156250 0.750000
vt 0.125000 1.000000
vt 0.125000 0.750000
vt 0.093750 1.000000
vt 0.093750 0.750000
vt 0.062500 1.000000
vt 0.062500 0.750000
vt 0.296822 0.485388
vt 0.250000 0.490000
vt 0.203179 0.485389
vt 0.158156 0.471731
vt 0.116663 0.449553
vt 0.080295 0.419706
vt 0.050447 0.383337
vt 0.028269 0.341844
vt 0.014612 0.296822
vt 0.010000 0.250000
vt 0.014611 0.203179
vt 0.028269 0.158156
vt 0.050447 0.116663
vt 0.080294 0.080294
vt 0.116663 0.050447
vt 0.158156 0.028269
vt 0.203178 0.014612
vt 0.250000 0.010000
vt 0.296822 0.014612
vt 0.341844 0.028269
vt 0.383337 0.050447
vt 0.419706 0.080294
vt 0.449553 0.116663
vt 0.471731 0.158156
vt 0.485388 0.203178
vt 0.490000 0.250000
vt 0.485388 0.296822
vt 0.471731 0.341844
vt 0.449553 0.383337
vt 0.419706 0.419706
vt 0.383337 0.449553
vt 0.341844 0.471731
vt 0.031250 1.000000
vt 0.031250 0.750000
vt 0.000000 1.000000
vt 0.000000 0.750000
vt 0.750000 0.490000
vt 0.796822 0.485388
vt 0.841844 0.471731
vt 0.883337 0.449553
vt 0.919706 0.419706
vt 0.949553 0.383337
vt 0.971731 0.341844
vt 0.985388 0.296822
vt 0.990000 0.250000
vt 0.985388 0.203178
vt 0.971731 0.158156
vt 0.949553 0.116663
vt 0.919706 0.080294
vt 0.883337 0.050447
vt 0.841844 0.028269
vt 0.796822 0.014612
vt 0.750000 0.010000
vt 0.703178 0.014612
vt 0.658156 0.028269
vt 0.616663 0.050447
vt 0.580294 0.080294
vt 0.550447 0.116663
vt 0.528269 0.158156
vt 0.514611 0.203179
vt 0.510000 0.250000
vt 0.514612 0.296822
vt 0.528269 0.341844
vt 0.550447 0.383337
vt 0.580295 0.419706
vt 0.616663 0.449553
vt 0.658156 0.471731
vt 0.703179 0.485389
vt 0.031250 0.500000
vt 0.000000 0.500000
vt 0.062500 0.500000
vt 0.093750 0.500000
vt 0.125000 0.500000
vt 0.156250 0.500000
vt 0.187500 0.500000
vt 0.218750 0.500000
vt 0.250000 0.500000
vt 0.281250 0.500000
vt 0.312500 0.500000
vt 0.343750 0.500000
vt 0.375000 0.500000
vt 0.406250 0.500000
vt 0.437500 0.500000
vt 0.468750 0.500000
vt 0.500000 0.500000
vt 0.531250 0.500000
vt 0.562500 0.500000
vt 0.593750 0.500000
vt 0.625000 0.500000
vt 0.656250 0.500000
vt 0.687500 0.500000
vt 0.718750 0.500000
vt 0.750000 0.500000
vt 0.781250 0.500000
vt 0.812500 0.500000
vt 0.843750 0.500000
vt 0.875000 0.500000
vt 0.906250 0.500000
vt 0.937500 0.500000
vt 0.968750 0.500000
vt 1.000000 0.500000
vn 0.0000 -0.2665 -0.9638
vn 0.0000 -0.2862 -0.9582
vn 0.0641 -0.2843 -0.9566
vn 0.0895 -0.2655 -0.9599
vn 0.1319 -0.2782 -0.9514
vn 0.1850 -0.2615 -0.9473
vn 0.2078 -0.2660 -0.9413
vn 0.2850 -0.2528 -0.9246
vn 0.2969 -0.2434 -0.9233
vn 0.4221 -0.2376 -0.8748
vn 0.4050 -0.2017 -0.8918
vn 0.5769 -0.2109 -0.7891
vn 0.5330 -0.1245 -0.8369
vn 0.7617 -0.1695 -0.6254
vn 0.6632 0.0097 -0.7484
vn 0.9430 -0.1136 -0.3126
vn 0.7487 0.2047 -0.6304
vn 0.9948 -0.0327 0.0958
vn 0.7489 0.4221 -0.5108
vn 0.9078 0.0931 0.4088
vn 0.6737 0.6110 -0.4155
vn 0.7610 0.2091 0.6140
vn 0.5609 0.7502 -0.3501
vn 0.5996 0.2895 0.7460
vn 0.4391 0.8440 -0.3080
vn 0.4496 0.3399 0.8260
vn 0.3209 0.9042 -0.2818
vn 0.3219 0.3706 0.8712
vn 0.2093 0.9409 -0.2661
vn 0.2047 0.3891 0.8982
vn 0.1032 0.9607 -0.2578
vn 0.1008 0.3987 0.9115
vn 0.0000 0.9669 -0.2551
vn 0.0000 0.4020 0.9156
vn -0.1032 0.9607 -0.2578
vn -0.1008 0.3987 0.9115
vn -0.2093 0.9409 -0.2661
vn -0.2047 0.3891 0.8982
vn -0.3209 0.9042 -0.2818
vn -0.3219 0.3706 0.8712
vn -0.4391 0.8440 -0.3080
vn -0.4497 0.3399 0.8260
vn -0.5609 0.7502 -0.3501
vn -0.5996 0.2895 0.7460
vn -0.6737 0.6110 -0.4155
vn -0.7610 0.2091 0.6140
vn -0.7489 0.4221 -0.5108
vn -0.9078 0.0931 0.4088
vn -0.7487 0.2047 -0.6304
vn -0.9948 -0.0327 0.0958
vn -0.6632 0.0097 -0.7483
vn -0.9430 -0.1136 -0.3126
vn -0.5330 -0.1245 -0.8369
vn -0.7617 -0.1695 -0.6254
vn -0.4050 -0.2017 -0.8918
vn -0.5769 -0.2109 -0.7891
vn -0.2969 -0.2434 -0.9233
vn -0.4221 -0.2376 -0.8748
vn -0.2078 -0.2660 -0.9413
vn -0.2850 -0.2528 -0.9246
vn -0.1319 -0.2782 -0.9514
vn -0.1850 -0.2615 -0.9473
vn -0.0641 -0.2843 -0.9566
vn -0.0895 -0.2655 -0.9599
vn 0.0000 -0.4917 -0.8707
vn 0.0356 -0.4791 -0.8770
vn 0.0770 -0.4928 -0.8667
vn 0.1177 -0.4922 -0.8625
vn 0.1951 -0.4882 -0.8506
vn 0.2943 -0.5090 -0.8089
vn 0.4351 -0.5250 -0.7314
vn 0.6238 -0.5735 -0.5309
vn 0.7355 -0.6529 -0.1812
vn 0.6761 -0.7189 0.1611
vn 0.5394 -0.7566 0.3694
vn 0.4111 -0.7743 0.4811
vn 0.3016 -0.7839 0.5427
vn 0.2146 -0.7919 0.5717
vn 0.1365 -0.7887 0.5994
vn 0.0669 -0.7966 0.6008
vn 0.0000 -0.7900 0.6131
vn -0.0669 -0.7966 0.6008
vn -0.1365 -0.7887 0.5994
vn -0.2147 -0.7919 0.5717
vn -0.3016 -0.7839 0.5427
vn -0.4111 -0.7743 0.4811
vn -0.5394 -0.7566 0.3694
vn -0.6761 -0.7189 0.1611
vn -0.7355 -0.6529 -0.1812
vn -0.6238 -0.5735 -0.5309
vn -0.4351 -0.5250 -0.7314
vn -0.2943 -0.5090 -0.8089
vn -0.1951 -0.4882 -0.8506
vn -0.1177 -0.4922 -0.8625
vn -0.0770 -0.4928 -0.8667
vn -0.0356 -0.4791 -0.8770
usemtl None
s 1
f 5327/6010/2285 5264/6011/2286 5266/6012/2287 5328/6013/2288
f 5328/6013/2288 5266/6012/2287 5268/6014/2289 5329/6015/2290
f 5329/6015/2290 5268/6014/2289 5270/6016/2291 5330/6017/2292
f 5330/6017/2292 5270/6016/2291 5272/6018/2293 5331/6019/2294
f 5331/6019/2294 5272/6018/2293 5274/6020/2295 5332/6021/2296
f 5332/6021/2296 5274/6020/2295 5276/6022/2297 5333/6023/2298
f 5333/6023/2298 5276/6022/2297 5278/6024/2299 5334/6025/2300
f 5334/6025/2300 5278/6024/2299 5280/6026/2301 5335/6027/2302
f 5335/6027/2302 5280/6026/2301 5282/6028/2303 5336/6029/2304
f 5336/6029/2304 5282/6028/2303 5284/6030/2305 5337/6031/2306
f 5337/6031/2306 5284/6030/2305 5286/6032/2307 5338/6033/2308
f 5338/6033/2308 5286/6032/2307 5288/6034/2309 5339/6035/2310
f 5339/6035/2310 5288/6034/2309 5290/6036/2311 5340/6037/2312
f 5340/6037/2312 5290/6036/2311 5292/6038/2313 5341/6039/2314
f 5341/6039/2314 5292/6038/2313 5294/6040/2315 5342/6041/2316
f 5342/6041/2316 5294/6040/2315 5296/6042/2317 5343/6043/2318
f 5343/6043/2318 5296/6042/2317 5298/6044/2319 5344/6045/2320
f 5344/6045/2320 5298/6044/2319 5300/6046/2321 5345/6047/2322
f 5345/6047/2322 5300/6046/2321 5302/6048/2323 5346/6049/2324
f 5346/6049/2324 5302/6048/2323 5304/6050/2325 5347/6051/2326
f 5347/6051/2326 5304/6050/2325 5306/6052/2327 5348/6053/2328
f 5348/6053/2328 5306/6052/2327 5308/6054/2329 5349/6055/2330
f 5349/6055/2330 5308/6054/2329 5310/6056/2331 5350/6057/2332
f 5350/6057/2332 5310/6056/2331 5312/6058/2333 5351/6059/2334
f 5351/6059/2334 5312/6058/2333 5314/6060/2335 5352/6061/2336
f 5352/6061/2336 5314/6060/2335 5316/6062/2337 5353/6063/2338
f 5353/6063/2338 5316/6062/2337 5318/6064/2339 5354/6065/2340
f 5354/6065/2340 5318/6064/2339 5320/6066/2341 5355/6067/2342
f 5355/6067/2342 5320/6066/2341 5322/6068/2343 5356/6069/2344
f 5356/6069/2344 5322/6068/2343 5324/6070/2345 5357/6071/2346
f 5266/6072/2287 5264/6073/2286 5326/6074/2347 5324/6075/2345 5322/6076/2343 5320/6077/2341 5318/6078/2339 5316/6079/2337 5314/6080/2335 5312/6081/2333 5310/6082/2331 5308/6083/2329 5306/6084/2327 5304/6085/2325 5302/6086/2323 5300/6087/2321 5298/6088/2319 5296/6089/2317 5294/6090/2315 5292/6091/2313 5290/6092/2311 5288/6093/2309 5286/6094/2307 5284/6095/2305 5282/6096/2303 5280/6097/2301 5278/6098/2299 5276/6099/2297 5274/6100/2295 5272/6101/2293 5270/6102/2291 5268/6103/2289
f 5357/6071/2346 5324/6070/2345 5326/6104/2347 5358/6105/2348
f 5358/6105/2348 5326/6104/2347 5264/6106/2286 5327/6107/2285
f 5263/6108/2349 5265/6109/2350 5267/6110/2351 5269/6111/2352 5271/6112/2353 5273/6113/2354 5275/6114/2355 5277/6115/2356 5279/6116/2357 5281/6117/2358 5283/6118/2359 5285/6119/2360 5287/6120/2361 5289/6121/2362 5291/6122/2363 5293/6123/2364 5295/6124/2365 5297/6125/2366 5299/6126/2367 5301/6127/2368 5303/6128/2369 5305/6129/2370 5307/6130/2371 5309/6131/2372 5311/6132/2373 5313/6133/2374 5315/6134/2375 5317/6135/2376 5319/6136/2377 5321/6137/2378 5323/6138/2379 5325/6139/2380
f 5325/6140/2380 5358/6105/2348 5327/6107/2285 5263/6141/2349
f 5323/6142/2379 5357/6071/2346 5358/6105/2348 5325/6140/2380
f 5321/6143/2378 5356/6069/2344 5357/6071/2346 5323/6142/2379
f 5319/6144/2377 5355/6067/2342 5356/6069/2344 5321/6143/2378
f 5317/6145/2376 5354/6065/2340 5355/6067/2342 5319/6144/2377
f 5315/6146/2375 5353/6063/2338 5354/6065/2340 5317/6145/2376
f 5313/6147/2374 5352/6061/2336 5353/6063/2338 5315/6146/2375
f 5311/6148/2373 5351/6059/2334 5352/6061/2336 5313/6147/2374
f 5309/6149/2372 5350/6057/2332 5351/6059/2334 5311/6148/2373
f 5307/6150/2371 5349/6055/2330 5350/6057/2332 5309/6149/2372
f 5305/6151/2370 5348/6053/2328 5349/6055/2330 5307/6150/2371
f 5303/6152/2369 5347/6051/2326 5348/6053/2328 5305/6151/2370
f 5301/6153/2368 5346/6049/2324 5347/6051/2326 5303/6152/2369
f 5299/6154/2367 5345/6047/2322 5346/6049/2324 5301/6153/2368
f 5297/6155/2366 5344/6045/2320 5345/6047/2322 5299/6154/2367
f 5295/6156/2365 5343/6043/2318 5344/6045/2320 5297/6155/2366
f 5293/6157/2364 5342/6041/2316 5343/6043/2318 5295/6156/2365
f 5291/6158/2363 5341/6039/2314 5342/6041/2316 5293/6157/2364
f 5289/6159/2362 5340/6037/2312 5341/6039/2314 5291/6158/2363
f 5287/6160/2361 5339/6035/2310 5340/6037/2312 5289/6159/2362
f 5285/6161/2360 5338/6033/2308 5339/6035/2310 5287/6160/2361
f 5283/6162/2359 5337/6031/2306 5338/6033/2308 5285/6161/2360
f 5281/6163/2358 5336/6029/2304 5337/6031/2306 5283/6162/2359
f 5279/6164/2357 5335/6027/2302 5336/6029/2304 5281/6163/2358
f 5277/6165/2356 5334/6025/2300 5335/6027/2302 5279/6164/2357
f 5275/6166/2355 5333/6023/2298 5334/6025/2300 5277/6165/2356
f 5273/6167/2354 5332/6021/2296 5333/6023/2298 5275/6166/2355
f 5271/6168/2353 5331/6019/2294 5332/6021/2296 5273/6167/2354
f 5269/6169/2352 5330/6017/2292 5331/6019/2294 5271/6168/2353
f 5267/6170/2351 5329/6015/2290 5330/6017/2292 5269/6169/2352
f 5265/6171/2350 5328/6013/2288 5329/6015/2290 5267/6170/2351
f 5263/6172/2349 5327/6010/2285 5328/6013/2288 5265/6171/2350
o tragaci_pompa.002_Cylinder.003
v -0.831085 1.616656 -0.732658
v -0.831085 1.773751 -0.796333
v -0.826858 1.616648 -0.732559
v -0.826858 1.773996 -0.796269
v -0.822793 1.616513 -0.731861
v -0.822793 1.774721 -0.796080
v -0.819047 1.616342 -0.730908
v -0.819047 1.775899 -0.795773
v -0.815764 1.616083 -0.729634
v -0.815764 1.777484 -0.795359
v -0.813069 1.615656 -0.727816
v -0.813069 1.779415 -0.794856
v -0.811067 1.615146 -0.725801
v -0.811067 1.781618 -0.794282
v -0.809834 1.614519 -0.723573
v -0.809834 1.784008 -0.793658
v -0.809418 1.613778 -0.721138
v -0.809418 1.786494 -0.793010
v -0.809834 1.612962 -0.718608
v -0.809834 1.788980 -0.792362
v -0.811067 1.612110 -0.716085
v -0.811067 1.791370 -0.791739
v -0.813069 1.611266 -0.713682
v -0.813069 1.793573 -0.791164
v -0.815764 1.610482 -0.711569
v -0.815764 1.795504 -0.790661
v -0.819047 1.609819 -0.709862
v -0.819047 1.797089 -0.790248
v -0.822793 1.609315 -0.708521
v -0.822793 1.798267 -0.789941
v -0.826858 1.609002 -0.707789
v -0.826858 1.798992 -0.789752
v -0.831085 1.608882 -0.707453
v -0.831085 1.799237 -0.789688
v -0.835313 1.609002 -0.707789
v -0.835313 1.798992 -0.789752
v -0.839377 1.609315 -0.708521
v -0.839377 1.798267 -0.789941
v -0.843123 1.609819 -0.709862
v -0.843123 1.797089 -0.790248
v -0.846407 1.610482 -0.711569
v -0.846407 1.795504 -0.790661
v -0.849102 1.611266 -0.713682
v -0.849102 1.793573 -0.791164
v -0.851104 1.612110 -0.716085
v -0.851104 1.791370 -0.791739
v -0.852337 1.612962 -0.718608
v -0.852337 1.788980 -0.792362
v -0.852753 1.613778 -0.721138
v -0.852753 1.786494 -0.793010
v -0.852337 1.614519 -0.723573
v -0.852337 1.784008 -0.793658
v -0.851104 1.615146 -0.725801
v -0.851104 1.781618 -0.794282
v -0.849102 1.615656 -0.727816
v -0.849102 1.779415 -0.794856
v -0.846407 1.616083 -0.729634
v -0.846407 1.777484 -0.795359
v -0.843123 1.616342 -0.730909
v -0.843123 1.775899 -0.795773
v -0.839377 1.616513 -0.731861
v -0.839377 1.774721 -0.796080
v -0.835313 1.616648 -0.732559
v -0.835313 1.773996 -0.796269
v -0.831085 1.694561 -0.714320
v -0.826858 1.694806 -0.714256
v -0.822793 1.695531 -0.714067
v -0.819047 1.696709 -0.713760
v -0.815764 1.698294 -0.713347
v -0.813069 1.700225 -0.712843
v -0.811067 1.702428 -0.712269
v -0.809834 1.704818 -0.711646
v -0.809418 1.707304 -0.710998
v -0.809834 1.709790 -0.710350
v -0.811067 1.712180 -0.709726
v -0.813069 1.714383 -0.709152
v -0.815764 1.716314 -0.708648
v -0.819047 1.717899 -0.708235
v -0.822793 1.719076 -0.707928
v -0.826858 1.719802 -0.707739
v -0.831085 1.720046 -0.707675
v -0.835313 1.719802 -0.707739
v -0.839377 1.719076 -0.707928
v -0.843123 1.717899 -0.708235
v -0.846407 1.716314 -0.708648
v -0.849102 1.714383 -0.709152
v -0.851104 1.712180 -0.709726
v -0.852337 1.709790 -0.710350
v -0.852753 1.707304 -0.710998
v -0.852337 1.704818 -0.711646
v -0.851104 1.702428 -0.712269
v -0.849102 1.700225 -0.712843
v -0.846407 1.698294 -0.713347
v -0.843123 1.696709 -0.713760
v -0.839377 1.695531 -0.714067
v -0.835313 1.694806 -0.714256
vt 1.000000 0.750000
vt 1.000000 1.000000
vt 0.968750 1.000000
vt 0.968750 0.750000
vt 0.937500 1.000000
vt 0.937500 0.750000
vt 0.906250 1.000000
vt 0.906250 0.750000
vt 0.875000 1.000000
vt 0.875000 0.750000
vt 0.843750 1.000000
vt 0.843750 0.750000
vt 0.812500 1.000000
vt 0.812500 0.750000
vt 0.781250 1.000000
vt 0.781250 0.750000
vt 0.750000 1.000000
vt 0.750000 0.750000
vt 0.718750 1.000000
vt 0.718750 0.750000
vt 0.687500 1.000000
vt 0.687500 0.750000
vt 0.656250 1.000000
vt 0.656250 0.750000
vt 0.625000 1.000000
vt 0.625000 0.750000
vt 0.593750 1.000000
vt 0.593750 0.750000
vt 0.562500 1.000000
vt 0.562500 0.750000
vt 0.531250 1.000000
vt 0.531250 0.750000
vt 0.500000 1.000000
vt 0.500000 0.750000
vt 0.468750 1.000000
vt 0.468750 0.750000
vt 0.437500 1.000000
vt 0.437500 0.750000
vt 0.406250 1.000000
vt 0.406250 0.750000
vt 0.375000 1.000000
vt 0.375000 0.750000
vt 0.343750 1.000000
vt 0.343750 0.750000
vt 0.312500 1.000000
vt 0.312500 0.750000
vt 0.281250 1.000000
vt 0.281250 0.750000
vt 0.250000 1.000000
vt 0.250000 0.750000
vt 0.218750 1.000000
vt 0.218750 0.750000
vt 0.187500 1.000000
vt 0.187500 0.750000
vt 0.156250 1.000000
vt 0.156250 0.750000
vt 0.125000 1.000000
vt 0.125000 0.750000
vt 0.093750 1.000000
vt 0.093750 0.750000
vt 0.062500 1.000000
vt 0.062500 0.750000
vt 0.296822 0.485388
vt 0.250000 0.490000
vt 0.203179 0.485389
vt 0.158156 0.471731
vt 0.116663 0.449553
vt 0.080295 0.419706
vt 0.050447 0.383337
vt 0.028269 0.341844
vt 0.014612 0.296822
vt 0.010000 0.250000
vt 0.014611 0.203179
vt 0.028269 0.158156
vt 0.050447 0.116663
vt 0.080294 0.080294
vt 0.116663 0.050447
vt 0.158156 0.028269
vt 0.203178 0.014612
vt 0.250000 0.010000
vt 0.296822 0.014612
vt 0.341844 0.028269
vt 0.383337 0.050447
vt 0.419706 0.080294
vt 0.449553 0.116663
vt 0.471731 0.158156
vt 0.485388 0.203178
vt 0.490000 0.250000
vt 0.485388 0.296822
vt 0.471731 0.341844
vt 0.449553 0.383337
vt 0.419706 0.419706
vt 0.383337 0.449553
vt 0.341844 0.471731
vt 0.031250 1.000000
vt 0.031250 0.750000
vt 0.000000 1.000000
vt 0.000000 0.750000
vt 0.750000 0.490000
vt 0.796822 0.485388
vt 0.841844 0.471731
vt 0.883337 0.449553
vt 0.919706 0.419706
vt 0.949553 0.383337
vt 0.971731 0.341844
vt 0.985388 0.296822
vt 0.990000 0.250000
vt 0.985388 0.203178
vt 0.971731 0.158156
vt 0.949553 0.116663
vt 0.919706 0.080294
vt 0.883337 0.050447
vt 0.841844 0.028269
vt 0.796822 0.014612
vt 0.750000 0.010000
vt 0.703178 0.014612
vt 0.658156 0.028269
vt 0.616663 0.050447
vt 0.580294 0.080294
vt 0.550447 0.116663
vt 0.528269 0.158156
vt 0.514611 0.203179
vt 0.510000 0.250000
vt 0.514612 0.296822
vt 0.528269 0.341844
vt 0.550447 0.383337
vt 0.580295 0.419706
vt 0.616663 0.449553
vt 0.658156 0.471731
vt 0.703179 0.485389
vt 0.031250 0.500000
vt 0.000000 0.500000
vt 0.062500 0.500000
vt 0.093750 0.500000
vt 0.125000 0.500000
vt 0.156250 0.500000
vt 0.187500 0.500000
vt 0.218750 0.500000
vt 0.250000 0.500000
vt 0.281250 0.500000
vt 0.312500 0.500000
vt 0.343750 0.500000
vt 0.375000 0.500000
vt 0.406250 0.500000
vt 0.437500 0.500000
vt 0.468750 0.500000
vt 0.500000 0.500000
vt 0.531250 0.500000
vt 0.562500 0.500000
vt 0.593750 0.500000
vt 0.625000 0.500000
vt 0.656250 0.500000
vt 0.687500 0.500000
vt 0.718750 0.500000
vt 0.750000 0.500000
vt 0.781250 0.500000
vt 0.812500 0.500000
vt 0.843750 0.500000
vt 0.875000 0.500000
vt 0.906250 0.500000
vt 0.937500 0.500000
vt 0.968750 0.500000
vt 1.000000 0.500000
vn 0.0000 -0.2665 -0.9638
vn 0.0000 -0.2862 -0.9582
vn 0.0641 -0.2843 -0.9566
vn 0.0895 -0.2655 -0.9599
vn 0.1319 -0.2782 -0.9514
vn 0.1850 -0.2615 -0.9473
vn 0.2078 -0.2660 -0.9413
vn 0.2850 -0.2528 -0.9246
vn 0.2969 -0.2434 -0.9233
vn 0.4221 -0.2376 -0.8748
vn 0.4050 -0.2017 -0.8918
vn 0.5769 -0.2109 -0.7891
vn 0.5330 -0.1245 -0.8369
vn 0.7617 -0.1695 -0.6254
vn 0.6632 0.0097 -0.7484
vn 0.9430 -0.1136 -0.3126
vn 0.7487 0.2047 -0.6304
vn 0.9948 -0.0327 0.0958
vn 0.7489 0.4221 -0.5108
vn 0.9078 0.0931 0.4088
vn 0.6737 0.6110 -0.4155
vn 0.7610 0.2091 0.6140
vn 0.5609 0.7502 -0.3501
vn 0.5996 0.2895 0.7460
vn 0.4391 0.8440 -0.3080
vn 0.4496 0.3399 0.8260
vn 0.3209 0.9042 -0.2818
vn 0.3219 0.3706 0.8712
vn 0.2093 0.9409 -0.2661
vn 0.2047 0.3891 0.8982
vn 0.1032 0.9607 -0.2578
vn 0.1008 0.3987 0.9115
vn 0.0000 0.9669 -0.2551
vn 0.0000 0.4020 0.9156
vn -0.1032 0.9607 -0.2578
vn -0.1008 0.3987 0.9115
vn -0.2093 0.9409 -0.2661
vn -0.2047 0.3891 0.8982
vn -0.3209 0.9042 -0.2818
vn -0.3219 0.3706 0.8712
vn -0.4391 0.8440 -0.3080
vn -0.4496 0.3399 0.8260
vn -0.5609 0.7502 -0.3501
vn -0.5996 0.2895 0.7460
vn -0.6737 0.6110 -0.4155
vn -0.7610 0.2091 0.6140
vn -0.7489 0.4221 -0.5108
vn -0.9078 0.0931 0.4088
vn -0.7487 0.2047 -0.6304
vn -0.9948 -0.0327 0.0958
vn -0.6632 0.0097 -0.7484
vn -0.9430 -0.1136 -0.3126
vn -0.5330 -0.1245 -0.8369
vn -0.7617 -0.1695 -0.6254
vn -0.4050 -0.2017 -0.8918
vn -0.5769 -0.2109 -0.7891
vn -0.2969 -0.2434 -0.9233
vn -0.4221 -0.2376 -0.8748
vn -0.2078 -0.2660 -0.9413
vn -0.2850 -0.2528 -0.9246
vn -0.1319 -0.2782 -0.9514
vn -0.1850 -0.2615 -0.9473
vn -0.0641 -0.2843 -0.9566
vn -0.0895 -0.2655 -0.9599
vn 0.0000 -0.4917 -0.8707
vn 0.0356 -0.4791 -0.8770
vn 0.0770 -0.4928 -0.8667
vn 0.1177 -0.4922 -0.8625
vn 0.1951 -0.4882 -0.8506
vn 0.2943 -0.5090 -0.8089
vn 0.4351 -0.5250 -0.7314
vn 0.6238 -0.5735 -0.5309
vn 0.7355 -0.6529 -0.1812
vn 0.6761 -0.7189 0.1611
vn 0.5394 -0.7566 0.3694
vn 0.4111 -0.7743 0.4811
vn 0.3016 -0.7839 0.5427
vn 0.2146 -0.7919 0.5717
vn 0.1365 -0.7887 0.5994
vn 0.0669 -0.7966 0.6008
vn 0.0000 -0.7900 0.6131
vn -0.0669 -0.7966 0.6008
vn -0.1365 -0.7887 0.5994
vn -0.2147 -0.7919 0.5717
vn -0.3016 -0.7839 0.5427
vn -0.4111 -0.7743 0.4811
vn -0.5394 -0.7566 0.3694
vn -0.6761 -0.7189 0.1611
vn -0.7355 -0.6529 -0.1812
vn -0.6238 -0.5735 -0.5309
vn -0.4351 -0.5250 -0.7314
vn -0.2943 -0.5090 -0.8089
vn -0.1951 -0.4882 -0.8506
vn -0.1177 -0.4922 -0.8625
vn -0.0770 -0.4928 -0.8667
vn -0.0356 -0.4791 -0.8770
usemtl None
s 1
f 5423/6173/2381 5360/6174/2382 5362/6175/2383 5424/6176/2384
f 5424/6176/2384 5362/6175/2383 5364/6177/2385 5425/6178/2386
f 5425/6178/2386 5364/6177/2385 5366/6179/2387 5426/6180/2388
f 5426/6180/2388 5366/6179/2387 5368/6181/2389 5427/6182/2390
f 5427/6182/2390 5368/6181/2389 5370/6183/2391 5428/6184/2392
f 5428/6184/2392 5370/6183/2391 5372/6185/2393 5429/6186/2394
f 5429/6186/2394 5372/6185/2393 5374/6187/2395 5430/6188/2396
f 5430/6188/2396 5374/6187/2395 5376/6189/2397 5431/6190/2398
f 5431/6190/2398 5376/6189/2397 5378/6191/2399 5432/6192/2400
f 5432/6192/2400 5378/6191/2399 5380/6193/2401 5433/6194/2402
f 5433/6194/2402 5380/6193/2401 5382/6195/2403 5434/6196/2404
f 5434/6196/2404 5382/6195/2403 5384/6197/2405 5435/6198/2406
f 5435/6198/2406 5384/6197/2405 5386/6199/2407 5436/6200/2408
f 5436/6200/2408 5386/6199/2407 5388/6201/2409 5437/6202/2410
f 5437/6202/2410 5388/6201/2409 5390/6203/2411 5438/6204/2412
f 5438/6204/2412 5390/6203/2411 5392/6205/2413 5439/6206/2414
f 5439/6206/2414 5392/6205/2413 5394/6207/2415 5440/6208/2416
f 5440/6208/2416 5394/6207/2415 5396/6209/2417 5441/6210/2418
f 5441/6210/2418 5396/6209/2417 5398/6211/2419 5442/6212/2420
f 5442/6212/2420 5398/6211/2419 5400/6213/2421 5443/6214/2422
f 5443/6214/2422 5400/6213/2421 5402/6215/2423 5444/6216/2424
f 5444/6216/2424 5402/6215/2423 5404/6217/2425 5445/6218/2426
f 5445/6218/2426 5404/6217/2425 5406/6219/2427 5446/6220/2428
f 5446/6220/2428 5406/6219/2427 5408/6221/2429 5447/6222/2430
f 5447/6222/2430 5408/6221/2429 5410/6223/2431 5448/6224/2432
f 5448/6224/2432 5410/6223/2431 5412/6225/2433 5449/6226/2434
f 5449/6226/2434 5412/6225/2433 5414/6227/2435 5450/6228/2436
f 5450/6228/2436 5414/6227/2435 5416/6229/2437 5451/6230/2438
f 5451/6230/2438 5416/6229/2437 5418/6231/2439 5452/6232/2440
f 5452/6232/2440 5418/6231/2439 5420/6233/2441 5453/6234/2442
f 5362/6235/2383 5360/6236/2382 5422/6237/2443 5420/6238/2441 5418/6239/2439 5416/6240/2437 5414/6241/2435 5412/6242/2433 5410/6243/2431 5408/6244/2429 5406/6245/2427 5404/6246/2425 5402/6247/2423 5400/6248/2421 5398/6249/2419 5396/6250/2417 5394/6251/2415 5392/6252/2413 5390/6253/2411 5388/6254/2409 5386/6255/2407 5384/6256/2405 5382/6257/2403 5380/6258/2401 5378/6259/2399 5376/6260/2397 5374/6261/2395 5372/6262/2393 5370/6263/2391 5368/6264/2389 5366/6265/2387 5364/6266/2385
f 5453/6234/2442 5420/6233/2441 5422/6267/2443 5454/6268/2444
f 5454/6268/2444 5422/6267/2443 5360/6269/2382 5423/6270/2381
f 5359/6271/2445 5361/6272/2446 5363/6273/2447 5365/6274/2448 5367/6275/2449 5369/6276/2450 5371/6277/2451 5373/6278/2452 5375/6279/2453 5377/6280/2454 5379/6281/2455 5381/6282/2456 5383/6283/2457 5385/6284/2458 5387/6285/2459 5389/6286/2460 5391/6287/2461 5393/6288/2462 5395/6289/2463 5397/6290/2464 5399/6291/2465 5401/6292/2466 5403/6293/2467 5405/6294/2468 5407/6295/2469 5409/6296/2470 5411/6297/2471 5413/6298/2472 5415/6299/2473 5417/6300/2474 5419/6301/2475 5421/6302/2476
f 5421/6303/2476 5454/6268/2444 5423/6270/2381 5359/6304/2445
f 5419/6305/2475 5453/6234/2442 5454/6268/2444 5421/6303/2476
f 5417/6306/2474 5452/6232/2440 5453/6234/2442 5419/6305/2475
f 5415/6307/2473 5451/6230/2438 5452/6232/2440 5417/6306/2474
f 5413/6308/2472 5450/6228/2436 5451/6230/2438 5415/6307/2473
f 5411/6309/2471 5449/6226/2434 5450/6228/2436 5413/6308/2472
f 5409/6310/2470 5448/6224/2432 5449/6226/2434 5411/6309/2471
f 5407/6311/2469 5447/6222/2430 5448/6224/2432 5409/6310/2470
f 5405/6312/2468 5446/6220/2428 5447/6222/2430 5407/6311/2469
f 5403/6313/2467 5445/6218/2426 5446/6220/2428 5405/6312/2468
f 5401/6314/2466 5444/6216/2424 5445/6218/2426 5403/6313/2467
f 5399/6315/2465 5443/6214/2422 5444/6216/2424 5401/6314/2466
f 5397/6316/2464 5442/6212/2420 5443/6214/2422 5399/6315/2465
f 5395/6317/2463 5441/6210/2418 5442/6212/2420 5397/6316/2464
f 5393/6318/2462 5440/6208/2416 5441/6210/2418 5395/6317/2463
f 5391/6319/2461 5439/6206/2414 5440/6208/2416 5393/6318/2462
f 5389/6320/2460 5438/6204/2412 5439/6206/2414 5391/6319/2461
f 5387/6321/2459 5437/6202/2410 5438/6204/2412 5389/6320/2460
f 5385/6322/2458 5436/6200/2408 5437/6202/2410 5387/6321/2459
f 5383/6323/2457 5435/6198/2406 5436/6200/2408 5385/6322/2458
f 5381/6324/2456 5434/6196/2404 5435/6198/2406 5383/6323/2457
f 5379/6325/2455 5433/6194/2402 5434/6196/2404 5381/6324/2456
f 5377/6326/2454 5432/6192/2400 5433/6194/2402 5379/6325/2455
f 5375/6327/2453 5431/6190/2398 5432/6192/2400 5377/6326/2454
f 5373/6328/2452 5430/6188/2396 5431/6190/2398 5375/6327/2453
f 5371/6329/2451 5429/6186/2394 5430/6188/2396 5373/6328/2452
f 5369/6330/2450 5428/6184/2392 5429/6186/2394 5371/6329/2451
f 5367/6331/2449 5427/6182/2390 5428/6184/2392 5369/6330/2450
f 5365/6332/2448 5426/6180/2388 5427/6182/2390 5367/6331/2449
f 5363/6333/2447 5425/6178/2386 5426/6180/2388 5365/6332/2448
f 5361/6334/2446 5424/6176/2384 5425/6178/2386 5363/6333/2447
f 5359/6335/2445 5423/6173/2381 5424/6176/2384 5361/6334/2446
o Cylinder_Cylinder.009
v 0.604006 1.060410 -0.748262
v 0.604006 1.060410 -0.796018
v 0.599347 1.060869 -0.748262
v 0.599347 1.060869 -0.796018
v 0.594868 1.062227 -0.748262
v 0.594868 1.062227 -0.796018
v 0.590740 1.064434 -0.748262
v 0.590740 1.064434 -0.796018
v 0.587122 1.067403 -0.748262
v 0.587122 1.067403 -0.796018
v 0.584152 1.071022 -0.748262
v 0.584152 1.071022 -0.796018
v 0.581946 1.075150 -0.748262
v 0.581946 1.075150 -0.796018
v 0.580587 1.079629 -0.748262
v 0.580587 1.079629 -0.796018
v 0.580128 1.084287 -0.748262
v 0.580128 1.084287 -0.796018
v 0.580587 1.088946 -0.748262
v 0.580587 1.088946 -0.796018
v 0.581946 1.093425 -0.748262
v 0.581946 1.093425 -0.796018
v 0.584152 1.097553 -0.748262
v 0.584152 1.097553 -0.796018
v 0.587122 1.101171 -0.748262
v 0.587122 1.101171 -0.796018
v 0.590740 1.104141 -0.748262
v 0.590740 1.104141 -0.796018
v 0.594868 1.106347 -0.748262
v 0.594868 1.106347 -0.796018
v 0.599347 1.107706 -0.748262
v 0.599347 1.107706 -0.796018
v 0.604006 1.108165 -0.748262
v 0.604006 1.108165 -0.796018
v 0.608664 1.107706 -0.748262
v 0.608664 1.107706 -0.796018
v 0.613143 1.106347 -0.748262
v 0.613143 1.106347 -0.796018
v 0.617271 1.104141 -0.748262
v 0.617271 1.104141 -0.796018
v 0.620890 1.101171 -0.748262
v 0.620890 1.101171 -0.796018
v 0.623859 1.097553 -0.748262
v 0.623859 1.097553 -0.796018
v 0.626066 1.093425 -0.748262
v 0.626066 1.093425 -0.796018
v 0.627425 1.088946 -0.748262
v 0.627425 1.088946 -0.796018
v 0.627883 1.084287 -0.748262
v 0.627883 1.084287 -0.796018
v 0.627424 1.079629 -0.748262
v 0.627424 1.079629 -0.796018
v 0.626066 1.075150 -0.748262
v 0.626066 1.075150 -0.796018
v 0.623859 1.071022 -0.748262
v 0.623859 1.071022 -0.796018
v 0.620890 1.067403 -0.748262
v 0.620890 1.067403 -0.796018
v 0.617271 1.064434 -0.748262
v 0.617271 1.064434 -0.796018
v 0.613143 1.062227 -0.748262
v 0.613143 1.062227 -0.796018
v 0.608664 1.060869 -0.748262
v 0.608664 1.060869 -0.796018
vt 1.000000 0.500000
vt 0.968750 0.500000
vt 0.968750 1.000000
vt 1.000000 1.000000
vt 0.937500 0.500000
vt 0.937500 1.000000
vt 0.906250 0.500000
vt 0.906250 1.000000
vt 0.875000 0.500000
vt 0.875000 1.000000
vt 0.843750 0.500000
vt 0.843750 1.000000
vt 0.812500 0.500000
vt 0.812500 1.000000
vt 0.781250 0.500000
vt 0.781250 1.000000
vt 0.750000 0.500000
vt 0.750000 1.000000
vt 0.718750 0.500000
vt 0.718750 1.000000
vt 0.687500 0.500000
vt 0.687500 1.000000
vt 0.656250 0.500000
vt 0.656250 1.000000
vt 0.625000 0.500000
vt 0.625000 1.000000
vt 0.593750 0.500000
vt 0.593750 1.000000
vt 0.562500 0.500000
vt 0.562500 1.000000
vt 0.531250 0.500000
vt 0.531250 1.000000
vt 0.500000 0.500000
vt 0.500000 1.000000
vt 0.468750 0.500000
vt 0.468750 1.000000
vt 0.437500 0.500000
vt 0.437500 1.000000
vt 0.406250 0.500000
vt 0.406250 1.000000
vt 0.375000 0.500000
vt 0.375000 1.000000
vt 0.343750 0.500000
vt 0.343750 1.000000
vt 0.312500 0.500000
vt 0.312500 1.000000
vt 0.281250 0.500000
vt 0.281250 1.000000
vt 0.250000 0.500000
vt 0.250000 1.000000
vt 0.218750 0.500000
vt 0.218750 1.000000
vt 0.187500 0.500000
vt 0.187500 1.000000
vt 0.156250 0.500000
vt 0.156250 1.000000
vt 0.125000 0.500000
vt 0.125000 1.000000
vt 0.093750 0.500000
vt 0.093750 1.000000
vt 0.062500 0.500000
vt 0.062500 1.000000
vt 0.296822 0.485388
vt 0.341844 0.471731
vt 0.383337 0.449553
vt 0.419706 0.419706
vt 0.449553 0.383337
vt 0.471731 0.341844
vt 0.485388 0.296822
vt 0.490000 0.250000
vt 0.485388 0.203178
vt 0.471731 0.158156
vt 0.449553 0.116663
vt 0.419706 0.080294
vt 0.383337 0.050447
vt 0.341844 0.028269
vt 0.296822 0.014612
vt 0.250000 0.010000
vt 0.203178 0.014612
vt 0.158156 0.028269
vt 0.116663 0.050447
vt 0.080294 0.080294
vt 0.050447 0.116663
vt 0.028269 0.158156
vt 0.014611 0.203179
vt 0.010000 0.250000
vt 0.014612 0.296822
vt 0.028269 0.341844
vt 0.050447 0.383337
vt 0.080295 0.419706
vt 0.116663 0.449553
vt 0.158156 0.471731
vt 0.203179 0.485389
vt 0.250000 0.490000
vt 0.031250 0.500000
vt 0.031250 1.000000
vt 0.000000 0.500000
vt 0.000000 1.000000
vt 0.750000 0.490000
vt 0.703179 0.485389
vt 0.658156 0.471731
vt 0.616663 0.449553
vt 0.580295 0.419706
vt 0.550447 0.383337
vt 0.528269 0.341844
vt 0.514612 0.296822
vt 0.510000 0.250000
vt 0.514611 0.203179
vt 0.528269 0.158156
vt 0.550447 0.116663
vt 0.580294 0.080294
vt 0.616663 0.050447
vt 0.658156 0.028269
vt 0.703178 0.014612
vt 0.750000 0.010000
vt 0.796822 0.014612
vt 0.841844 0.028269
vt 0.883337 0.050447
vt 0.919706 0.080294
vt 0.949553 0.116663
vt 0.971731 0.158156
vt 0.985388 0.203178
vt 0.990000 0.250000
vt 0.985388 0.296822
vt 0.971731 0.341844
vt 0.949553 0.383337
vt 0.919706 0.419706
vt 0.883337 0.449553
vt 0.841844 0.471731
vt 0.796822 0.485388
vn -0.0980 -0.9952 0.0000
vn -0.2903 -0.9569 0.0000
vn -0.4714 -0.8819 0.0000
vn -0.6344 -0.7730 0.0000
vn -0.7730 -0.6344 0.0000
vn -0.8819 -0.4714 0.0000
vn -0.9569 -0.2903 0.0000
vn -0.9952 -0.0980 0.0000
vn -0.9952 0.0980 0.0000
vn -0.9569 0.2903 0.0000
vn -0.8819 0.4714 0.0000
vn -0.7730 0.6344 0.0000
vn -0.6344 0.7730 0.0000
vn -0.4714 0.8819 0.0000
vn -0.2903 0.9569 0.0000
vn -0.0980 0.9952 0.0000
vn 0.0980 0.9952 0.0000
vn 0.2903 0.9569 0.0000
vn 0.4714 0.8819 0.0000
vn 0.6344 0.7730 0.0000
vn 0.7730 0.6344 0.0000
vn 0.8819 0.4714 0.0000
vn 0.9569 0.2903 0.0000
vn 0.9952 0.0980 0.0000
vn 0.9952 -0.0980 0.0000
vn 0.9569 -0.2903 0.0000
vn 0.8819 -0.4714 0.0000
vn 0.7730 -0.6344 0.0000
vn 0.6344 -0.7730 -0.0000
vn 0.4714 -0.8819 0.0000
vn 0.0000 0.0000 -1.0000
vn 0.2903 -0.9569 0.0000
vn 0.0980 -0.9952 0.0000
vn -0.0000 0.0000 1.0000
usemtl None
s off
f 5455/6336/2477 5457/6337/2477 5458/6338/2477 5456/6339/2477
f 5457/6337/2478 5459/6340/2478 5460/6341/2478 5458/6338/2478
f 5459/6340/2479 5461/6342/2479 5462/6343/2479 5460/6341/2479
f 5461/6342/2480 5463/6344/2480 5464/6345/2480 5462/6343/2480
f 5463/6344/2481 5465/6346/2481 5466/6347/2481 5464/6345/2481
f 5465/6346/2482 5467/6348/2482 5468/6349/2482 5466/6347/2482
f 5467/6348/2483 5469/6350/2483 5470/6351/2483 5468/6349/2483
f 5469/6350/2484 5471/6352/2484 5472/6353/2484 5470/6351/2484
f 5471/6352/2485 5473/6354/2485 5474/6355/2485 5472/6353/2485
f 5473/6354/2486 5475/6356/2486 5476/6357/2486 5474/6355/2486
f 5475/6356/2487 5477/6358/2487 5478/6359/2487 5476/6357/2487
f 5477/6358/2488 5479/6360/2488 5480/6361/2488 5478/6359/2488
f 5479/6360/2489 5481/6362/2489 5482/6363/2489 5480/6361/2489
f 5481/6362/2490 5483/6364/2490 5484/6365/2490 5482/6363/2490
f 5483/6364/2491 5485/6366/2491 5486/6367/2491 5484/6365/2491
f 5485/6366/2492 5487/6368/2492 5488/6369/2492 5486/6367/2492
f 5487/6368/2493 5489/6370/2493 5490/6371/2493 5488/6369/2493
f 5489/6370/2494 5491/6372/2494 5492/6373/2494 5490/6371/2494
f 5491/6372/2495 5493/6374/2495 5494/6375/2495 5492/6373/2495
f 5493/6374/2496 5495/6376/2496 5496/6377/2496 5494/6375/2496
f 5495/6376/2497 5497/6378/2497 5498/6379/2497 5496/6377/2497
f 5497/6378/2498 5499/6380/2498 5500/6381/2498 5498/6379/2498
f 5499/6380/2499 5501/6382/2499 5502/6383/2499 5500/6381/2499
f 5501/6382/2500 5503/6384/2500 5504/6385/2500 5502/6383/2500
f 5503/6384/2501 5505/6386/2501 5506/6387/2501 5504/6385/2501
f 5505/6386/2502 5507/6388/2502 5508/6389/2502 5506/6387/2502
f 5507/6388/2503 5509/6390/2503 5510/6391/2503 5508/6389/2503
f 5509/6390/2504 5511/6392/2504 5512/6393/2504 5510/6391/2504
f 5511/6392/2505 5513/6394/2505 5514/6395/2505 5512/6393/2505
f 5513/6394/2506 5515/6396/2506 5516/6397/2506 5514/6395/2506
f 5458/6398/2507 5460/6399/2507 5462/6400/2507 5464/6401/2507 5466/6402/2507 5468/6403/2507 5470/6404/2507 5472/6405/2507 5474/6406/2507 5476/6407/2507 5478/6408/2507 5480/6409/2507 5482/6410/2507 5484/6411/2507 5486/6412/2507 5488/6413/2507 5490/6414/2507 5492/6415/2507 5494/6416/2507 5496/6417/2507 5498/6418/2507 5500/6419/2507 5502/6420/2507 5504/6421/2507 5506/6422/2507 5508/6423/2507 5510/6424/2507 5512/6425/2507 5514/6426/2507 5516/6427/2507 5518/6428/2507 5456/6429/2507
f 5515/6396/2508 5517/6430/2508 5518/6431/2508 5516/6397/2508
f 5517/6430/2509 5455/6432/2509 5456/6433/2509 5518/6431/2509
f 5455/6434/2510 5517/6435/2510 5515/6436/2510 5513/6437/2510 5511/6438/2510 5509/6439/2510 5507/6440/2510 5505/6441/2510 5503/6442/2510 5501/6443/2510 5499/6444/2510 5497/6445/2510 5495/6446/2510 5493/6447/2510 5491/6448/2510 5489/6449/2510 5487/6450/2510 5485/6451/2510 5483/6452/2510 5481/6453/2510 5479/6454/2510 5477/6455/2510 5475/6456/2510 5473/6457/2510 5471/6458/2510 5469/6459/2510 5467/6460/2510 5465/6461/2510 5463/6462/2510 5461/6463/2510 5459/6464/2510 5457/6465/2510
